"barcode","cell_type","spot_class"
"s_008um_00090_00666-1","PT","singlet"
"s_008um_00054_00661-1","PT","singlet"
"s_008um_00002_00674-1","PT","singlet"
"s_008um_00019_00707-1","FIB","singlet"
"s_008um_00049_00662-1","PC","singlet"
"s_008um_00085_00691-1","PT","singlet"
"s_008um_00034_00693-1","Unknown","doublet_uncertain"
"s_008um_00099_00693-1","PT","singlet"
"s_008um_00028_00678-1","EC","singlet"
"s_008um_00042_00687-1","Podo","singlet"
"s_008um_00117_00660-1","Unknown","reject"
"s_008um_00119_00651-1","PT","singlet"
"s_008um_00057_00719-1","VSM/P","singlet"
"s_008um_00073_00686-1","B_PL","singlet"
"s_008um_00042_00677-1","EC","singlet"
"s_008um_00042_00688-1","Unknown","doublet_uncertain"
"s_008um_00024_00668-1","Unknown","reject"
"s_008um_00116_00641-1","EC","singlet"
"s_008um_00026_00707-1","EC","singlet"
"s_008um_00081_00680-1","Unknown","reject"
"s_008um_00114_00678-1","EC","doublet_certain"
"s_008um_00013_00709-1","EC","doublet_certain"
"s_008um_00038_00701-1","IC","singlet"
"s_008um_00073_00665-1","PT","singlet"
"s_008um_00018_00701-1","EC","doublet_certain"
"s_008um_00103_00695-1","Unknown","reject"
"s_008um_00060_00662-1","FIB","singlet"
"s_008um_00096_00659-1","PT","singlet"
"s_008um_00084_00710-1","Unknown","reject"
"s_008um_00031_00713-1","PT","singlet"
"s_008um_00119_00653-1","PT","singlet"
"s_008um_00046_00715-1","VSM/P","singlet"
"s_008um_00005_00715-1","Podo","singlet"
"s_008um_00085_00657-1","PT","singlet"
"s_008um_00012_00702-1","EC","singlet"
"s_008um_00100_00650-1","PT","singlet"
"s_008um_00107_00668-1","FIB","singlet"
"s_008um_00044_00662-1","PC","singlet"
"s_008um_00077_00709-1","PT","singlet"
"s_008um_00062_00688-1","PT","singlet"
"s_008um_00070_00663-1","PT","singlet"
"s_008um_00028_00697-1","Podo","singlet"
"s_008um_00032_00676-1","VSM/P","singlet"
"s_008um_00002_00664-1","EC","doublet_certain"
"s_008um_00042_00663-1","PC","singlet"
"s_008um_00019_00686-1","IC","singlet"
"s_008um_00022_00710-1","EC","singlet"
"s_008um_00040_00672-1","EC","singlet"
"s_008um_00073_00705-1","PT","singlet"
"s_008um_00022_00662-1","PT","singlet"
"s_008um_00028_00718-1","IC","singlet"
"s_008um_00097_00681-1","TAL","singlet"
"s_008um_00041_00715-1","PT","singlet"
"s_008um_00069_00667-1","PT","singlet"
"s_008um_00108_00669-1","Podo","singlet"
"s_008um_00031_00659-1","PT","singlet"
"s_008um_00007_00692-1","Podo","singlet"
"s_008um_00051_00660-1","PT","singlet"
"s_008um_00071_00655-1","PT","singlet"
"s_008um_00081_00703-1","PT","singlet"
"s_008um_00052_00660-1","PT","doublet_certain"
"s_008um_00024_00676-1","PT","singlet"
"s_008um_00092_00656-1","PT","singlet"
"s_008um_00061_00668-1","PT","singlet"
"s_008um_00030_00685-1","Podo","singlet"
"s_008um_00127_00690-1","PT","singlet"
"s_008um_00083_00697-1","PT","singlet"
"s_008um_00062_00679-1","PC","singlet"
"s_008um_00111_00684-1","Podo","singlet"
"s_008um_00023_00714-1","Podo","singlet"
"s_008um_00096_00651-1","PT","singlet"
"s_008um_00034_00692-1","EC","doublet_certain"
"s_008um_00057_00673-1","PEC","singlet"
"s_008um_00075_00706-1","Unknown","reject"
"s_008um_00119_00661-1","Unknown","reject"
"s_008um_00067_00651-1","DCT","singlet"
"s_008um_00080_00712-1","DCT","singlet"
"s_008um_00054_00690-1","PT","singlet"
"s_008um_00057_00709-1","PT","singlet"
"s_008um_00007_00715-1","Podo","singlet"
"s_008um_00061_00684-1","IC","singlet"
"s_008um_00003_00673-1","PT","singlet"
"s_008um_00072_00706-1","PT","singlet"
"s_008um_00100_00676-1","PT","singlet"
"s_008um_00033_00715-1","PT","singlet"
"s_008um_00067_00692-1","FIB","singlet"
"s_008um_00095_00684-1","TAL","singlet"
"s_008um_00038_00694-1","Unknown","reject"
"s_008um_00074_00666-1","PT","singlet"
"s_008um_00000_00677-1","PT","singlet"
"s_008um_00039_00710-1","Unknown","reject"
"s_008um_00041_00670-1","VSM/P","singlet"
"s_008um_00013_00674-1","PT","singlet"
"s_008um_00009_00677-1","PT","singlet"
"s_008um_00038_00707-1","DCT","doublet_certain"
"s_008um_00048_00683-1","EC","doublet_certain"
"s_008um_00056_00665-1","VSM/P","singlet"
"s_008um_00069_00713-1","Unknown","doublet_uncertain"
"s_008um_00062_00692-1","PT","singlet"
"s_008um_00096_00706-1","EC","singlet"
"s_008um_00018_00667-1","PT","singlet"
"s_008um_00106_00695-1","Unknown","reject"
"s_008um_00090_00672-1","Unknown","reject"
"s_008um_00101_00673-1","PT","singlet"
"s_008um_00035_00717-1","PT","singlet"
"s_008um_00049_00710-1","FIB","singlet"
"s_008um_00104_00667-1","Unknown","reject"
"s_008um_00043_00695-1","Unknown","doublet_uncertain"
"s_008um_00055_00654-1","TAL","singlet"
"s_008um_00069_00677-1","DCT","singlet"
"s_008um_00047_00707-1","PT","singlet"
"s_008um_00062_00686-1","Unknown","doublet_uncertain"
"s_008um_00057_00666-1","VSM/P","singlet"
"s_008um_00076_00667-1","PT","singlet"
"s_008um_00085_00654-1","PT","singlet"
"s_008um_00105_00674-1","Podo","singlet"
"s_008um_00127_00691-1","PT","singlet"
"s_008um_00016_00675-1","Unknown","doublet_uncertain"
"s_008um_00115_00639-1","Unknown","reject"
"s_008um_00018_00656-1","PT","singlet"
"s_008um_00037_00701-1","IC","singlet"
"s_008um_00028_00663-1","PT","singlet"
"s_008um_00075_00659-1","PT","singlet"
"s_008um_00112_00650-1","PT","singlet"
"s_008um_00007_00708-1","Podo","singlet"
"s_008um_00084_00707-1","Unknown","reject"
"s_008um_00023_00715-1","Unknown","doublet_uncertain"
"s_008um_00034_00655-1","PT","singlet"
"s_008um_00059_00650-1","Unknown","reject"
"s_008um_00055_00697-1","Mono_Mac","doublet_certain"
"s_008um_00028_00711-1","EC","singlet"
"s_008um_00126_00699-1","PT","singlet"
"s_008um_00087_00698-1","Unknown","reject"
"s_008um_00015_00655-1","PT","singlet"
"s_008um_00002_00714-1","PEC","singlet"
"s_008um_00037_00660-1","PT","singlet"
"s_008um_00096_00665-1","PT","singlet"
"s_008um_00060_00716-1","VSM/P","singlet"
"s_008um_00090_00682-1","Unknown","reject"
"s_008um_00054_00714-1","VSM/P","singlet"
"s_008um_00002_00669-1","PT","singlet"
"s_008um_00035_00685-1","EC","doublet_certain"
"s_008um_00111_00645-1","EC","singlet"
"s_008um_00024_00686-1","IC","singlet"
"s_008um_00050_00679-1","Podo","singlet"
"s_008um_00033_00689-1","Podo","singlet"
"s_008um_00109_00650-1","PT","singlet"
"s_008um_00002_00715-1","Unknown","reject"
"s_008um_00116_00702-1","EC","singlet"
"s_008um_00055_00678-1","Podo","singlet"
"s_008um_00059_00717-1","Unknown","reject"
"s_008um_00060_00686-1","IC","singlet"
"s_008um_00095_00671-1","EC","singlet"
"s_008um_00014_00657-1","EC","singlet"
"s_008um_00127_00677-1","B_PL","singlet"
"s_008um_00039_00711-1","PT","singlet"
"s_008um_00017_00689-1","Podo","doublet_certain"
"s_008um_00048_00704-1","PT","singlet"
"s_008um_00063_00706-1","FIB","singlet"
"s_008um_00005_00710-1","Podo","doublet_certain"
"s_008um_00054_00708-1","PT","singlet"
"s_008um_00073_00695-1","FIB","singlet"
"s_008um_00058_00715-1","VSM/P","singlet"
"s_008um_00080_00704-1","PT","singlet"
"s_008um_00102_00648-1","PT","singlet"
"s_008um_00038_00672-1","EC","singlet"
"s_008um_00021_00686-1","IC","singlet"
"s_008um_00068_00706-1","FIB","doublet_certain"
"s_008um_00030_00678-1","Unknown","doublet_uncertain"
"s_008um_00066_00713-1","EC","singlet"
"s_008um_00014_00705-1","EC","doublet_certain"
"s_008um_00030_00651-1","ATL","singlet"
"s_008um_00123_00646-1","PT","singlet"
"s_008um_00123_00650-1","Mono_Mac","singlet"
"s_008um_00030_00667-1","PT","singlet"
"s_008um_00030_00652-1","Unknown","reject"
"s_008um_00074_00669-1","PT","singlet"
"s_008um_00011_00721-1","Unknown","doublet_uncertain"
"s_008um_00117_00676-1","Podo","doublet_certain"
"s_008um_00106_00645-1","FIB","doublet_certain"
"s_008um_00013_00697-1","Podo","doublet_certain"
"s_008um_00048_00676-1","Podo","singlet"
"s_008um_00004_00713-1","Podo","singlet"
"s_008um_00023_00679-1","DCT","singlet"
"s_008um_00006_00675-1","Unknown","reject"
"s_008um_00109_00677-1","EC","singlet"
"s_008um_00054_00683-1","Podo","singlet"
"s_008um_00002_00663-1","EC","singlet"
"s_008um_00096_00681-1","TAL","singlet"
"s_008um_00055_00670-1","FIB","singlet"
"s_008um_00059_00677-1","EC","doublet_certain"
"s_008um_00022_00661-1","EC","singlet"
"s_008um_00031_00655-1","PT","singlet"
"s_008um_00108_00699-1","EC","singlet"
"s_008um_00098_00691-1","PT","singlet"
"s_008um_00056_00679-1","Podo","singlet"
"s_008um_00111_00697-1","EC","singlet"
"s_008um_00037_00695-1","IC","singlet"
"s_008um_00082_00703-1","PT","singlet"
"s_008um_00093_00677-1","PT","singlet"
"s_008um_00086_00703-1","EC","singlet"
"s_008um_00057_00656-1","Unknown","reject"
"s_008um_00127_00689-1","PT","singlet"
"s_008um_00112_00706-1","B_PL","singlet"
"s_008um_00079_00680-1","EC","singlet"
"s_008um_00074_00676-1","DCT","singlet"
"s_008um_00037_00691-1","Podo","singlet"
"s_008um_00123_00687-1","PT","singlet"
"s_008um_00115_00683-1","Podo","doublet_certain"
"s_008um_00043_00715-1","Unknown","doublet_uncertain"
"s_008um_00054_00696-1","PT","singlet"
"s_008um_00071_00714-1","PT","singlet"
"s_008um_00098_00658-1","Unknown","reject"
"s_008um_00010_00701-1","EC","doublet_certain"
"s_008um_00011_00695-1","EC","singlet"
"s_008um_00042_00711-1","PT","singlet"
"s_008um_00057_00676-1","PEC","singlet"
"s_008um_00013_00694-1","Podo","doublet_certain"
"s_008um_00033_00687-1","Podo","singlet"
"s_008um_00087_00664-1","PT","singlet"
"s_008um_00103_00693-1","PT","singlet"
"s_008um_00045_00650-1","TAL","singlet"
"s_008um_00076_00700-1","Unknown","doublet_uncertain"
"s_008um_00014_00670-1","PT","singlet"
"s_008um_00083_00654-1","PT","singlet"
"s_008um_00047_00658-1","Unknown","reject"
"s_008um_00016_00701-1","EC","singlet"
"s_008um_00011_00665-1","PT","singlet"
"s_008um_00020_00689-1","Podo","singlet"
"s_008um_00042_00705-1","DCT","doublet_certain"
"s_008um_00013_00682-1","DCT","singlet"
"s_008um_00088_00655-1","Unknown","doublet_uncertain"
"s_008um_00110_00650-1","PT","singlet"
"s_008um_00008_00695-1","EC","doublet_certain"
"s_008um_00110_00665-1","FIB","singlet"
"s_008um_00045_00654-1","PT","singlet"
"s_008um_00056_00716-1","VSM/P","singlet"
"s_008um_00081_00693-1","EC","singlet"
"s_008um_00095_00713-1","EC","singlet"
"s_008um_00118_00688-1","PT","singlet"
"s_008um_00048_00673-1","EC","singlet"
"s_008um_00092_00692-1","Unknown","doublet_uncertain"
"s_008um_00064_00679-1","Unknown","reject"
"s_008um_00037_00683-1","EC","doublet_certain"
"s_008um_00002_00659-1","PT","singlet"
"s_008um_00065_00704-1","PT","singlet"
"s_008um_00110_00690-1","PT","singlet"
"s_008um_00003_00687-1","DCT","singlet"
"s_008um_00057_00688-1","Unknown","doublet_uncertain"
"s_008um_00000_00661-1","PT","singlet"
"s_008um_00052_00667-1","Unknown","doublet_uncertain"
"s_008um_00046_00686-1","EC","doublet_certain"
"s_008um_00104_00652-1","PT","singlet"
"s_008um_00045_00664-1","PC","singlet"
"s_008um_00095_00705-1","EC","singlet"
"s_008um_00052_00685-1","Podo","singlet"
"s_008um_00106_00709-1","EC","singlet"
"s_008um_00030_00683-1","Podo","singlet"
"s_008um_00019_00672-1","PT","singlet"
"s_008um_00069_00710-1","PT","singlet"
"s_008um_00015_00700-1","EC","singlet"
"s_008um_00112_00688-1","Unknown","reject"
"s_008um_00007_00677-1","DCT","singlet"
"s_008um_00029_00668-1","PT","singlet"
"s_008um_00049_00674-1","EC","singlet"
"s_008um_00111_00659-1","EC","singlet"
"s_008um_00047_00678-1","Podo","singlet"
"s_008um_00082_00665-1","PT","singlet"
"s_008um_00042_00719-1","VSM/P","singlet"
"s_008um_00018_00671-1","PT","singlet"
"s_008um_00058_00649-1","IC","singlet"
"s_008um_00059_00710-1","PT","singlet"
"s_008um_00025_00687-1","IC","singlet"
"s_008um_00126_00671-1","Unknown","reject"
"s_008um_00031_00684-1","Unknown","doublet_uncertain"
"s_008um_00068_00688-1","PT","singlet"
"s_008um_00103_00679-1","Unknown","reject"
"s_008um_00111_00664-1","Unknown","reject"
"s_008um_00103_00690-1","PT","doublet_certain"
"s_008um_00072_00649-1","EC","singlet"
"s_008um_00060_00707-1","Unknown","reject"
"s_008um_00012_00710-1","EC","doublet_certain"
"s_008um_00034_00657-1","PT","singlet"
"s_008um_00060_00655-1","EC","singlet"
"s_008um_00028_00673-1","PT","singlet"
"s_008um_00048_00662-1","PC","singlet"
"s_008um_00018_00716-1","Podo","doublet_certain"
"s_008um_00045_00655-1","Unknown","reject"
"s_008um_00024_00687-1","IC","singlet"
"s_008um_00092_00670-1","Unknown","reject"
"s_008um_00038_00659-1","PT","singlet"
"s_008um_00046_00673-1","EC","singlet"
"s_008um_00088_00651-1","PT","singlet"
"s_008um_00001_00712-1","PT","singlet"
"s_008um_00097_00704-1","EC","singlet"
"s_008um_00107_00689-1","PT","singlet"
"s_008um_00028_00706-1","Unknown","reject"
"s_008um_00112_00683-1","Unknown","doublet_uncertain"
"s_008um_00097_00648-1","PT","singlet"
"s_008um_00109_00644-1","Unknown","reject"
"s_008um_00049_00679-1","Podo","doublet_certain"
"s_008um_00039_00654-1","PC","singlet"
"s_008um_00094_00658-1","PT","singlet"
"s_008um_00105_00686-1","Podo","singlet"
"s_008um_00029_00674-1","FIB","singlet"
"s_008um_00127_00667-1","EC","singlet"
"s_008um_00039_00649-1","Unknown","reject"
"s_008um_00104_00689-1","PT","singlet"
"s_008um_00002_00671-1","PT","singlet"
"s_008um_00093_00653-1","PT","singlet"
"s_008um_00042_00656-1","IC","singlet"
"s_008um_00122_00697-1","Unknown","reject"
"s_008um_00096_00678-1","PT","singlet"
"s_008um_00056_00660-1","PT","singlet"
"s_008um_00001_00692-1","FIB","singlet"
"s_008um_00045_00672-1","EC","doublet_certain"
"s_008um_00008_00678-1","DCT","singlet"
"s_008um_00114_00681-1","EC","doublet_certain"
"s_008um_00047_00690-1","Podo","singlet"
"s_008um_00107_00677-1","EC","singlet"
"s_008um_00110_00676-1","Podo","doublet_certain"
"s_008um_00107_00671-1","Podo","singlet"
"s_008um_00043_00703-1","DCT","singlet"
"s_008um_00126_00660-1","PT","singlet"
"s_008um_00020_00719-1","Unknown","reject"
"s_008um_00037_00658-1","PT","singlet"
"s_008um_00038_00697-1","Unknown","reject"
"s_008um_00096_00682-1","TAL","singlet"
"s_008um_00070_00702-1","PT","singlet"
"s_008um_00035_00708-1","PT","singlet"
"s_008um_00060_00700-1","IC","singlet"
"s_008um_00009_00666-1","PT","singlet"
"s_008um_00086_00702-1","Unknown","reject"
"s_008um_00095_00700-1","Podo","singlet"
"s_008um_00017_00673-1","PT","singlet"
"s_008um_00001_00672-1","PT","singlet"
"s_008um_00064_00681-1","PC","singlet"
"s_008um_00072_00668-1","PT","singlet"
"s_008um_00123_00655-1","Unknown","reject"
"s_008um_00058_00714-1","PT","doublet_certain"
"s_008um_00058_00718-1","VSM/P","singlet"
"s_008um_00055_00710-1","Unknown","reject"
"s_008um_00061_00702-1","Unknown","doublet_uncertain"
"s_008um_00047_00705-1","PT","singlet"
"s_008um_00004_00704-1","EC","singlet"
"s_008um_00065_00681-1","Unknown","reject"
"s_008um_00094_00651-1","PT","singlet"
"s_008um_00091_00702-1","EC","singlet"
"s_008um_00038_00682-1","Podo","singlet"
"s_008um_00127_00645-1","PT","singlet"
"s_008um_00004_00681-1","DCT","singlet"
"s_008um_00087_00684-1","Unknown","reject"
"s_008um_00038_00656-1","EC","singlet"
"s_008um_00116_00696-1","FIB","singlet"
"s_008um_00064_00683-1","Unknown","reject"
"s_008um_00112_00654-1","Unknown","reject"
"s_008um_00054_00703-1","IC","doublet_certain"
"s_008um_00107_00690-1","PT","singlet"
"s_008um_00073_00697-1","Unknown","doublet_uncertain"
"s_008um_00114_00656-1","Unknown","reject"
"s_008um_00101_00658-1","EC","singlet"
"s_008um_00098_00682-1","VSM/P","singlet"
"s_008um_00039_00694-1","Unknown","doublet_uncertain"
"s_008um_00114_00677-1","EC","singlet"
"s_008um_00045_00670-1","Podo","singlet"
"s_008um_00015_00690-1","Podo","doublet_certain"
"s_008um_00109_00685-1","Podo","singlet"
"s_008um_00120_00655-1","PT","singlet"
"s_008um_00015_00671-1","PT","singlet"
"s_008um_00060_00693-1","PT","singlet"
"s_008um_00023_00702-1","EC","singlet"
"s_008um_00070_00672-1","DCT","singlet"
"s_008um_00094_00645-1","PT","singlet"
"s_008um_00115_00666-1","T_NK","singlet"
"s_008um_00053_00655-1","PT","singlet"
"s_008um_00020_00656-1","PT","singlet"
"s_008um_00029_00652-1","PT","singlet"
"s_008um_00042_00661-1","PC","singlet"
"s_008um_00105_00706-1","EC","singlet"
"s_008um_00081_00711-1","DCT","singlet"
"s_008um_00083_00694-1","FIB","singlet"
"s_008um_00065_00700-1","Unknown","reject"
"s_008um_00103_00665-1","PT","singlet"
"s_008um_00001_00709-1","Podo","singlet"
"s_008um_00066_00676-1","DCT","singlet"
"s_008um_00117_00655-1","PT","singlet"
"s_008um_00028_00696-1","Podo","singlet"
"s_008um_00022_00657-1","EC","singlet"
"s_008um_00079_00685-1","PT","singlet"
"s_008um_00057_00683-1","B_PL","singlet"
"s_008um_00075_00708-1","PT","singlet"
"s_008um_00030_00708-1","Unknown","reject"
"s_008um_00008_00715-1","Podo","singlet"
"s_008um_00125_00698-1","PT","singlet"
"s_008um_00049_00665-1","Unknown","doublet_uncertain"
"s_008um_00039_00703-1","IC","singlet"
"s_008um_00094_00713-1","EC","singlet"
"s_008um_00083_00646-1","PT","singlet"
"s_008um_00019_00710-1","Podo","singlet"
"s_008um_00065_00648-1","Unknown","reject"
"s_008um_00011_00706-1","Unknown","reject"
"s_008um_00101_00706-1","EC","singlet"
"s_008um_00056_00695-1","PT","singlet"
"s_008um_00124_00677-1","PEC","singlet"
"s_008um_00009_00688-1","Unknown","reject"
"s_008um_00002_00690-1","Mono_Mac","singlet"
"s_008um_00100_00698-1","EC","singlet"
"s_008um_00067_00710-1","PT","singlet"
"s_008um_00005_00695-1","EC","singlet"
"s_008um_00010_00692-1","Podo","doublet_certain"
"s_008um_00001_00685-1","DCT","singlet"
"s_008um_00110_00691-1","PEC","singlet"
"s_008um_00086_00648-1","PT","singlet"
"s_008um_00023_00669-1","PT","singlet"
"s_008um_00014_00658-1","EC","singlet"
"s_008um_00003_00697-1","Podo","singlet"
"s_008um_00120_00664-1","PT","singlet"
"s_008um_00000_00709-1","Unknown","reject"
"s_008um_00085_00693-1","PT","singlet"
"s_008um_00034_00684-1","Podo","singlet"
"s_008um_00033_00694-1","IC","doublet_certain"
"s_008um_00103_00706-1","EC","singlet"
"s_008um_00053_00663-1","PT","singlet"
"s_008um_00067_00682-1","PT","singlet"
"s_008um_00123_00670-1","Unknown","doublet_uncertain"
"s_008um_00107_00652-1","Unknown","reject"
"s_008um_00039_00700-1","IC","singlet"
"s_008um_00098_00699-1","EC","singlet"
"s_008um_00104_00649-1","PT","singlet"
"s_008um_00049_00653-1","PT","singlet"
"s_008um_00022_00714-1","Podo","singlet"
"s_008um_00011_00680-1","DCT","singlet"
"s_008um_00009_00697-1","EC","singlet"
"s_008um_00027_00678-1","Unknown","doublet_uncertain"
"s_008um_00077_00646-1","Unknown","reject"
"s_008um_00111_00681-1","Podo","doublet_certain"
"s_008um_00003_00705-1","EC","singlet"
"s_008um_00054_00675-1","EC","singlet"
"s_008um_00012_00693-1","EC","singlet"
"s_008um_00101_00684-1","VSM/P","singlet"
"s_008um_00035_00716-1","PT","singlet"
"s_008um_00108_00663-1","Unknown","reject"
"s_008um_00106_00659-1","PT","singlet"
"s_008um_00026_00689-1","Unknown","reject"
"s_008um_00007_00712-1","Podo","doublet_certain"
"s_008um_00039_00698-1","Unknown","reject"
"s_008um_00004_00677-1","DCT","singlet"
"s_008um_00029_00709-1","Unknown","reject"
"s_008um_00029_00682-1","Podo","singlet"
"s_008um_00043_00670-1","VSM/P","doublet_certain"
"s_008um_00055_00674-1","EC","singlet"
"s_008um_00093_00654-1","PT","singlet"
"s_008um_00095_00680-1","TAL","singlet"
"s_008um_00071_00698-1","PC","singlet"
"s_008um_00091_00697-1","EC","singlet"
"s_008um_00019_00680-1","DCT","singlet"
"s_008um_00058_00703-1","IC","singlet"
"s_008um_00082_00650-1","PT","singlet"
"s_008um_00113_00703-1","B_PL","singlet"
"s_008um_00038_00692-1","Podo","singlet"
"s_008um_00013_00716-1","Podo","singlet"
"s_008um_00102_00671-1","PT","singlet"
"s_008um_00054_00684-1","Podo","singlet"
"s_008um_00085_00690-1","PT","singlet"
"s_008um_00071_00646-1","Unknown","reject"
"s_008um_00056_00705-1","Unknown","reject"
"s_008um_00035_00672-1","VSM/P","singlet"
"s_008um_00114_00679-1","EC","singlet"
"s_008um_00090_00683-1","PT","singlet"
"s_008um_00058_00650-1","DCT","singlet"
"s_008um_00109_00680-1","Podo","doublet_certain"
"s_008um_00008_00680-1","DCT","singlet"
"s_008um_00127_00640-1","PT","singlet"
"s_008um_00070_00714-1","PT","singlet"
"s_008um_00047_00665-1","EC","doublet_certain"
"s_008um_00002_00701-1","EC","singlet"
"s_008um_00029_00686-1","Unknown","doublet_uncertain"
"s_008um_00012_00713-1","FIB","doublet_certain"
"s_008um_00025_00684-1","IC","singlet"
"s_008um_00102_00710-1","EC","singlet"
"s_008um_00078_00687-1","PT","singlet"
"s_008um_00039_00665-1","TAL","singlet"
"s_008um_00065_00685-1","PT","singlet"
"s_008um_00036_00652-1","VSM/P","singlet"
"s_008um_00014_00718-1","IC","singlet"
"s_008um_00087_00701-1","Unknown","reject"
"s_008um_00007_00686-1","DCT","singlet"
"s_008um_00002_00688-1","DCT","singlet"
"s_008um_00061_00655-1","Unknown","reject"
"s_008um_00123_00654-1","PC","singlet"
"s_008um_00052_00656-1","Unknown","reject"
"s_008um_00081_00669-1","Unknown","reject"
"s_008um_00093_00709-1","EC","singlet"
"s_008um_00109_00662-1","PT","singlet"
"s_008um_00041_00660-1","PT","singlet"
"s_008um_00055_00711-1","VSM/P","singlet"
"s_008um_00060_00709-1","PT","singlet"
"s_008um_00029_00699-1","Podo","singlet"
"s_008um_00038_00652-1","PC","singlet"
"s_008um_00122_00656-1","EC","doublet_certain"
"s_008um_00101_00690-1","PT","singlet"
"s_008um_00071_00651-1","Unknown","reject"
"s_008um_00027_00669-1","PT","singlet"
"s_008um_00029_00655-1","PT","singlet"
"s_008um_00006_00665-1","PT","singlet"
"s_008um_00095_00681-1","TAL","singlet"
"s_008um_00026_00710-1","Unknown","doublet_uncertain"
"s_008um_00069_00684-1","PT","singlet"
"s_008um_00017_00657-1","PT","singlet"
"s_008um_00101_00675-1","PT","singlet"
"s_008um_00084_00660-1","Unknown","reject"
"s_008um_00064_00688-1","PT","singlet"
"s_008um_00058_00652-1","Unknown","reject"
"s_008um_00067_00678-1","DCT","singlet"
"s_008um_00072_00705-1","PT","singlet"
"s_008um_00029_00669-1","PT","singlet"
"s_008um_00083_00684-1","Unknown","doublet_uncertain"
"s_008um_00086_00661-1","Unknown","doublet_uncertain"
"s_008um_00096_00671-1","EC","singlet"
"s_008um_00068_00655-1","DCT","singlet"
"s_008um_00008_00672-1","PT","singlet"
"s_008um_00067_00670-1","PT","singlet"
"s_008um_00114_00697-1","Unknown","reject"
"s_008um_00046_00661-1","PC","singlet"
"s_008um_00026_00667-1","PT","singlet"
"s_008um_00047_00719-1","Unknown","reject"
"s_008um_00052_00720-1","EC","singlet"
"s_008um_00065_00701-1","PC","singlet"
"s_008um_00076_00671-1","DCT","singlet"
"s_008um_00101_00682-1","EC","doublet_certain"
"s_008um_00113_00656-1","PT","singlet"
"s_008um_00082_00687-1","PT","singlet"
"s_008um_00043_00676-1","EC","singlet"
"s_008um_00021_00663-1","PT","singlet"
"s_008um_00113_00663-1","PT","singlet"
"s_008um_00079_00659-1","EC","singlet"
"s_008um_00089_00702-1","EC","singlet"
"s_008um_00049_00659-1","Unknown","doublet_uncertain"
"s_008um_00114_00641-1","Unknown","reject"
"s_008um_00043_00667-1","VSM/P","singlet"
"s_008um_00046_00677-1","Podo","doublet_certain"
"s_008um_00047_00696-1","IC","singlet"
"s_008um_00121_00649-1","PT","singlet"
"s_008um_00005_00721-1","PC","singlet"
"s_008um_00109_00648-1","EC","singlet"
"s_008um_00025_00721-1","IC","singlet"
"s_008um_00055_00687-1","FIB","doublet_certain"
"s_008um_00035_00706-1","PT","singlet"
"s_008um_00122_00695-1","PT","singlet"
"s_008um_00055_00688-1","FIB","doublet_certain"
"s_008um_00059_00670-1","FIB","singlet"
"s_008um_00120_00639-1","EC","singlet"
"s_008um_00021_00717-1","EC","singlet"
"s_008um_00072_00664-1","PT","singlet"
"s_008um_00084_00664-1","PT","singlet"
"s_008um_00125_00659-1","PT","singlet"
"s_008um_00012_00687-1","CNT","singlet"
"s_008um_00062_00672-1","PT","singlet"
"s_008um_00046_00706-1","PT","doublet_certain"
"s_008um_00004_00676-1","DCT","singlet"
"s_008um_00057_00694-1","PT","singlet"
"s_008um_00006_00704-1","Unknown","reject"
"s_008um_00064_00686-1","FIB","doublet_certain"
"s_008um_00095_00654-1","PT","singlet"
"s_008um_00058_00675-1","PEC","singlet"
"s_008um_00079_00660-1","EC","doublet_certain"
"s_008um_00075_00678-1","FIB","singlet"
"s_008um_00031_00705-1","PapE","singlet"
"s_008um_00035_00682-1","EC","singlet"
"s_008um_00086_00647-1","PT","singlet"
"s_008um_00102_00675-1","PT","singlet"
"s_008um_00083_00680-1","EC","singlet"
"s_008um_00116_00701-1","EC","singlet"
"s_008um_00068_00691-1","EC","singlet"
"s_008um_00037_00710-1","PT","singlet"
"s_008um_00093_00678-1","Unknown","reject"
"s_008um_00043_00682-1","EC","singlet"
"s_008um_00100_00646-1","PT","singlet"
"s_008um_00126_00690-1","PT","singlet"
"s_008um_00114_00688-1","Unknown","reject"
"s_008um_00115_00658-1","IC","singlet"
"s_008um_00070_00659-1","PT","singlet"
"s_008um_00098_00676-1","PT","singlet"
"s_008um_00117_00642-1","Unknown","reject"
"s_008um_00103_00703-1","EC","singlet"
"s_008um_00005_00720-1","IC","singlet"
"s_008um_00107_00655-1","PT","singlet"
"s_008um_00110_00703-1","Unknown","doublet_uncertain"
"s_008um_00043_00710-1","Unknown","doublet_uncertain"
"s_008um_00123_00643-1","PT","singlet"
"s_008um_00101_00654-1","Unknown","reject"
"s_008um_00065_00668-1","PT","singlet"
"s_008um_00065_00650-1","DCT","singlet"
"s_008um_00058_00657-1","DCT","singlet"
"s_008um_00032_00660-1","Unknown","reject"
"s_008um_00062_00690-1","PT","singlet"
"s_008um_00007_00710-1","Podo","singlet"
"s_008um_00029_00664-1","PT","singlet"
"s_008um_00044_00689-1","EC","doublet_certain"
"s_008um_00091_00651-1","Unknown","reject"
"s_008um_00126_00652-1","Unknown","reject"
"s_008um_00009_00702-1","EC","singlet"
"s_008um_00004_00673-1","PT","singlet"
"s_008um_00001_00669-1","PT","singlet"
"s_008um_00057_00696-1","Unknown","reject"
"s_008um_00093_00648-1","PT","singlet"
"s_008um_00045_00668-1","VSM/P","singlet"
"s_008um_00004_00668-1","PT","singlet"
"s_008um_00053_00719-1","Unknown","reject"
"s_008um_00110_00667-1","Unknown","reject"
"s_008um_00064_00685-1","PT","singlet"
"s_008um_00106_00699-1","EC","singlet"
"s_008um_00046_00690-1","Podo","singlet"
"s_008um_00124_00662-1","FIB","singlet"
"s_008um_00100_00690-1","PT","singlet"
"s_008um_00059_00705-1","EC","singlet"
"s_008um_00033_00669-1","PT","singlet"
"s_008um_00097_00695-1","VSM/P","singlet"
"s_008um_00026_00706-1","EC","singlet"
"s_008um_00029_00666-1","PT","singlet"
"s_008um_00035_00676-1","Unknown","doublet_uncertain"
"s_008um_00047_00664-1","Unknown","reject"
"s_008um_00068_00683-1","PT","singlet"
"s_008um_00049_00704-1","PT","singlet"
"s_008um_00113_00642-1","EC","singlet"
"s_008um_00081_00698-1","Unknown","reject"
"s_008um_00101_00689-1","Unknown","reject"
"s_008um_00084_00666-1","Unknown","reject"
"s_008um_00091_00679-1","TAL","doublet_certain"
"s_008um_00083_00702-1","PT","singlet"
"s_008um_00055_00693-1","PT","singlet"
"s_008um_00114_00689-1","PT","singlet"
"s_008um_00123_00682-1","FIB","doublet_certain"
"s_008um_00029_00665-1","PT","singlet"
"s_008um_00088_00666-1","PT","singlet"
"s_008um_00104_00659-1","Unknown","reject"
"s_008um_00017_00709-1","Podo","singlet"
"s_008um_00125_00668-1","B_PL","doublet_certain"
"s_008um_00033_00681-1","EC","doublet_certain"
"s_008um_00108_00705-1","Podo","singlet"
"s_008um_00017_00722-1","IC","singlet"
"s_008um_00113_00678-1","Podo","doublet_certain"
"s_008um_00101_00698-1","EC","singlet"
"s_008um_00008_00681-1","DCT","singlet"
"s_008um_00108_00708-1","Unknown","reject"
"s_008um_00010_00711-1","EC","doublet_certain"
"s_008um_00058_00648-1","Unknown","reject"
"s_008um_00025_00701-1","EC","singlet"
"s_008um_00066_00708-1","PT","singlet"
"s_008um_00009_00683-1","DCT","singlet"
"s_008um_00045_00676-1","Podo","singlet"
"s_008um_00085_00660-1","Unknown","reject"
"s_008um_00045_00685-1","Unknown","reject"
"s_008um_00063_00681-1","IC","singlet"
"s_008um_00072_00685-1","PT","singlet"
"s_008um_00100_00712-1","EC","singlet"
"s_008um_00016_00691-1","EC","singlet"
"s_008um_00081_00687-1","Unknown","reject"
"s_008um_00108_00665-1","FIB","singlet"
"s_008um_00008_00696-1","EC","singlet"
"s_008um_00098_00659-1","PT","singlet"
"s_008um_00005_00675-1","PT","singlet"
"s_008um_00044_00719-1","Unknown","reject"
"s_008um_00096_00701-1","EC","singlet"
"s_008um_00097_00700-1","EC","singlet"
"s_008um_00081_00707-1","Unknown","reject"
"s_008um_00119_00679-1","Podo","doublet_certain"
"s_008um_00043_00677-1","EC","doublet_certain"
"s_008um_00021_00692-1","Podo","singlet"
"s_008um_00003_00711-1","Podo","doublet_certain"
"s_008um_00036_00682-1","Podo","doublet_certain"
"s_008um_00024_00678-1","Unknown","doublet_uncertain"
"s_008um_00052_00711-1","VSM/P","singlet"
"s_008um_00085_00664-1","PT","singlet"
"s_008um_00021_00709-1","Podo","doublet_certain"
"s_008um_00071_00681-1","PT","singlet"
"s_008um_00030_00695-1","Unknown","doublet_uncertain"
"s_008um_00105_00695-1","Unknown","doublet_uncertain"
"s_008um_00072_00707-1","PT","singlet"
"s_008um_00085_00649-1","PT","singlet"
"s_008um_00116_00691-1","PT","singlet"
"s_008um_00023_00672-1","PT","singlet"
"s_008um_00079_00646-1","PT","singlet"
"s_008um_00116_00677-1","Podo","singlet"
"s_008um_00095_00667-1","PT","singlet"
"s_008um_00008_00693-1","Podo","doublet_certain"
"s_008um_00006_00694-1","EC","singlet"
"s_008um_00034_00720-1","PT","singlet"
"s_008um_00041_00664-1","TAL","singlet"
"s_008um_00057_00659-1","DCT","singlet"
"s_008um_00096_00699-1","EC","singlet"
"s_008um_00067_00679-1","Unknown","reject"
"s_008um_00061_00712-1","PT","singlet"
"s_008um_00022_00715-1","Unknown","reject"
"s_008um_00008_00690-1","DCT","singlet"
"s_008um_00103_00677-1","Podo","singlet"
"s_008um_00048_00671-1","EC","singlet"
"s_008um_00001_00681-1","DCT","singlet"
"s_008um_00110_00702-1","B_PL","singlet"
"s_008um_00076_00661-1","Unknown","doublet_uncertain"
"s_008um_00119_00696-1","Unknown","reject"
"s_008um_00064_00677-1","PC","singlet"
"s_008um_00064_00676-1","EC","singlet"
"s_008um_00051_00701-1","Unknown","reject"
"s_008um_00110_00651-1","PT","singlet"
"s_008um_00076_00674-1","DCT","singlet"
"s_008um_00033_00718-1","PT","singlet"
"s_008um_00073_00666-1","PT","singlet"
"s_008um_00046_00680-1","VSM/P","singlet"
"s_008um_00118_00700-1","PT","singlet"
"s_008um_00113_00693-1","PT","singlet"
"s_008um_00022_00683-1","TAL","singlet"
"s_008um_00114_00694-1","EC","singlet"
"s_008um_00094_00686-1","TAL","singlet"
"s_008um_00119_00647-1","PT","singlet"
"s_008um_00058_00696-1","Unknown","reject"
"s_008um_00015_00686-1","IC","singlet"
"s_008um_00083_00655-1","PT","singlet"
"s_008um_00019_00709-1","EC","singlet"
"s_008um_00043_00672-1","Podo","singlet"
"s_008um_00061_00708-1","FIB","singlet"
"s_008um_00052_00690-1","FIB","singlet"
"s_008um_00004_00663-1","PT","singlet"
"s_008um_00083_00665-1","FIB","singlet"
"s_008um_00080_00654-1","PT","singlet"
"s_008um_00041_00669-1","VSM/P","singlet"
"s_008um_00088_00701-1","Unknown","reject"
"s_008um_00020_00674-1","Unknown","reject"
"s_008um_00070_00696-1","Unknown","doublet_uncertain"
"s_008um_00063_00697-1","CNT","doublet_certain"
"s_008um_00004_00711-1","FIB","singlet"
"s_008um_00039_00718-1","PT","singlet"
"s_008um_00022_00677-1","DCT","singlet"
"s_008um_00039_00656-1","Unknown","reject"
"s_008um_00048_00700-1","DCT","singlet"
"s_008um_00088_00668-1","PT","singlet"
"s_008um_00063_00690-1","PT","singlet"
"s_008um_00091_00668-1","PT","singlet"
"s_008um_00016_00679-1","DCT","singlet"
"s_008um_00060_00711-1","PT","singlet"
"s_008um_00006_00696-1","EC","singlet"
"s_008um_00111_00704-1","B_PL","singlet"
"s_008um_00087_00676-1","DCT","singlet"
"s_008um_00120_00667-1","Unknown","reject"
"s_008um_00075_00673-1","DCT","singlet"
"s_008um_00064_00689-1","PT","singlet"
"s_008um_00010_00677-1","PT","singlet"
"s_008um_00094_00650-1","PT","singlet"
"s_008um_00029_00658-1","PT","singlet"
"s_008um_00123_00673-1","PEC","singlet"
"s_008um_00073_00682-1","PT","singlet"
"s_008um_00032_00702-1","FIB","singlet"
"s_008um_00037_00705-1","CNT","singlet"
"s_008um_00100_00659-1","EC","singlet"
"s_008um_00089_00670-1","PT","singlet"
"s_008um_00099_00690-1","PT","singlet"
"s_008um_00036_00690-1","Podo","doublet_certain"
"s_008um_00051_00659-1","TAL","singlet"
"s_008um_00071_00707-1","PT","singlet"
"s_008um_00115_00691-1","PT","singlet"
"s_008um_00063_00655-1","DCT","singlet"
"s_008um_00018_00655-1","PT","singlet"
"s_008um_00053_00682-1","Podo","singlet"
"s_008um_00045_00705-1","Unknown","reject"
"s_008um_00082_00689-1","PT","singlet"
"s_008um_00002_00685-1","DCT","singlet"
"s_008um_00053_00679-1","Podo","doublet_certain"
"s_008um_00035_00687-1","Podo","singlet"
"s_008um_00099_00641-1","EC","singlet"
"s_008um_00085_00692-1","PT","singlet"
"s_008um_00076_00651-1","TAL","singlet"
"s_008um_00001_00707-1","EC","singlet"
"s_008um_00051_00690-1","EC","singlet"
"s_008um_00005_00672-1","PT","singlet"
"s_008um_00050_00654-1","Unknown","reject"
"s_008um_00019_00673-1","Unknown","reject"
"s_008um_00087_00709-1","EC","singlet"
"s_008um_00059_00706-1","Unknown","reject"
"s_008um_00051_00673-1","EC","singlet"
"s_008um_00127_00641-1","PT","singlet"
"s_008um_00080_00670-1","DCT","singlet"
"s_008um_00127_00652-1","Unknown","doublet_uncertain"
"s_008um_00007_00720-1","Unknown","reject"
"s_008um_00081_00646-1","Unknown","reject"
"s_008um_00026_00682-1","Unknown","doublet_uncertain"
"s_008um_00079_00701-1","Unknown","reject"
"s_008um_00044_00685-1","EC","doublet_certain"
"s_008um_00106_00661-1","FIB","doublet_certain"
"s_008um_00070_00708-1","Unknown","reject"
"s_008um_00040_00696-1","Unknown","doublet_uncertain"
"s_008um_00004_00688-1","DCT","doublet_certain"
"s_008um_00109_00663-1","PT","singlet"
"s_008um_00016_00654-1","PT","singlet"
"s_008um_00104_00674-1","Podo","singlet"
"s_008um_00078_00680-1","Unknown","reject"
"s_008um_00058_00672-1","Unknown","doublet_uncertain"
"s_008um_00028_00713-1","Unknown","doublet_uncertain"
"s_008um_00127_00639-1","Unknown","reject"
"s_008um_00048_00687-1","Podo","doublet_certain"
"s_008um_00119_00690-1","PT","singlet"
"s_008um_00014_00706-1","Podo","doublet_certain"
"s_008um_00065_00652-1","DCT","singlet"
"s_008um_00116_00651-1","PT","singlet"
"s_008um_00097_00646-1","PT","singlet"
"s_008um_00077_00714-1","Unknown","reject"
"s_008um_00112_00662-1","PT","singlet"
"s_008um_00000_00670-1","PT","singlet"
"s_008um_00038_00654-1","IC","singlet"
"s_008um_00116_00693-1","EC","doublet_certain"
"s_008um_00100_00658-1","Unknown","reject"
"s_008um_00036_00707-1","PEC","singlet"
"s_008um_00016_00703-1","Unknown","doublet_uncertain"
"s_008um_00045_00678-1","Podo","doublet_certain"
"s_008um_00012_00670-1","PT","singlet"
"s_008um_00047_00714-1","VSM/P","singlet"
"s_008um_00117_00649-1","PT","singlet"
"s_008um_00084_00696-1","PT","singlet"
"s_008um_00089_00692-1","PT","singlet"
"s_008um_00008_00721-1","Unknown","reject"
"s_008um_00121_00660-1","PT","singlet"
"s_008um_00005_00705-1","EC","singlet"
"s_008um_00039_00662-1","PT","singlet"
"s_008um_00104_00661-1","EC","singlet"
"s_008um_00033_00655-1","PT","singlet"
"s_008um_00068_00667-1","PT","singlet"
"s_008um_00097_00672-1","PT","singlet"
"s_008um_00018_00657-1","PT","singlet"
"s_008um_00026_00715-1","Unknown","reject"
"s_008um_00023_00660-1","EC","singlet"
"s_008um_00036_00666-1","EC","singlet"
"s_008um_00112_00647-1","EC","singlet"
"s_008um_00023_00654-1","Unknown","reject"
"s_008um_00092_00702-1","EC","doublet_certain"
"s_008um_00002_00707-1","Podo","doublet_certain"
"s_008um_00061_00673-1","PT","singlet"
"s_008um_00127_00643-1","PT","singlet"
"s_008um_00013_00657-1","Unknown","reject"
"s_008um_00093_00703-1","EC","singlet"
"s_008um_00126_00685-1","EC","singlet"
"s_008um_00022_00691-1","Podo","singlet"
"s_008um_00042_00675-1","EC","singlet"
"s_008um_00088_00694-1","PT","singlet"
"s_008um_00068_00710-1","PT","singlet"
"s_008um_00048_00663-1","IC","singlet"
"s_008um_00097_00664-1","PT","singlet"
"s_008um_00080_00690-1","PT","singlet"
"s_008um_00125_00665-1","FIB","singlet"
"s_008um_00077_00670-1","DCT","singlet"
"s_008um_00124_00691-1","Unknown","reject"
"s_008um_00102_00696-1","Unknown","reject"
"s_008um_00102_00668-1","Unknown","doublet_uncertain"
"s_008um_00119_00692-1","Unknown","reject"
"s_008um_00073_00660-1","Unknown","reject"
"s_008um_00012_00672-1","PT","singlet"
"s_008um_00032_00684-1","Podo","doublet_certain"
"s_008um_00021_00664-1","PT","singlet"
"s_008um_00053_00696-1","PT","singlet"
"s_008um_00123_00667-1","Unknown","doublet_uncertain"
"s_008um_00012_00701-1","EC","doublet_certain"
"s_008um_00100_00696-1","Unknown","reject"
"s_008um_00056_00718-1","VSM/P","singlet"
"s_008um_00024_00656-1","PT","singlet"
"s_008um_00084_00667-1","PT","singlet"
"s_008um_00117_00640-1","EC","singlet"
"s_008um_00046_00664-1","PC","singlet"
"s_008um_00084_00648-1","Unknown","reject"
"s_008um_00028_00652-1","Unknown","reject"
"s_008um_00023_00678-1","Unknown","reject"
"s_008um_00122_00700-1","PT","singlet"
"s_008um_00104_00682-1","Podo","singlet"
"s_008um_00008_00701-1","EC","singlet"
"s_008um_00091_00674-1","FIB","singlet"
"s_008um_00099_00709-1","EC","singlet"
"s_008um_00057_00710-1","PT","singlet"
"s_008um_00015_00695-1","Podo","singlet"
"s_008um_00009_00675-1","PT","singlet"
"s_008um_00045_00698-1","IC","singlet"
"s_008um_00094_00696-1","EC","singlet"
"s_008um_00088_00678-1","PT","singlet"
"s_008um_00103_00681-1","FIB","doublet_certain"
"s_008um_00014_00672-1","PT","singlet"
"s_008um_00047_00693-1","Unknown","reject"
"s_008um_00097_00656-1","PT","singlet"
"s_008um_00003_00678-1","DCT","singlet"
"s_008um_00010_00710-1","EC","doublet_certain"
"s_008um_00099_00649-1","FIB","singlet"
"s_008um_00120_00691-1","PT","singlet"
"s_008um_00051_00658-1","TAL","singlet"
"s_008um_00019_00682-1","TAL","singlet"
"s_008um_00103_00667-1","Unknown","reject"
"s_008um_00050_00717-1","EC","singlet"
"s_008um_00028_00686-1","Unknown","reject"
"s_008um_00055_00698-1","Unknown","reject"
"s_008um_00026_00660-1","PT","singlet"
"s_008um_00123_00663-1","FIB","singlet"
"s_008um_00025_00659-1","PT","singlet"
"s_008um_00023_00718-1","EC","doublet_certain"
"s_008um_00012_00695-1","EC","singlet"
"s_008um_00064_00718-1","EC","singlet"
"s_008um_00095_00698-1","EC","singlet"
"s_008um_00112_00652-1","PT","singlet"
"s_008um_00061_00711-1","PT","singlet"
"s_008um_00021_00661-1","PT","singlet"
"s_008um_00035_00698-1","Unknown","doublet_uncertain"
"s_008um_00079_00671-1","DCT","singlet"
"s_008um_00081_00712-1","DCT","singlet"
"s_008um_00120_00690-1","PT","singlet"
"s_008um_00054_00709-1","FIB","singlet"
"s_008um_00013_00667-1","PT","singlet"
"s_008um_00006_00692-1","Podo","singlet"
"s_008um_00099_00701-1","Podo","singlet"
"s_008um_00064_00701-1","PC","singlet"
"s_008um_00014_00698-1","EC","singlet"
"s_008um_00106_00696-1","Unknown","reject"
"s_008um_00024_00716-1","IC","doublet_certain"
"s_008um_00096_00666-1","PT","singlet"
"s_008um_00089_00682-1","PT","singlet"
"s_008um_00120_00656-1","FIB","singlet"
"s_008um_00041_00695-1","Unknown","doublet_uncertain"
"s_008um_00094_00680-1","TAL","singlet"
"s_008um_00023_00693-1","Podo","singlet"
"s_008um_00124_00640-1","PT","singlet"
"s_008um_00076_00695-1","EC","singlet"
"s_008um_00083_00669-1","PT","singlet"
"s_008um_00058_00666-1","Unknown","reject"
"s_008um_00124_00659-1","IC","singlet"
"s_008um_00008_00718-1","Unknown","reject"
"s_008um_00109_00659-1","Unknown","reject"
"s_008um_00025_00656-1","PT","singlet"
"s_008um_00107_00649-1","PT","singlet"
"s_008um_00100_00689-1","PT","singlet"
"s_008um_00011_00702-1","EC","singlet"
"s_008um_00080_00673-1","DCT","singlet"
"s_008um_00071_00705-1","PT","singlet"
"s_008um_00038_00681-1","Podo","singlet"
"s_008um_00127_00659-1","PT","singlet"
"s_008um_00032_00670-1","PT","doublet_certain"
"s_008um_00115_00657-1","Unknown","doublet_uncertain"
"s_008um_00108_00686-1","Podo","singlet"
"s_008um_00028_00660-1","PT","singlet"
"s_008um_00119_00675-1","EC","singlet"
"s_008um_00091_00693-1","PT","singlet"
"s_008um_00053_00707-1","Unknown","doublet_uncertain"
"s_008um_00111_00705-1","PT","singlet"
"s_008um_00028_00708-1","Podo","singlet"
"s_008um_00017_00718-1","IC","singlet"
"s_008um_00064_00694-1","FIB","singlet"
"s_008um_00063_00658-1","DCT","singlet"
"s_008um_00083_00711-1","FIB","singlet"
"s_008um_00017_00693-1","Podo","singlet"
"s_008um_00057_00675-1","PEC","singlet"
"s_008um_00094_00676-1","PT","singlet"
"s_008um_00084_00650-1","PT","singlet"
"s_008um_00047_00700-1","DCT","singlet"
"s_008um_00059_00692-1","PT","singlet"
"s_008um_00018_00653-1","PT","singlet"
"s_008um_00034_00721-1","Unknown","reject"
"s_008um_00089_00713-1","Unknown","reject"
"s_008um_00113_00649-1","PT","singlet"
"s_008um_00061_00700-1","IC","doublet_certain"
"s_008um_00106_00710-1","Unknown","reject"
"s_008um_00069_00686-1","PT","singlet"
"s_008um_00085_00697-1","PT","singlet"
"s_008um_00091_00665-1","PT","singlet"
"s_008um_00050_00677-1","EC","doublet_certain"
"s_008um_00016_00714-1","Unknown","doublet_uncertain"
"s_008um_00109_00651-1","Unknown","reject"
"s_008um_00082_00649-1","EC","singlet"
"s_008um_00081_00671-1","DCT","singlet"
"s_008um_00057_00651-1","Unknown","reject"
"s_008um_00115_00679-1","EC","singlet"
"s_008um_00048_00705-1","PT","singlet"
"s_008um_00106_00649-1","PT","singlet"
"s_008um_00050_00678-1","Podo","doublet_certain"
"s_008um_00083_00661-1","Unknown","reject"
"s_008um_00127_00692-1","Unknown","reject"
"s_008um_00008_00671-1","PT","singlet"
"s_008um_00068_00678-1","DCT","singlet"
"s_008um_00094_00662-1","PT","singlet"
"s_008um_00039_00701-1","IC","singlet"
"s_008um_00045_00715-1","Unknown","reject"
"s_008um_00056_00669-1","Unknown","doublet_uncertain"
"s_008um_00017_00720-1","IC","singlet"
"s_008um_00120_00686-1","B_PL","doublet_certain"
"s_008um_00011_00705-1","EC","doublet_certain"
"s_008um_00031_00658-1","PT","singlet"
"s_008um_00024_00663-1","FIB","singlet"
"s_008um_00044_00692-1","PEC","singlet"
"s_008um_00122_00673-1","PEC","singlet"
"s_008um_00037_00713-1","PT","singlet"
"s_008um_00103_00686-1","Unknown","reject"
"s_008um_00014_00686-1","IC","doublet_certain"
"s_008um_00112_00660-1","Unknown","reject"
"s_008um_00033_00683-1","Podo","doublet_certain"
"s_008um_00040_00706-1","DCT","singlet"
"s_008um_00124_00657-1","Unknown","reject"
"s_008um_00024_00655-1","PT","singlet"
"s_008um_00059_00673-1","PT","singlet"
"s_008um_00092_00649-1","PT","singlet"
"s_008um_00062_00712-1","PT","singlet"
"s_008um_00112_00651-1","PT","singlet"
"s_008um_00011_00713-1","EC","singlet"
"s_008um_00034_00709-1","PT","doublet_certain"
"s_008um_00091_00687-1","Unknown","reject"
"s_008um_00062_00701-1","Unknown","doublet_uncertain"
"s_008um_00006_00685-1","DCT","singlet"
"s_008um_00047_00712-1","VSM/P","singlet"
"s_008um_00047_00655-1","Unknown","doublet_uncertain"
"s_008um_00058_00704-1","Unknown","reject"
"s_008um_00007_00706-1","Podo","doublet_certain"
"s_008um_00081_00673-1","DCT","singlet"
"s_008um_00091_00675-1","Unknown","reject"
"s_008um_00103_00685-1","FIB","doublet_certain"
"s_008um_00118_00641-1","Unknown","reject"
"s_008um_00014_00675-1","PT","singlet"
"s_008um_00025_00663-1","Unknown","doublet_uncertain"
"s_008um_00107_00672-1","Podo","singlet"
"s_008um_00064_00662-1","DCT","singlet"
"s_008um_00108_00662-1","B_PL","singlet"
"s_008um_00091_00699-1","EC","singlet"
"s_008um_00091_00685-1","PT","singlet"
"s_008um_00063_00671-1","PT","singlet"
"s_008um_00120_00697-1","PT","singlet"
"s_008um_00007_00678-1","DCT","singlet"
"s_008um_00026_00656-1","PT","singlet"
"s_008um_00118_00668-1","Podo","singlet"
"s_008um_00013_00711-1","EC","singlet"
"s_008um_00012_00667-1","PT","singlet"
"s_008um_00118_00699-1","PT","singlet"
"s_008um_00070_00649-1","Unknown","reject"
"s_008um_00033_00686-1","Unknown","doublet_uncertain"
"s_008um_00096_00702-1","EC","singlet"
"s_008um_00017_00685-1","PC","singlet"
"s_008um_00092_00690-1","PT","singlet"
"s_008um_00116_00646-1","PT","singlet"
"s_008um_00104_00697-1","EC","singlet"
"s_008um_00020_00709-1","EC","doublet_certain"
"s_008um_00021_00680-1","DCT","singlet"
"s_008um_00087_00653-1","Unknown","reject"
"s_008um_00078_00706-1","EC","singlet"
"s_008um_00061_00696-1","EC","singlet"
"s_008um_00068_00692-1","PT","singlet"
"s_008um_00020_00704-1","EC","singlet"
"s_008um_00047_00654-1","Unknown","reject"
"s_008um_00051_00654-1","Unknown","reject"
"s_008um_00090_00671-1","PT","singlet"
"s_008um_00095_00657-1","PT","singlet"
"s_008um_00099_00688-1","Unknown","doublet_uncertain"
"s_008um_00012_00666-1","PT","doublet_certain"
"s_008um_00067_00704-1","PT","singlet"
"s_008um_00015_00689-1","Podo","doublet_certain"
"s_008um_00019_00701-1","EC","singlet"
"s_008um_00050_00686-1","EC","doublet_certain"
"s_008um_00066_00659-1","DCT","singlet"
"s_008um_00084_00649-1","PT","singlet"
"s_008um_00084_00711-1","Unknown","reject"
"s_008um_00122_00696-1","PT","singlet"
"s_008um_00023_00668-1","PT","singlet"
"s_008um_00087_00672-1","PT","singlet"
"s_008um_00059_00667-1","Unknown","reject"
"s_008um_00059_00716-1","VSM/P","singlet"
"s_008um_00020_00696-1","EC","doublet_certain"
"s_008um_00115_00659-1","Unknown","reject"
"s_008um_00051_00670-1","PEC","doublet_certain"
"s_008um_00072_00656-1","PT","singlet"
"s_008um_00092_00695-1","B_PL","singlet"
"s_008um_00003_00702-1","EC","singlet"
"s_008um_00075_00664-1","PT","singlet"
"s_008um_00073_00679-1","PT","singlet"
"s_008um_00107_00688-1","PT","singlet"
"s_008um_00024_00722-1","IC","singlet"
"s_008um_00024_00706-1","EC","singlet"
"s_008um_00082_00711-1","DCT","singlet"
"s_008um_00115_00705-1","PT","singlet"
"s_008um_00021_00676-1","PT","singlet"
"s_008um_00061_00719-1","EC","singlet"
"s_008um_00079_00673-1","DCT","singlet"
"s_008um_00036_00692-1","Unknown","doublet_uncertain"
"s_008um_00033_00656-1","PT","singlet"
"s_008um_00127_00681-1","Unknown","doublet_uncertain"
"s_008um_00064_00690-1","PT","singlet"
"s_008um_00050_00657-1","Unknown","reject"
"s_008um_00021_00653-1","PT","singlet"
"s_008um_00095_00696-1","EC","singlet"
"s_008um_00048_00654-1","Unknown","reject"
"s_008um_00019_00703-1","EC","singlet"
"s_008um_00097_00703-1","EC","singlet"
"s_008um_00030_00657-1","PT","singlet"
"s_008um_00070_00706-1","PT","singlet"
"s_008um_00000_00690-1","PT","singlet"
"s_008um_00110_00694-1","FIB","doublet_certain"
"s_008um_00084_00654-1","PT","singlet"
"s_008um_00116_00640-1","PT","singlet"
"s_008um_00106_00669-1","Podo","singlet"
"s_008um_00095_00660-1","PT","singlet"
"s_008um_00067_00697-1","PC","singlet"
"s_008um_00092_00647-1","PT","singlet"
"s_008um_00019_00675-1","Unknown","reject"
"s_008um_00034_00663-1","PT","doublet_certain"
"s_008um_00050_00653-1","B_PL","singlet"
"s_008um_00047_00671-1","EC","singlet"
"s_008um_00056_00690-1","PT","singlet"
"s_008um_00018_00707-1","EC","singlet"
"s_008um_00019_00662-1","PT","singlet"
"s_008um_00053_00660-1","PT","doublet_certain"
"s_008um_00011_00698-1","EC","doublet_certain"
"s_008um_00064_00649-1","Unknown","reject"
"s_008um_00079_00687-1","PT","doublet_certain"
"s_008um_00121_00700-1","PT","singlet"
"s_008um_00098_00713-1","EC","singlet"
"s_008um_00116_00639-1","PT","singlet"
"s_008um_00056_00701-1","IC","singlet"
"s_008um_00016_00719-1","IC","singlet"
"s_008um_00113_00662-1","PT","singlet"
"s_008um_00117_00687-1","B_PL","doublet_certain"
"s_008um_00126_00674-1","EC","singlet"
"s_008um_00105_00663-1","PT","singlet"
"s_008um_00017_00687-1","IC","singlet"
"s_008um_00038_00719-1","Unknown","reject"
"s_008um_00122_00665-1","EC","singlet"
"s_008um_00048_00650-1","PT","singlet"
"s_008um_00101_00665-1","PT","singlet"
"s_008um_00035_00669-1","FIB","singlet"
"s_008um_00042_00712-1","PT","singlet"
"s_008um_00058_00678-1","EC","doublet_certain"
"s_008um_00092_00654-1","PT","singlet"
"s_008um_00014_00697-1","Podo","doublet_certain"
"s_008um_00116_00698-1","PT","singlet"
"s_008um_00004_00700-1","VSM/P","singlet"
"s_008um_00096_00704-1","Podo","singlet"
"s_008um_00121_00662-1","Unknown","reject"
"s_008um_00101_00687-1","Unknown","reject"
"s_008um_00058_00706-1","PT","singlet"
"s_008um_00067_00703-1","PT","singlet"
"s_008um_00114_00661-1","PT","singlet"
"s_008um_00101_00704-1","EC","singlet"
"s_008um_00047_00666-1","FIB","singlet"
"s_008um_00039_00677-1","EC","singlet"
"s_008um_00113_00690-1","PT","singlet"
"s_008um_00092_00673-1","Unknown","reject"
"s_008um_00098_00695-1","Unknown","reject"
"s_008um_00001_00686-1","DCT","singlet"
"s_008um_00027_00685-1","IC","doublet_certain"
"s_008um_00060_00710-1","PT","singlet"
"s_008um_00069_00669-1","Podo","singlet"
"s_008um_00044_00701-1","Unknown","reject"
"s_008um_00041_00699-1","IC","singlet"
"s_008um_00074_00707-1","PT","singlet"
"s_008um_00029_00689-1","FIB","singlet"
"s_008um_00107_00698-1","EC","singlet"
"s_008um_00023_00674-1","PT","singlet"
"s_008um_00050_00697-1","Unknown","doublet_uncertain"
"s_008um_00115_00677-1","VSM/P","singlet"
"s_008um_00058_00712-1","Unknown","reject"
"s_008um_00009_00717-1","Unknown","reject"
"s_008um_00063_00667-1","PT","singlet"
"s_008um_00035_00681-1","EC","singlet"
"s_008um_00041_00672-1","EC","singlet"
"s_008um_00018_00714-1","Unknown","doublet_uncertain"
"s_008um_00000_00685-1","DCT","singlet"
"s_008um_00105_00675-1","Podo","singlet"
"s_008um_00076_00664-1","PT","singlet"
"s_008um_00016_00682-1","TAL","singlet"
"s_008um_00003_00674-1","PT","singlet"
"s_008um_00016_00688-1","PC","doublet_certain"
"s_008um_00038_00678-1","EC","singlet"
"s_008um_00029_00681-1","Podo","singlet"
"s_008um_00050_00698-1","IC","singlet"
"s_008um_00116_00645-1","PT","singlet"
"s_008um_00022_00660-1","Unknown","reject"
"s_008um_00101_00683-1","EC","doublet_certain"
"s_008um_00076_00699-1","Unknown","reject"
"s_008um_00062_00681-1","IC","singlet"
"s_008um_00114_00706-1","B_PL","singlet"
"s_008um_00091_00676-1","FIB","singlet"
"s_008um_00100_00703-1","EC","singlet"
"s_008um_00026_00675-1","PT","singlet"
"s_008um_00074_00682-1","PT","singlet"
"s_008um_00007_00682-1","DCT","singlet"
"s_008um_00071_00662-1","PT","singlet"
"s_008um_00097_00662-1","PT","singlet"
"s_008um_00086_00649-1","PT","singlet"
"s_008um_00082_00686-1","Unknown","reject"
"s_008um_00092_00672-1","FIB","singlet"
"s_008um_00108_00658-1","B_PL","singlet"
"s_008um_00096_00647-1","PT","singlet"
"s_008um_00037_00677-1","Unknown","doublet_uncertain"
"s_008um_00094_00675-1","PT","singlet"
"s_008um_00087_00696-1","PT","singlet"
"s_008um_00119_00678-1","Podo","singlet"
"s_008um_00045_00665-1","FIB","doublet_certain"
"s_008um_00063_00703-1","PT","singlet"
"s_008um_00012_00716-1","Podo","singlet"
"s_008um_00109_00652-1","PT","singlet"
"s_008um_00097_00712-1","EC","singlet"
"s_008um_00061_00648-1","Unknown","reject"
"s_008um_00122_00682-1","FIB","doublet_certain"
"s_008um_00062_00655-1","DCT","singlet"
"s_008um_00113_00674-1","Podo","singlet"
"s_008um_00087_00704-1","EC","singlet"
"s_008um_00035_00652-1","IC","singlet"
"s_008um_00069_00702-1","PT","singlet"
"s_008um_00026_00700-1","Podo","singlet"
"s_008um_00003_00714-1","Podo","singlet"
"s_008um_00012_00684-1","DCT","doublet_certain"
"s_008um_00031_00696-1","EC","doublet_certain"
"s_008um_00108_00659-1","PT","singlet"
"s_008um_00032_00705-1","EC","doublet_certain"
"s_008um_00098_00701-1","Podo","singlet"
"s_008um_00085_00683-1","EC","singlet"
"s_008um_00059_00671-1","PT","singlet"
"s_008um_00083_00649-1","PT","singlet"
"s_008um_00028_00654-1","PT","singlet"
"s_008um_00064_00672-1","PT","singlet"
"s_008um_00103_00682-1","Podo","singlet"
"s_008um_00092_00696-1","EC","singlet"
"s_008um_00017_00652-1","PT","singlet"
"s_008um_00124_00672-1","B_PL","singlet"
"s_008um_00104_00678-1","Podo","singlet"
"s_008um_00109_00707-1","EC","singlet"
"s_008um_00075_00692-1","EC","singlet"
"s_008um_00067_00658-1","EC","doublet_certain"
"s_008um_00068_00697-1","Unknown","doublet_uncertain"
"s_008um_00006_00718-1","Podo","singlet"
"s_008um_00104_00687-1","EC","singlet"
"s_008um_00018_00679-1","DCT","singlet"
"s_008um_00097_00644-1","PT","singlet"
"s_008um_00097_00689-1","PT","singlet"
"s_008um_00121_00646-1","EC","singlet"
"s_008um_00004_00693-1","FIB","singlet"
"s_008um_00078_00660-1","FIB","singlet"
"s_008um_00086_00692-1","PT","singlet"
"s_008um_00118_00663-1","PT","singlet"
"s_008um_00107_00681-1","Podo","singlet"
"s_008um_00114_00651-1","PT","singlet"
"s_008um_00033_00708-1","PT","singlet"
"s_008um_00050_00687-1","Podo","singlet"
"s_008um_00107_00645-1","Unknown","reject"
"s_008um_00109_00695-1","PT","singlet"
"s_008um_00029_00667-1","PT","singlet"
"s_008um_00054_00681-1","Podo","singlet"
"s_008um_00048_00706-1","PT","singlet"
"s_008um_00066_00688-1","PT","singlet"
"s_008um_00096_00658-1","PT","singlet"
"s_008um_00115_00665-1","PT","singlet"
"s_008um_00044_00651-1","Unknown","reject"
"s_008um_00122_00694-1","PT","singlet"
"s_008um_00104_00647-1","PT","singlet"
"s_008um_00028_00694-1","Unknown","reject"
"s_008um_00102_00692-1","PT","singlet"
"s_008um_00096_00684-1","TAL","singlet"
"s_008um_00055_00708-1","PT","singlet"
"s_008um_00011_00710-1","Podo","doublet_certain"
"s_008um_00009_00711-1","Unknown","doublet_uncertain"
"s_008um_00053_00694-1","PT","singlet"
"s_008um_00013_00676-1","PT","singlet"
"s_008um_00025_00654-1","PT","singlet"
"s_008um_00097_00696-1","Unknown","reject"
"s_008um_00109_00668-1","Unknown","reject"
"s_008um_00117_00648-1","PT","singlet"
"s_008um_00089_00659-1","PT","singlet"
"s_008um_00039_00651-1","Unknown","reject"
"s_008um_00075_00657-1","PT","singlet"
"s_008um_00041_00716-1","PT","singlet"
"s_008um_00124_00653-1","IC","singlet"
"s_008um_00051_00700-1","Unknown","reject"
"s_008um_00000_00676-1","PT","singlet"
"s_008um_00049_00682-1","EC","singlet"
"s_008um_00100_00694-1","Unknown","reject"
"s_008um_00061_00691-1","PT","singlet"
"s_008um_00063_00682-1","Unknown","doublet_uncertain"
"s_008um_00082_00701-1","PT","singlet"
"s_008um_00104_00676-1","Podo","singlet"
"s_008um_00058_00707-1","PT","singlet"
"s_008um_00113_00679-1","EC","doublet_certain"
"s_008um_00057_00657-1","DCT","singlet"
"s_008um_00043_00649-1","Unknown","reject"
"s_008um_00076_00658-1","PT","singlet"
"s_008um_00031_00683-1","Podo","singlet"
"s_008um_00022_00680-1","Unknown","reject"
"s_008um_00040_00662-1","Unknown","reject"
"s_008um_00053_00711-1","VSM/P","singlet"
"s_008um_00117_00645-1","PT","singlet"
"s_008um_00090_00657-1","PT","singlet"
"s_008um_00049_00681-1","EC","singlet"
"s_008um_00050_00668-1","B_PL","singlet"
"s_008um_00068_00703-1","PT","doublet_certain"
"s_008um_00105_00697-1","EC","singlet"
"s_008um_00058_00670-1","FIB","singlet"
"s_008um_00085_00699-1","PT","singlet"
"s_008um_00037_00704-1","Unknown","reject"
"s_008um_00038_00717-1","PT","singlet"
"s_008um_00083_00712-1","Mono_Mac","singlet"
"s_008um_00023_00708-1","EC","singlet"
"s_008um_00050_00658-1","TAL","singlet"
"s_008um_00123_00689-1","PT","singlet"
"s_008um_00099_00657-1","FIB","singlet"
"s_008um_00013_00693-1","EC","singlet"
"s_008um_00070_00707-1","PT","singlet"
"s_008um_00009_00695-1","EC","doublet_certain"
"s_008um_00040_00689-1","Podo","doublet_certain"
"s_008um_00046_00659-1","Unknown","reject"
"s_008um_00084_00652-1","PT","singlet"
"s_008um_00044_00676-1","EC","singlet"
"s_008um_00097_00679-1","TAL","singlet"
"s_008um_00033_00714-1","PT","singlet"
"s_008um_00119_00677-1","EC","doublet_certain"
"s_008um_00051_00720-1","VSM/P","singlet"
"s_008um_00055_00691-1","PT","singlet"
"s_008um_00022_00709-1","EC","singlet"
"s_008um_00011_00716-1","Podo","doublet_certain"
"s_008um_00120_00702-1","PT","singlet"
"s_008um_00019_00693-1","Podo","doublet_certain"
"s_008um_00036_00695-1","Unknown","reject"
"s_008um_00103_00709-1","EC","singlet"
"s_008um_00116_00643-1","PT","singlet"
"s_008um_00086_00685-1","PT","singlet"
"s_008um_00078_00666-1","PT","singlet"
"s_008um_00053_00714-1","VSM/P","singlet"
"s_008um_00028_00661-1","PT","singlet"
"s_008um_00102_00654-1","B_PL","singlet"
"s_008um_00050_00682-1","EC","doublet_certain"
"s_008um_00091_00713-1","Unknown","reject"
"s_008um_00007_00670-1","PT","singlet"
"s_008um_00107_00673-1","Podo","singlet"
"s_008um_00102_00702-1","EC","singlet"
"s_008um_00000_00717-1","Unknown","reject"
"s_008um_00098_00708-1","Podo","singlet"
"s_008um_00052_00672-1","EC","singlet"
"s_008um_00071_00669-1","PT","singlet"
"s_008um_00074_00695-1","Unknown","doublet_uncertain"
"s_008um_00120_00663-1","Unknown","reject"
"s_008um_00025_00657-1","PT","singlet"
"s_008um_00015_00682-1","TAL","singlet"
"s_008um_00020_00712-1","Podo","doublet_certain"
"s_008um_00122_00659-1","PT","singlet"
"s_008um_00121_00703-1","PT","singlet"
"s_008um_00046_00670-1","Podo","doublet_certain"
"s_008um_00045_00674-1","EC","singlet"
"s_008um_00029_00673-1","PT","singlet"
"s_008um_00027_00704-1","Podo","singlet"
"s_008um_00015_00659-1","FIB","singlet"
"s_008um_00122_00646-1","Unknown","reject"
"s_008um_00095_00653-1","PT","singlet"
"s_008um_00012_00691-1","Podo","doublet_certain"
"s_008um_00089_00684-1","FIB","singlet"
"s_008um_00092_00675-1","Unknown","reject"
"s_008um_00096_00646-1","PT","singlet"
"s_008um_00052_00659-1","PT","singlet"
"s_008um_00001_00691-1","PT","singlet"
"s_008um_00062_00691-1","PT","singlet"
"s_008um_00117_00662-1","PT","singlet"
"s_008um_00017_00694-1","Podo","singlet"
"s_008um_00127_00642-1","PT","singlet"
"s_008um_00079_00676-1","DCT","singlet"
"s_008um_00051_00675-1","EC","doublet_certain"
"s_008um_00027_00689-1","Unknown","reject"
"s_008um_00027_00663-1","Mono_Mac","singlet"
"s_008um_00018_00692-1","Podo","doublet_certain"
"s_008um_00035_00718-1","PT","singlet"
"s_008um_00072_00690-1","Unknown","reject"
"s_008um_00040_00667-1","TAL","doublet_certain"
"s_008um_00061_00658-1","DCT","singlet"
"s_008um_00081_00652-1","PT","singlet"
"s_008um_00027_00675-1","Unknown","reject"
"s_008um_00065_00674-1","DCT","singlet"
"s_008um_00062_00709-1","PEC","singlet"
"s_008um_00082_00645-1","PT","singlet"
"s_008um_00061_00709-1","PT","singlet"
"s_008um_00088_00709-1","EC","singlet"
"s_008um_00048_00684-1","EC","singlet"
"s_008um_00077_00710-1","PT","singlet"
"s_008um_00122_00702-1","Unknown","reject"
"s_008um_00112_00641-1","Unknown","reject"
"s_008um_00027_00706-1","Podo","singlet"
"s_008um_00084_00670-1","PT","singlet"
"s_008um_00103_00657-1","B_PL","singlet"
"s_008um_00065_00699-1","PC","singlet"
"s_008um_00007_00703-1","EC","singlet"
"s_008um_00051_00717-1","VSM/P","singlet"
"s_008um_00010_00674-1","PT","singlet"
"s_008um_00049_00697-1","IC","singlet"
"s_008um_00031_00704-1","PEC","singlet"
"s_008um_00089_00679-1","TAL","doublet_certain"
"s_008um_00113_00696-1","Unknown","reject"
"s_008um_00105_00681-1","Podo","singlet"
"s_008um_00065_00707-1","FIB","singlet"
"s_008um_00126_00659-1","PT","singlet"
"s_008um_00052_00669-1","FIB","singlet"
"s_008um_00029_00721-1","PT","singlet"
"s_008um_00094_00659-1","PT","singlet"
"s_008um_00126_00680-1","B_PL","singlet"
"s_008um_00114_00653-1","PT","singlet"
"s_008um_00051_00669-1","FIB","doublet_certain"
"s_008um_00059_00709-1","PT","singlet"
"s_008um_00014_00696-1","EC","doublet_certain"
"s_008um_00114_00680-1","EC","singlet"
"s_008um_00081_00664-1","PT","singlet"
"s_008um_00084_00669-1","PT","singlet"
"s_008um_00127_00647-1","Unknown","reject"
"s_008um_00078_00690-1","FIB","singlet"
"s_008um_00066_00655-1","DCT","singlet"
"s_008um_00016_00718-1","IC","singlet"
"s_008um_00017_00667-1","PT","singlet"
"s_008um_00085_00676-1","DCT","singlet"
"s_008um_00125_00638-1","VSM/P","singlet"
"s_008um_00111_00687-1","VSM/P","singlet"
"s_008um_00057_00704-1","Unknown","reject"
"s_008um_00053_00710-1","Unknown","reject"
"s_008um_00057_00700-1","IC","singlet"
"s_008um_00051_00687-1","Podo","singlet"
"s_008um_00121_00647-1","PT","singlet"
"s_008um_00034_00664-1","Unknown","reject"
"s_008um_00092_00665-1","Unknown","reject"
"s_008um_00012_00671-1","PT","singlet"
"s_008um_00087_00697-1","PT","singlet"
"s_008um_00018_00652-1","PT","singlet"
"s_008um_00019_00668-1","PT","singlet"
"s_008um_00072_00689-1","B_PL","doublet_certain"
"s_008um_00043_00685-1","EC","singlet"
"s_008um_00033_00675-1","VSM/P","singlet"
"s_008um_00010_00708-1","Unknown","doublet_uncertain"
"s_008um_00052_00681-1","Podo","singlet"
"s_008um_00084_00653-1","PT","singlet"
"s_008um_00009_00674-1","PT","singlet"
"s_008um_00089_00647-1","Unknown","reject"
"s_008um_00003_00701-1","EC","singlet"
"s_008um_00006_00720-1","Unknown","reject"
"s_008um_00000_00713-1","PT","singlet"
"s_008um_00102_00676-1","FIB","singlet"
"s_008um_00102_00684-1","FIB","singlet"
"s_008um_00009_00670-1","PT","singlet"
"s_008um_00121_00682-1","FIB","doublet_certain"
"s_008um_00054_00716-1","VSM/P","singlet"
"s_008um_00065_00705-1","PT","singlet"
"s_008um_00126_00648-1","Unknown","doublet_uncertain"
"s_008um_00003_00679-1","DCT","singlet"
"s_008um_00063_00660-1","DCT","singlet"
"s_008um_00098_00675-1","PT","singlet"
"s_008um_00085_00711-1","FIB","singlet"
"s_008um_00115_00654-1","PT","singlet"
"s_008um_00000_00711-1","Unknown","reject"
"s_008um_00044_00654-1","PT","singlet"
"s_008um_00111_00688-1","FIB","singlet"
"s_008um_00022_00711-1","EC","doublet_certain"
"s_008um_00003_00700-1","Podo","singlet"
"s_008um_00048_00701-1","DCT","singlet"
"s_008um_00022_00652-1","PT","singlet"
"s_008um_00058_00701-1","Unknown","reject"
"s_008um_00034_00703-1","IC","singlet"
"s_008um_00076_00701-1","IC","singlet"
"s_008um_00101_00644-1","EC","singlet"
"s_008um_00114_00657-1","IC","singlet"
"s_008um_00077_00649-1","Unknown","reject"
"s_008um_00057_00686-1","B_PL","doublet_certain"
"s_008um_00040_00650-1","B_PL","singlet"
"s_008um_00085_00673-1","DCT","singlet"
"s_008um_00071_00664-1","PT","singlet"
"s_008um_00092_00686-1","Unknown","doublet_uncertain"
"s_008um_00102_00678-1","Unknown","reject"
"s_008um_00073_00668-1","Unknown","reject"
"s_008um_00073_00711-1","PT","singlet"
"s_008um_00014_00688-1","IC","doublet_certain"
"s_008um_00064_00695-1","Unknown","reject"
"s_008um_00029_00708-1","PEC","singlet"
"s_008um_00001_00659-1","PT","singlet"
"s_008um_00030_00672-1","PT","singlet"
"s_008um_00126_00687-1","PT","singlet"
"s_008um_00010_00680-1","DCT","singlet"
"s_008um_00032_00673-1","TAL","singlet"
"s_008um_00047_00670-1","Unknown","reject"
"s_008um_00075_00687-1","PT","singlet"
"s_008um_00014_00691-1","Podo","doublet_certain"
"s_008um_00117_00658-1","IC","singlet"
"s_008um_00078_00662-1","FIB","singlet"
"s_008um_00064_00659-1","DCT","singlet"
"s_008um_00089_00651-1","PT","singlet"
"s_008um_00060_00663-1","EC","singlet"
"s_008um_00094_00704-1","EC","singlet"
"s_008um_00124_00678-1","Podo","singlet"
"s_008um_00107_00700-1","EC","singlet"
"s_008um_00067_00716-1","Unknown","reject"
"s_008um_00111_00673-1","EC","singlet"
"s_008um_00033_00658-1","PT","singlet"
"s_008um_00013_00700-1","EC","doublet_certain"
"s_008um_00084_00672-1","Unknown","reject"
"s_008um_00089_00681-1","Unknown","reject"
"s_008um_00102_00658-1","FIB","doublet_certain"
"s_008um_00079_00694-1","PT","singlet"
"s_008um_00011_00690-1","Podo","singlet"
"s_008um_00056_00711-1","PT","singlet"
"s_008um_00100_00670-1","PT","singlet"
"s_008um_00020_00706-1","EC","singlet"
"s_008um_00085_00700-1","EC","singlet"
"s_008um_00070_00668-1","PT","singlet"
"s_008um_00020_00710-1","EC","doublet_certain"
"s_008um_00028_00690-1","Unknown","doublet_uncertain"
"s_008um_00034_00676-1","VSM/P","singlet"
"s_008um_00086_00658-1","PT","singlet"
"s_008um_00061_00682-1","CNT","doublet_certain"
"s_008um_00047_00660-1","PC","singlet"
"s_008um_00097_00692-1","PT","singlet"
"s_008um_00099_00681-1","VSM/P","singlet"
"s_008um_00014_00659-1","Unknown","reject"
"s_008um_00090_00648-1","PT","singlet"
"s_008um_00013_00695-1","Podo","doublet_certain"
"s_008um_00026_00692-1","Podo","singlet"
"s_008um_00089_00710-1","EC","singlet"
"s_008um_00002_00679-1","DCT","singlet"
"s_008um_00090_00685-1","PT","singlet"
"s_008um_00102_00650-1","PT","singlet"
"s_008um_00036_00670-1","Unknown","reject"
"s_008um_00014_00701-1","EC","doublet_certain"
"s_008um_00031_00712-1","PT","singlet"
"s_008um_00020_00682-1","TAL","singlet"
"s_008um_00026_00655-1","PT","singlet"
"s_008um_00088_00663-1","PT","singlet"
"s_008um_00076_00654-1","EC","singlet"
"s_008um_00039_00673-1","EC","singlet"
"s_008um_00109_00696-1","Unknown","reject"
"s_008um_00104_00692-1","PT","singlet"
"s_008um_00070_00685-1","PT","singlet"
"s_008um_00121_00666-1","FIB","singlet"
"s_008um_00101_00677-1","FIB","singlet"
"s_008um_00048_00681-1","EC","singlet"
"s_008um_00014_00660-1","EC","singlet"
"s_008um_00104_00706-1","EC","singlet"
"s_008um_00051_00716-1","VSM/P","singlet"
"s_008um_00055_00692-1","PT","singlet"
"s_008um_00077_00674-1","DCT","singlet"
"s_008um_00078_00695-1","PT","singlet"
"s_008um_00022_00681-1","TAL","doublet_certain"
"s_008um_00055_00671-1","PEC","singlet"
"s_008um_00121_00677-1","EC","doublet_certain"
"s_008um_00122_00691-1","FIB","singlet"
"s_008um_00095_00708-1","EC","singlet"
"s_008um_00034_00716-1","PT","singlet"
"s_008um_00046_00716-1","Unknown","reject"
"s_008um_00013_00681-1","DCT","singlet"
"s_008um_00004_00662-1","Unknown","reject"
"s_008um_00091_00670-1","PT","singlet"
"s_008um_00105_00670-1","Podo","singlet"
"s_008um_00091_00710-1","EC","singlet"
"s_008um_00069_00693-1","PT","singlet"
"s_008um_00032_00687-1","Podo","singlet"
"s_008um_00088_00703-1","EC","singlet"
"s_008um_00056_00704-1","Unknown","doublet_uncertain"
"s_008um_00079_00657-1","FIB","singlet"
"s_008um_00105_00665-1","PT","singlet"
"s_008um_00114_00669-1","Podo","singlet"
"s_008um_00030_00694-1","FIB","singlet"
"s_008um_00049_00676-1","Podo","singlet"
"s_008um_00010_00655-1","PT","singlet"
"s_008um_00006_00719-1","IC","singlet"
"s_008um_00045_00714-1","VSM/P","singlet"
"s_008um_00079_00712-1","EC","doublet_certain"
"s_008um_00007_00711-1","Podo","singlet"
"s_008um_00090_00677-1","Unknown","doublet_uncertain"
"s_008um_00044_00687-1","EC","doublet_certain"
"s_008um_00089_00695-1","PT","singlet"
"s_008um_00096_00657-1","PT","singlet"
"s_008um_00054_00700-1","Unknown","reject"
"s_008um_00035_00694-1","IC","singlet"
"s_008um_00112_00658-1","IC","singlet"
"s_008um_00045_00708-1","PT","singlet"
"s_008um_00046_00712-1","VSM/P","doublet_certain"
"s_008um_00073_00710-1","PT","singlet"
"s_008um_00078_00696-1","EC","singlet"
"s_008um_00121_00642-1","EC","singlet"
"s_008um_00103_00699-1","EC","singlet"
"s_008um_00002_00661-1","PT","singlet"
"s_008um_00087_00691-1","PT","singlet"
"s_008um_00074_00654-1","PT","singlet"
"s_008um_00057_00668-1","FIB","singlet"
"s_008um_00114_00686-1","Podo","doublet_certain"
"s_008um_00113_00650-1","PT","singlet"
"s_008um_00000_00686-1","DCT","singlet"
"s_008um_00002_00705-1","EC","singlet"
"s_008um_00077_00668-1","PT","singlet"
"s_008um_00003_00665-1","PT","singlet"
"s_008um_00032_00685-1","Unknown","doublet_uncertain"
"s_008um_00110_00666-1","FIB","singlet"
"s_008um_00079_00704-1","PT","singlet"
"s_008um_00121_00679-1","Podo","singlet"
"s_008um_00001_00704-1","EC","singlet"
"s_008um_00077_00679-1","DCT","singlet"
"s_008um_00059_00672-1","PT","singlet"
"s_008um_00071_00666-1","Unknown","reject"
"s_008um_00063_00714-1","EC","singlet"
"s_008um_00009_00707-1","EC","doublet_certain"
"s_008um_00112_00648-1","PT","singlet"
"s_008um_00045_00687-1","EC","doublet_certain"
"s_008um_00030_00677-1","Unknown","reject"
"s_008um_00038_00666-1","Unknown","doublet_uncertain"
"s_008um_00015_00661-1","EC","singlet"
"s_008um_00010_00698-1","EC","singlet"
"s_008um_00013_00717-1","Unknown","reject"
"s_008um_00023_00656-1","EC","doublet_certain"
"s_008um_00080_00699-1","Unknown","reject"
"s_008um_00047_00688-1","Podo","singlet"
"s_008um_00037_00685-1","Podo","doublet_certain"
"s_008um_00081_00656-1","PT","singlet"
"s_008um_00096_00712-1","EC","singlet"
"s_008um_00120_00703-1","PT","singlet"
"s_008um_00013_00655-1","Unknown","reject"
"s_008um_00062_00683-1","IC","singlet"
"s_008um_00051_00655-1","DTL","singlet"
"s_008um_00087_00679-1","PT","singlet"
"s_008um_00026_00711-1","Podo","singlet"
"s_008um_00001_00698-1","Podo","singlet"
"s_008um_00075_00654-1","Unknown","reject"
"s_008um_00011_00667-1","PT","singlet"
"s_008um_00061_00679-1","PC","singlet"
"s_008um_00108_00680-1","EC","singlet"
"s_008um_00116_00662-1","PT","singlet"
"s_008um_00051_00688-1","Podo","singlet"
"s_008um_00021_00701-1","Unknown","reject"
"s_008um_00033_00720-1","Unknown","reject"
"s_008um_00026_00663-1","Unknown","reject"
"s_008um_00014_00693-1","EC","doublet_certain"
"s_008um_00113_00659-1","Unknown","reject"
"s_008um_00044_00718-1","Unknown","reject"
"s_008um_00026_00708-1","EC","doublet_certain"
"s_008um_00074_00664-1","PT","singlet"
"s_008um_00080_00700-1","PT","doublet_certain"
"s_008um_00039_00707-1","Unknown","reject"
"s_008um_00108_00706-1","EC","singlet"
"s_008um_00116_00700-1","PT","singlet"
"s_008um_00054_00656-1","Unknown","doublet_uncertain"
"s_008um_00039_00683-1","EC","doublet_certain"
"s_008um_00032_00669-1","PT","singlet"
"s_008um_00087_00660-1","PT","singlet"
"s_008um_00058_00660-1","DCT","singlet"
"s_008um_00113_00676-1","Podo","singlet"
"s_008um_00033_00661-1","PT","singlet"
"s_008um_00038_00716-1","PT","singlet"
"s_008um_00083_00656-1","PT","singlet"
"s_008um_00107_00697-1","PEC","singlet"
"s_008um_00041_00718-1","PT","singlet"
"s_008um_00049_00715-1","VSM/P","singlet"
"s_008um_00021_00703-1","EC","singlet"
"s_008um_00106_00663-1","Unknown","reject"
"s_008um_00087_00654-1","Unknown","reject"
"s_008um_00024_00715-1","Podo","singlet"
"s_008um_00033_00684-1","Podo","singlet"
"s_008um_00064_00698-1","CNT","singlet"
"s_008um_00081_00708-1","DCT","singlet"
"s_008um_00093_00655-1","PT","singlet"
"s_008um_00096_00656-1","PT","singlet"
"s_008um_00016_00689-1","Podo","singlet"
"s_008um_00080_00680-1","Unknown","reject"
"s_008um_00093_00662-1","Unknown","reject"
"s_008um_00064_00657-1","DCT","singlet"
"s_008um_00060_00715-1","VSM/P","singlet"
"s_008um_00092_00674-1","Unknown","reject"
"s_008um_00024_00654-1","PT","singlet"
"s_008um_00099_00698-1","EC","doublet_certain"
"s_008um_00038_00671-1","EC","singlet"
"s_008um_00074_00681-1","PT","singlet"
"s_008um_00089_00655-1","Unknown","reject"
"s_008um_00095_00699-1","Podo","singlet"
"s_008um_00117_00678-1","Podo","singlet"
"s_008um_00076_00698-1","Unknown","doublet_uncertain"
"s_008um_00125_00678-1","PEC","singlet"
"s_008um_00096_00685-1","TAL","singlet"
"s_008um_00004_00689-1","DCT","doublet_certain"
"s_008um_00077_00667-1","PT","singlet"
"s_008um_00052_00673-1","EC","singlet"
"s_008um_00066_00682-1","PT","singlet"
"s_008um_00047_00684-1","Podo","doublet_certain"
"s_008um_00100_00660-1","PT","singlet"
"s_008um_00090_00656-1","PT","singlet"
"s_008um_00127_00673-1","EC","singlet"
"s_008um_00081_00659-1","PT","singlet"
"s_008um_00115_00701-1","B_PL","singlet"
"s_008um_00007_00705-1","EC","doublet_certain"
"s_008um_00016_00677-1","DCT","singlet"
"s_008um_00010_00683-1","Unknown","doublet_uncertain"
"s_008um_00075_00680-1","PT","singlet"
"s_008um_00016_00657-1","PT","singlet"
"s_008um_00024_00667-1","Unknown","reject"
"s_008um_00119_00686-1","B_PL","doublet_certain"
"s_008um_00105_00668-1","FIB","singlet"
"s_008um_00062_00662-1","DCT","singlet"
"s_008um_00034_00682-1","EC","doublet_certain"
"s_008um_00055_00666-1","EC","doublet_certain"
"s_008um_00056_00709-1","EC","singlet"
"s_008um_00010_00716-1","EC","doublet_certain"
"s_008um_00078_00697-1","EC","doublet_certain"
"s_008um_00042_00704-1","DCT","singlet"
"s_008um_00121_00669-1","PEC","singlet"
"s_008um_00112_00672-1","EC","singlet"
"s_008um_00019_00674-1","FIB","singlet"
"s_008um_00086_00663-1","PT","singlet"
"s_008um_00106_00698-1","Unknown","reject"
"s_008um_00085_00687-1","PT","singlet"
"s_008um_00047_00708-1","Unknown","reject"
"s_008um_00016_00680-1","DCT","singlet"
"s_008um_00104_00644-1","PC","singlet"
"s_008um_00050_00672-1","EC","singlet"
"s_008um_00094_00698-1","EC","singlet"
"s_008um_00118_00675-1","Podo","singlet"
"s_008um_00071_00672-1","DCT","singlet"
"s_008um_00093_00693-1","PT","singlet"
"s_008um_00019_00715-1","Podo","singlet"
"s_008um_00043_00666-1","Unknown","reject"
"s_008um_00035_00691-1","Podo","singlet"
"s_008um_00072_00696-1","Unknown","reject"
"s_008um_00032_00716-1","PT","singlet"
"s_008um_00052_00717-1","Unknown","reject"
"s_008um_00058_00717-1","EC","singlet"
"s_008um_00057_00663-1","PT","singlet"
"s_008um_00104_00695-1","Unknown","reject"
"s_008um_00020_00685-1","IC","singlet"
"s_008um_00068_00694-1","Unknown","doublet_uncertain"
"s_008um_00003_00712-1","Podo","singlet"
"s_008um_00067_00669-1","PT","singlet"
"s_008um_00102_00666-1","PT","singlet"
"s_008um_00047_00668-1","EC","singlet"
"s_008um_00081_00694-1","Unknown","reject"
"s_008um_00029_00706-1","Podo","doublet_certain"
"s_008um_00056_00697-1","PT","singlet"
"s_008um_00099_00691-1","PT","singlet"
"s_008um_00067_00655-1","DCT","singlet"
"s_008um_00065_00692-1","PT","singlet"
"s_008um_00058_00685-1","PC","doublet_certain"
"s_008um_00125_00681-1","Unknown","doublet_uncertain"
"s_008um_00022_00682-1","TAL","singlet"
"s_008um_00005_00679-1","DCT","singlet"
"s_008um_00078_00656-1","PT","singlet"
"s_008um_00003_00691-1","DCT","singlet"
"s_008um_00094_00693-1","PT","singlet"
"s_008um_00125_00640-1","Unknown","reject"
"s_008um_00083_00667-1","PT","singlet"
"s_008um_00040_00666-1","TAL","singlet"
"s_008um_00099_00654-1","PT","singlet"
"s_008um_00082_00675-1","DCT","singlet"
"s_008um_00077_00661-1","FIB","singlet"
"s_008um_00108_00678-1","EC","singlet"
"s_008um_00072_00687-1","T_NK","singlet"
"s_008um_00047_00683-1","EC","doublet_certain"
"s_008um_00073_00690-1","EC","singlet"
"s_008um_00095_00703-1","EC","singlet"
"s_008um_00054_00653-1","Unknown","reject"
"s_008um_00003_00719-1","IC","singlet"
"s_008um_00000_00712-1","PT","singlet"
"s_008um_00113_00701-1","B_PL","singlet"
"s_008um_00115_00703-1","Unknown","reject"
"s_008um_00008_00674-1","Unknown","reject"
"s_008um_00012_00704-1","Unknown","doublet_uncertain"
"s_008um_00005_00670-1","PT","singlet"
"s_008um_00109_00655-1","PT","singlet"
"s_008um_00051_00683-1","Podo","singlet"
"s_008um_00099_00685-1","VSM/P","singlet"
"s_008um_00103_00691-1","PT","singlet"
"s_008um_00079_00684-1","PT","singlet"
"s_008um_00090_00676-1","Unknown","reject"
"s_008um_00047_00692-1","EC","singlet"
"s_008um_00113_00655-1","PT","singlet"
"s_008um_00087_00694-1","PT","singlet"
"s_008um_00017_00708-1","Podo","doublet_certain"
"s_008um_00057_00660-1","PT","singlet"
"s_008um_00101_00700-1","EC","singlet"
"s_008um_00016_00720-1","IC","singlet"
"s_008um_00020_00684-1","TAL","singlet"
"s_008um_00041_00681-1","EC","doublet_certain"
"s_008um_00099_00676-1","PT","singlet"
"s_008um_00103_00643-1","B_PL","singlet"
"s_008um_00066_00649-1","Unknown","reject"
"s_008um_00015_00654-1","PT","singlet"
"s_008um_00112_00657-1","EC","singlet"
"s_008um_00018_00704-1","EC","singlet"
"s_008um_00009_00664-1","PT","singlet"
"s_008um_00012_00706-1","EC","doublet_certain"
"s_008um_00125_00639-1","Unknown","reject"
"s_008um_00000_00666-1","PT","singlet"
"s_008um_00113_00700-1","B_PL","singlet"
"s_008um_00073_00693-1","FIB","singlet"
"s_008um_00111_00651-1","PT","singlet"
"s_008um_00100_00665-1","PT","singlet"
"s_008um_00077_00707-1","PT","singlet"
"s_008um_00050_00689-1","Podo","singlet"
"s_008um_00049_00654-1","DTL","singlet"
"s_008um_00074_00713-1","EC","singlet"
"s_008um_00062_00695-1","Unknown","reject"
"s_008um_00077_00685-1","PT","singlet"
"s_008um_00092_00683-1","TAL","singlet"
"s_008um_00032_00654-1","PT","singlet"
"s_008um_00014_00709-1","EC","singlet"
"s_008um_00089_00680-1","EC","singlet"
"s_008um_00043_00684-1","Podo","doublet_certain"
"s_008um_00023_00691-1","Podo","singlet"
"s_008um_00003_00716-1","Podo","singlet"
"s_008um_00100_00661-1","PT","singlet"
"s_008um_00027_00717-1","IC","singlet"
"s_008um_00009_00710-1","Podo","doublet_certain"
"s_008um_00080_00652-1","PT","singlet"
"s_008um_00070_00664-1","PT","singlet"
"s_008um_00017_00688-1","Unknown","reject"
"s_008um_00023_00713-1","Podo","singlet"
"s_008um_00113_00664-1","PT","singlet"
"s_008um_00071_00695-1","EC","doublet_certain"
"s_008um_00067_00659-1","DCT","singlet"
"s_008um_00028_00675-1","Unknown","doublet_uncertain"
"s_008um_00043_00679-1","EC","singlet"
"s_008um_00067_00689-1","PT","singlet"
"s_008um_00099_00683-1","VSM/P","singlet"
"s_008um_00116_00654-1","PT","singlet"
"s_008um_00089_00649-1","PT","singlet"
"s_008um_00099_00675-1","PT","singlet"
"s_008um_00121_00645-1","PT","singlet"
"s_008um_00027_00671-1","PT","singlet"
"s_008um_00063_00716-1","Unknown","reject"
"s_008um_00077_00686-1","PT","singlet"
"s_008um_00060_00689-1","Unknown","reject"
"s_008um_00065_00657-1","DCT","singlet"
"s_008um_00013_00710-1","Podo","doublet_certain"
"s_008um_00024_00705-1","EC","singlet"
"s_008um_00085_00658-1","PT","singlet"
"s_008um_00038_00695-1","Unknown","doublet_uncertain"
"s_008um_00048_00719-1","Unknown","reject"
"s_008um_00017_00676-1","EC","singlet"
"s_008um_00106_00666-1","PT","singlet"
"s_008um_00117_00685-1","Unknown","doublet_uncertain"
"s_008um_00089_00696-1","PT","singlet"
"s_008um_00107_00663-1","FIB","singlet"
"s_008um_00027_00677-1","Unknown","doublet_uncertain"
"s_008um_00063_00713-1","PT","singlet"
"s_008um_00005_00696-1","EC","singlet"
"s_008um_00066_00650-1","Unknown","reject"
"s_008um_00123_00692-1","FIB","singlet"
"s_008um_00043_00697-1","Unknown","doublet_uncertain"
"s_008um_00066_00648-1","Unknown","reject"
"s_008um_00097_00686-1","TAL","singlet"
"s_008um_00107_00679-1","EC","doublet_certain"
"s_008um_00037_00657-1","PT","singlet"
"s_008um_00048_00664-1","PC","singlet"
"s_008um_00000_00672-1","PT","singlet"
"s_008um_00090_00669-1","Unknown","reject"
"s_008um_00057_00691-1","PT","singlet"
"s_008um_00097_00643-1","Unknown","reject"
"s_008um_00104_00657-1","B_PL","singlet"
"s_008um_00091_00660-1","PT","singlet"
"s_008um_00077_00700-1","IC","doublet_certain"
"s_008um_00081_00672-1","DCT","singlet"
"s_008um_00104_00671-1","Podo","singlet"
"s_008um_00094_00690-1","PT","singlet"
"s_008um_00110_00663-1","PT","singlet"
"s_008um_00029_00710-1","Unknown","reject"
"s_008um_00096_00695-1","EC","singlet"
"s_008um_00047_00713-1","VSM/P","singlet"
"s_008um_00062_00697-1","EC","singlet"
"s_008um_00037_00672-1","EC","singlet"
"s_008um_00006_00705-1","EC","singlet"
"s_008um_00071_00656-1","PT","singlet"
"s_008um_00010_00685-1","Unknown","doublet_uncertain"
"s_008um_00099_00694-1","Unknown","doublet_uncertain"
"s_008um_00013_00684-1","DCT","singlet"
"s_008um_00121_00680-1","Podo","doublet_certain"
"s_008um_00110_00674-1","Unknown","reject"
"s_008um_00062_00699-1","IC","doublet_certain"
"s_008um_00004_00690-1","DCT","singlet"
"s_008um_00020_00702-1","EC","singlet"
"s_008um_00074_00696-1","FIB","singlet"
"s_008um_00034_00701-1","Unknown","reject"
"s_008um_00018_00660-1","EC","singlet"
"s_008um_00079_00696-1","FIB","singlet"
"s_008um_00116_00644-1","Unknown","reject"
"s_008um_00084_00687-1","PT","singlet"
"s_008um_00122_00683-1","B_PL","singlet"
"s_008um_00127_00672-1","Unknown","reject"
"s_008um_00021_00719-1","Podo","singlet"
"s_008um_00104_00640-1","FIB","singlet"
"s_008um_00066_00712-1","PT","singlet"
"s_008um_00099_00680-1","VSM/P","singlet"
"s_008um_00012_00697-1","EC","doublet_certain"
"s_008um_00005_00678-1","DCT","singlet"
"s_008um_00014_00680-1","TAL","singlet"
"s_008um_00024_00658-1","PT","singlet"
"s_008um_00071_00706-1","PT","singlet"
"s_008um_00024_00653-1","PT","singlet"
"s_008um_00045_00706-1","PT","doublet_certain"
"s_008um_00043_00654-1","Unknown","reject"
"s_008um_00006_00693-1","EC","doublet_certain"
"s_008um_00040_00665-1","TAL","singlet"
"s_008um_00063_00661-1","DCT","singlet"
"s_008um_00102_00691-1","PT","singlet"
"s_008um_00032_00721-1","PT","singlet"
"s_008um_00031_00654-1","PT","singlet"
"s_008um_00104_00648-1","PT","singlet"
"s_008um_00070_00674-1","DCT","singlet"
"s_008um_00101_00679-1","Unknown","reject"
"s_008um_00043_00711-1","PT","singlet"
"s_008um_00125_00699-1","PT","singlet"
"s_008um_00048_00682-1","EC","singlet"
"s_008um_00119_00691-1","PT","singlet"
"s_008um_00004_00670-1","PT","singlet"
"s_008um_00085_00645-1","PT","singlet"
"s_008um_00043_00678-1","EC","singlet"
"s_008um_00012_00711-1","EC","doublet_certain"
"s_008um_00065_00677-1","Unknown","reject"
"s_008um_00000_00715-1","PT","singlet"
"s_008um_00059_00698-1","IC","singlet"
"s_008um_00066_00695-1","PT","singlet"
"s_008um_00086_00710-1","EC","singlet"
"s_008um_00039_00688-1","Podo","singlet"
"s_008um_00081_00677-1","DCT","singlet"
"s_008um_00102_00657-1","B_PL","singlet"
"s_008um_00056_00712-1","VSM/P","singlet"
"s_008um_00047_00674-1","EC","doublet_certain"
"s_008um_00101_00674-1","PT","singlet"
"s_008um_00056_00668-1","FIB","singlet"
"s_008um_00033_00657-1","PT","singlet"
"s_008um_00060_00687-1","FIB","singlet"
"s_008um_00103_00646-1","EC","singlet"
"s_008um_00024_00713-1","Podo","singlet"
"s_008um_00024_00711-1","Podo","singlet"
"s_008um_00062_00708-1","PT","singlet"
"s_008um_00106_00640-1","EC","singlet"
"s_008um_00116_00647-1","Unknown","reject"
"s_008um_00071_00663-1","PT","singlet"
"s_008um_00076_00647-1","Neutro","singlet"
"s_008um_00120_00643-1","PT","singlet"
"s_008um_00082_00698-1","PT","singlet"
"s_008um_00089_00661-1","PT","singlet"
"s_008um_00100_00697-1","EC","singlet"
"s_008um_00105_00677-1","Podo","singlet"
"s_008um_00016_00694-1","Podo","doublet_certain"
"s_008um_00007_00671-1","PT","singlet"
"s_008um_00080_00710-1","DCT","singlet"
"s_008um_00118_00690-1","PT","singlet"
"s_008um_00016_00661-1","EC","singlet"
"s_008um_00066_00680-1","Unknown","reject"
"s_008um_00042_00693-1","Unknown","reject"
"s_008um_00123_00649-1","PT","singlet"
"s_008um_00097_00645-1","PT","singlet"
"s_008um_00064_00648-1","Unknown","reject"
"s_008um_00044_00713-1","PT","singlet"
"s_008um_00096_00655-1","PT","singlet"
"s_008um_00040_00691-1","Podo","singlet"
"s_008um_00040_00707-1","DCT","singlet"
"s_008um_00034_00660-1","PT","singlet"
"s_008um_00111_00647-1","Unknown","reject"
"s_008um_00068_00695-1","Unknown","reject"
"s_008um_00124_00679-1","Unknown","reject"
"s_008um_00044_00707-1","PT","singlet"
"s_008um_00040_00715-1","PT","singlet"
"s_008um_00021_00712-1","Podo","singlet"
"s_008um_00120_00681-1","Podo","doublet_certain"
"s_008um_00080_00693-1","EC","singlet"
"s_008um_00120_00641-1","EC","singlet"
"s_008um_00046_00650-1","Unknown","reject"
"s_008um_00010_00664-1","PT","singlet"
"s_008um_00021_00679-1","DCT","doublet_certain"
"s_008um_00086_00689-1","PT","singlet"
"s_008um_00017_00674-1","FIB","singlet"
"s_008um_00037_00715-1","PT","singlet"
"s_008um_00081_00705-1","EC","singlet"
"s_008um_00116_00684-1","Podo","doublet_certain"
"s_008um_00126_00646-1","PT","singlet"
"s_008um_00021_00672-1","Unknown","reject"
"s_008um_00116_00671-1","EC","singlet"
"s_008um_00097_00674-1","PT","singlet"
"s_008um_00074_00651-1","Unknown","reject"
"s_008um_00011_00703-1","EC","singlet"
"s_008um_00015_00708-1","Unknown","doublet_uncertain"
"s_008um_00077_00697-1","EC","singlet"
"s_008um_00052_00684-1","Podo","singlet"
"s_008um_00123_00674-1","PEC","singlet"
"s_008um_00123_00651-1","PC","singlet"
"s_008um_00042_00672-1","EC","singlet"
"s_008um_00022_00708-1","EC","singlet"
"s_008um_00047_00682-1","EC","singlet"
"s_008um_00080_00669-1","Unknown","reject"
"s_008um_00110_00642-1","PT","singlet"
"s_008um_00040_00671-1","EC","singlet"
"s_008um_00113_00675-1","Podo","singlet"
"s_008um_00107_00666-1","PT","singlet"
"s_008um_00078_00648-1","EC","singlet"
"s_008um_00036_00661-1","PT","singlet"
"s_008um_00031_00688-1","Podo","singlet"
"s_008um_00022_00718-1","IC","singlet"
"s_008um_00047_00659-1","Unknown","reject"
"s_008um_00020_00662-1","PT","singlet"
"s_008um_00100_00684-1","VSM/P","singlet"
"s_008um_00116_00669-1","Podo","singlet"
"s_008um_00096_00664-1","PT","singlet"
"s_008um_00107_00701-1","EC","singlet"
"s_008um_00014_00713-1","Podo","doublet_certain"
"s_008um_00124_00685-1","Unknown","doublet_uncertain"
"s_008um_00083_00675-1","DCT","doublet_certain"
"s_008um_00033_00651-1","Unknown","reject"
"s_008um_00107_00706-1","Unknown","reject"
"s_008um_00030_00712-1","Unknown","reject"
"s_008um_00034_00715-1","PT","singlet"
"s_008um_00118_00674-1","EC","doublet_certain"
"s_008um_00081_00690-1","Unknown","reject"
"s_008um_00113_00677-1","EC","singlet"
"s_008um_00087_00655-1","Mono_Mac","singlet"
"s_008um_00067_00688-1","PT","singlet"
"s_008um_00109_00697-1","PEC","singlet"
"s_008um_00060_00681-1","Unknown","reject"
"s_008um_00045_00700-1","Unknown","reject"
"s_008um_00092_00648-1","Unknown","reject"
"s_008um_00100_00651-1","PT","singlet"
"s_008um_00068_00713-1","Unknown","reject"
"s_008um_00022_00670-1","EC","singlet"
"s_008um_00051_00662-1","Unknown","reject"
"s_008um_00018_00658-1","Unknown","reject"
"s_008um_00024_00720-1","Unknown","reject"
"s_008um_00023_00652-1","PT","singlet"
"s_008um_00033_00654-1","PT","singlet"
"s_008um_00121_00695-1","PT","singlet"
"s_008um_00089_00677-1","DCT","singlet"
"s_008um_00074_00658-1","PT","singlet"
"s_008um_00119_00656-1","Unknown","reject"
"s_008um_00073_00658-1","PT","singlet"
"s_008um_00046_00709-1","EC","singlet"
"s_008um_00037_00694-1","IC","singlet"
"s_008um_00098_00667-1","Unknown","doublet_uncertain"
"s_008um_00087_00699-1","Unknown","reject"
"s_008um_00007_00680-1","DCT","singlet"
"s_008um_00013_00668-1","PT","singlet"
"s_008um_00017_00669-1","PT","singlet"
"s_008um_00116_00670-1","Podo","singlet"
"s_008um_00100_00680-1","VSM/P","singlet"
"s_008um_00016_00697-1","Podo","singlet"
"s_008um_00067_00650-1","Unknown","reject"
"s_008um_00010_00719-1","IC","singlet"
"s_008um_00041_00711-1","PT","doublet_certain"
"s_008um_00011_00704-1","EC","doublet_certain"
"s_008um_00111_00695-1","EC","singlet"
"s_008um_00031_00689-1","Podo","singlet"
"s_008um_00097_00652-1","FIB","doublet_certain"
"s_008um_00094_00682-1","TAL","singlet"
"s_008um_00101_00695-1","PT","singlet"
"s_008um_00117_00684-1","Podo","doublet_certain"
"s_008um_00046_00653-1","PT","singlet"
"s_008um_00080_00703-1","PT","singlet"
"s_008um_00028_00691-1","FIB","singlet"
"s_008um_00015_00718-1","IC","singlet"
"s_008um_00057_00695-1","PT","singlet"
"s_008um_00110_00680-1","EC","doublet_certain"
"s_008um_00107_00648-1","B_PL","singlet"
"s_008um_00091_00681-1","TAL","singlet"
"s_008um_00057_00692-1","PT","singlet"
"s_008um_00099_00664-1","PT","singlet"
"s_008um_00000_00691-1","PT","singlet"
"s_008um_00051_00698-1","DCT","singlet"
"s_008um_00078_00699-1","IC","singlet"
"s_008um_00084_00676-1","DCT","singlet"
"s_008um_00015_00711-1","EC","doublet_certain"
"s_008um_00051_00691-1","FIB","singlet"
"s_008um_00080_00705-1","EC","doublet_certain"
"s_008um_00005_00686-1","DCT","singlet"
"s_008um_00004_00667-1","PT","singlet"
"s_008um_00097_00694-1","Unknown","doublet_uncertain"
"s_008um_00041_00677-1","VSM/P","singlet"
"s_008um_00058_00682-1","Unknown","doublet_uncertain"
"s_008um_00113_00660-1","CNT","singlet"
"s_008um_00046_00687-1","Podo","doublet_certain"
"s_008um_00000_00681-1","DCT","singlet"
"s_008um_00013_00720-1","IC","doublet_certain"
"s_008um_00044_00669-1","VSM/P","singlet"
"s_008um_00088_00675-1","DCT","singlet"
"s_008um_00018_00674-1","PT","singlet"
"s_008um_00108_00695-1","PEC","singlet"
"s_008um_00094_00692-1","PT","singlet"
"s_008um_00032_00686-1","Podo","doublet_certain"
"s_008um_00086_00711-1","EC","singlet"
"s_008um_00080_00660-1","Unknown","reject"
"s_008um_00088_00652-1","PT","singlet"
"s_008um_00111_00690-1","PT","singlet"
"s_008um_00073_00701-1","Unknown","reject"
"s_008um_00108_00674-1","EC","singlet"
"s_008um_00058_00677-1","Unknown","reject"
"s_008um_00092_00709-1","EC","singlet"
"s_008um_00124_00648-1","Unknown","reject"
"s_008um_00017_00658-1","T_NK","singlet"
"s_008um_00085_00688-1","PT","singlet"
"s_008um_00100_00679-1","FIB","singlet"
"s_008um_00009_00671-1","PT","singlet"
"s_008um_00046_00667-1","Unknown","doublet_uncertain"
"s_008um_00002_00706-1","EC","singlet"
"s_008um_00102_00667-1","PT","singlet"
"s_008um_00110_00658-1","PT","singlet"
"s_008um_00093_00646-1","PT","singlet"
"s_008um_00116_00672-1","EC","singlet"
"s_008um_00061_00653-1","DCT","singlet"
"s_008um_00073_00688-1","PT","singlet"
"s_008um_00005_00680-1","DCT","singlet"
"s_008um_00049_00693-1","IC","singlet"
"s_008um_00083_00673-1","DCT","singlet"
"s_008um_00095_00692-1","PT","singlet"
"s_008um_00038_00700-1","IC","singlet"
"s_008um_00113_00643-1","EC","singlet"
"s_008um_00110_00697-1","DTL","singlet"
"s_008um_00055_00679-1","Podo","singlet"
"s_008um_00105_00658-1","PT","singlet"
"s_008um_00048_00666-1","VSM/P","singlet"
"s_008um_00082_00707-1","Unknown","reject"
"s_008um_00092_00664-1","FIB","singlet"
"s_008um_00014_00690-1","Podo","singlet"
"s_008um_00009_00678-1","DCT","singlet"
"s_008um_00125_00648-1","PC","singlet"
"s_008um_00114_00693-1","FIB","singlet"
"s_008um_00043_00702-1","Unknown","doublet_uncertain"
"s_008um_00031_00652-1","PT","singlet"
"s_008um_00033_00676-1","VSM/P","singlet"
"s_008um_00070_00657-1","PT","singlet"
"s_008um_00020_00658-1","PT","singlet"
"s_008um_00125_00674-1","Unknown","reject"
"s_008um_00043_00691-1","Podo","doublet_certain"
"s_008um_00123_00690-1","PT","singlet"
"s_008um_00053_00698-1","Unknown","reject"
"s_008um_00085_00651-1","PT","singlet"
"s_008um_00062_00670-1","PT","singlet"
"s_008um_00001_00711-1","Unknown","reject"
"s_008um_00019_00671-1","PT","singlet"
"s_008um_00032_00700-1","PEC","singlet"
"s_008um_00093_00657-1","PT","singlet"
"s_008um_00081_00654-1","PT","singlet"
"s_008um_00125_00661-1","PT","singlet"
"s_008um_00042_00676-1","EC","singlet"
"s_008um_00029_00718-1","IC","singlet"
"s_008um_00100_00711-1","EC","singlet"
"s_008um_00121_00698-1","FIB","singlet"
"s_008um_00028_00715-1","IC","singlet"
"s_008um_00054_00699-1","Unknown","reject"
"s_008um_00105_00708-1","EC","singlet"
"s_008um_00003_00685-1","DCT","singlet"
"s_008um_00102_00706-1","EC","singlet"
"s_008um_00050_00712-1","VSM/P","singlet"
"s_008um_00020_00687-1","IC","singlet"
"s_008um_00096_00667-1","PT","singlet"
"s_008um_00073_00676-1","DCT","singlet"
"s_008um_00015_00696-1","Podo","doublet_certain"
"s_008um_00081_00686-1","Unknown","reject"
"s_008um_00058_00694-1","PT","singlet"
"s_008um_00041_00696-1","Unknown","doublet_uncertain"
"s_008um_00097_00699-1","Podo","doublet_certain"
"s_008um_00109_00641-1","EC","singlet"
"s_008um_00001_00679-1","DCT","singlet"
"s_008um_00096_00662-1","PT","singlet"
"s_008um_00035_00665-1","PT","singlet"
"s_008um_00065_00703-1","PT","singlet"
"s_008um_00084_00706-1","Unknown","reject"
"s_008um_00014_00682-1","TAL","singlet"
"s_008um_00009_00656-1","PT","singlet"
"s_008um_00090_00650-1","PT","singlet"
"s_008um_00045_00716-1","VSM/P","singlet"
"s_008um_00107_00704-1","Unknown","reject"
"s_008um_00119_00674-1","EC","doublet_certain"
"s_008um_00099_00665-1","Unknown","doublet_uncertain"
"s_008um_00043_00660-1","Unknown","reject"
"s_008um_00037_00674-1","EC","singlet"
"s_008um_00095_00683-1","TAL","singlet"
"s_008um_00028_00677-1","IC","singlet"
"s_008um_00057_00655-1","DCT","singlet"
"s_008um_00118_00701-1","PT","singlet"
"s_008um_00114_00705-1","B_PL","doublet_certain"
"s_008um_00032_00668-1","Unknown","reject"
"s_008um_00014_00673-1","PT","singlet"
"s_008um_00099_00643-1","EC","singlet"
"s_008um_00122_00643-1","PT","singlet"
"s_008um_00032_00717-1","PT","singlet"
"s_008um_00069_00671-1","Unknown","reject"
"s_008um_00052_00702-1","Mono_Mac","doublet_certain"
"s_008um_00058_00691-1","PT","singlet"
"s_008um_00013_00683-1","Unknown","reject"
"s_008um_00066_00692-1","Unknown","reject"
"s_008um_00085_00652-1","PT","singlet"
"s_008um_00078_00700-1","Unknown","reject"
"s_008um_00120_00671-1","PEC","singlet"
"s_008um_00027_00719-1","CNT","singlet"
"s_008um_00015_00667-1","PT","singlet"
"s_008um_00121_00702-1","PT","singlet"
"s_008um_00104_00704-1","EC","singlet"
"s_008um_00096_00645-1","Unknown","reject"
"s_008um_00124_00683-1","B_PL","singlet"
"s_008um_00119_00644-1","PT","singlet"
"s_008um_00052_00693-1","PT","singlet"
"s_008um_00116_00694-1","PT","singlet"
"s_008um_00098_00654-1","PT","singlet"
"s_008um_00078_00675-1","DCT","singlet"
"s_008um_00103_00711-1","EC","singlet"
"s_008um_00050_00666-1","EC","doublet_certain"
"s_008um_00029_00711-1","Unknown","reject"
"s_008um_00043_00688-1","EC","singlet"
"s_008um_00088_00658-1","PT","singlet"
"s_008um_00120_00651-1","PT","singlet"
"s_008um_00058_00656-1","DCT","singlet"
"s_008um_00067_00648-1","Neutro","singlet"
"s_008um_00014_00687-1","IC","singlet"
"s_008um_00040_00674-1","VSM/P","doublet_certain"
"s_008um_00057_00720-1","VSM/P","singlet"
"s_008um_00073_00708-1","PT","singlet"
"s_008um_00027_00709-1","Podo","doublet_certain"
"s_008um_00004_00679-1","DCT","singlet"
"s_008um_00044_00699-1","IC","singlet"
"s_008um_00006_00711-1","Podo","singlet"
"s_008um_00102_00656-1","PT","singlet"
"s_008um_00069_00703-1","PT","singlet"
"s_008um_00103_00689-1","PT","singlet"
"s_008um_00060_00654-1","Unknown","reject"
"s_008um_00011_00720-1","IC","singlet"
"s_008um_00026_00674-1","PT","singlet"
"s_008um_00090_00670-1","PT","singlet"
"s_008um_00093_00707-1","EC","singlet"
"s_008um_00085_00680-1","Unknown","reject"
"s_008um_00055_00700-1","Unknown","reject"
"s_008um_00048_00691-1","Unknown","reject"
"s_008um_00062_00676-1","Unknown","doublet_uncertain"
"s_008um_00002_00668-1","PT","singlet"
"s_008um_00057_00667-1","VSM/P","singlet"
"s_008um_00057_00713-1","Unknown","doublet_uncertain"
"s_008um_00016_00685-1","Unknown","reject"
"s_008um_00042_00703-1","DCT","singlet"
"s_008um_00101_00711-1","Unknown","reject"
"s_008um_00015_00705-1","EC","doublet_certain"
"s_008um_00061_00671-1","PT","singlet"
"s_008um_00127_00694-1","PT","singlet"
"s_008um_00044_00668-1","VSM/P","singlet"
"s_008um_00086_00656-1","PT","singlet"
"s_008um_00004_00718-1","PC","singlet"
"s_008um_00026_00698-1","Podo","singlet"
"s_008um_00019_00681-1","DCT","singlet"
"s_008um_00064_00655-1","DCT","singlet"
"s_008um_00102_00643-1","EC","singlet"
"s_008um_00121_00663-1","FIB","singlet"
"s_008um_00021_00652-1","PT","singlet"
"s_008um_00053_00673-1","EC","singlet"
"s_008um_00124_00695-1","PT","singlet"
"s_008um_00052_00649-1","Unknown","reject"
"s_008um_00115_00664-1","PT","singlet"
"s_008um_00104_00643-1","Unknown","doublet_uncertain"
"s_008um_00009_00662-1","Unknown","reject"
"s_008um_00049_00670-1","Podo","doublet_certain"
"s_008um_00037_00706-1","Unknown","doublet_uncertain"
"s_008um_00108_00654-1","Unknown","reject"
"s_008um_00011_00691-1","Podo","singlet"
"s_008um_00055_00684-1","Podo","doublet_certain"
"s_008um_00038_00661-1","PT","singlet"
"s_008um_00119_00685-1","FIB","singlet"
"s_008um_00104_00665-1","PT","singlet"
"s_008um_00122_00684-1","B_PL","doublet_certain"
"s_008um_00102_00686-1","FIB","singlet"
"s_008um_00025_00713-1","PEC","doublet_certain"
"s_008um_00001_00721-1","Unknown","reject"
"s_008um_00105_00682-1","Podo","singlet"
"s_008um_00109_00646-1","EC","singlet"
"s_008um_00036_00671-1","VSM/P","singlet"
"s_008um_00062_00665-1","PT","singlet"
"s_008um_00108_00694-1","PT","singlet"
"s_008um_00078_00676-1","DCT","singlet"
"s_008um_00004_00717-1","Unknown","reject"
"s_008um_00096_00711-1","Unknown","reject"
"s_008um_00091_00703-1","EC","singlet"
"s_008um_00095_00711-1","EC","singlet"
"s_008um_00042_00707-1","PT","singlet"
"s_008um_00098_00686-1","TAL","singlet"
"s_008um_00081_00653-1","PT","singlet"
"s_008um_00019_00655-1","PT","singlet"
"s_008um_00095_00688-1","Unknown","reject"
"s_008um_00071_00674-1","DCT","singlet"
"s_008um_00054_00670-1","PEC","singlet"
"s_008um_00105_00647-1","PT","singlet"
"s_008um_00075_00675-1","DCT","singlet"
"s_008um_00043_00681-1","EC","singlet"
"s_008um_00112_00680-1","Podo","singlet"
"s_008um_00045_00669-1","VSM/P","singlet"
"s_008um_00080_00650-1","EC","singlet"
"s_008um_00097_00661-1","PT","singlet"
"s_008um_00002_00675-1","PT","singlet"
"s_008um_00040_00698-1","Unknown","doublet_uncertain"
"s_008um_00048_00670-1","Podo","doublet_certain"
"s_008um_00060_00717-1","Podo","singlet"
"s_008um_00024_00662-1","Unknown","reject"
"s_008um_00059_00701-1","Unknown","reject"
"s_008um_00123_00652-1","Unknown","reject"
"s_008um_00106_00684-1","Podo","singlet"
"s_008um_00036_00684-1","Unknown","reject"
"s_008um_00003_00675-1","PT","singlet"
"s_008um_00011_00719-1","IC","singlet"
"s_008um_00039_00719-1","Unknown","reject"
"s_008um_00066_00711-1","PT","singlet"
"s_008um_00047_00656-1","Unknown","reject"
"s_008um_00096_00679-1","TAL","singlet"
"s_008um_00124_00680-1","B_PL","singlet"
"s_008um_00003_00703-1","EC","singlet"
"s_008um_00051_00709-1","VSM/P","singlet"
"s_008um_00029_00656-1","PT","singlet"
"s_008um_00102_00655-1","B_PL","singlet"
"s_008um_00079_00682-1","PT","singlet"
"s_008um_00078_00670-1","DCT","singlet"
"s_008um_00032_00658-1","PT","singlet"
"s_008um_00043_00701-1","DCT","singlet"
"s_008um_00046_00693-1","Unknown","reject"
"s_008um_00062_00651-1","DCT","singlet"
"s_008um_00042_00697-1","EC","singlet"
"s_008um_00118_00680-1","Podo","singlet"
"s_008um_00065_00662-1","DCT","singlet"
"s_008um_00104_00670-1","PT","singlet"
"s_008um_00120_00693-1","Unknown","reject"
"s_008um_00117_00680-1","Podo","doublet_certain"
"s_008um_00076_00690-1","EC","singlet"
"s_008um_00100_00686-1","Unknown","doublet_uncertain"
"s_008um_00123_00695-1","PT","singlet"
"s_008um_00015_00675-1","PT","singlet"
"s_008um_00023_00696-1","EC","doublet_certain"
"s_008um_00041_00702-1","IC","singlet"
"s_008um_00066_00709-1","Unknown","reject"
"s_008um_00023_00653-1","Unknown","reject"
"s_008um_00025_00670-1","PT","singlet"
"s_008um_00053_00691-1","PT","singlet"
"s_008um_00118_00658-1","EC","singlet"
"s_008um_00088_00692-1","PT","singlet"
"s_008um_00044_00697-1","Unknown","doublet_uncertain"
"s_008um_00014_00681-1","TAL","singlet"
"s_008um_00016_00693-1","EC","doublet_certain"
"s_008um_00093_00712-1","EC","singlet"
"s_008um_00123_00688-1","PT","singlet"
"s_008um_00111_00666-1","Unknown","doublet_uncertain"
"s_008um_00000_00692-1","Unknown","reject"
"s_008um_00066_00681-1","Unknown","reject"
"s_008um_00057_00689-1","PT","singlet"
"s_008um_00069_00691-1","FIB","singlet"
"s_008um_00008_00703-1","EC","singlet"
"s_008um_00025_00693-1","Podo","singlet"
"s_008um_00059_00678-1","Unknown","doublet_uncertain"
"s_008um_00067_00671-1","PT","singlet"
"s_008um_00083_00651-1","PT","singlet"
"s_008um_00050_00701-1","DCT","singlet"
"s_008um_00014_00692-1","Unknown","reject"
"s_008um_00070_00677-1","DCT","singlet"
"s_008um_00044_00670-1","Podo","singlet"
"s_008um_00041_00705-1","DCT","singlet"
"s_008um_00034_00688-1","Podo","singlet"
"s_008um_00112_00685-1","Podo","doublet_certain"
"s_008um_00018_00662-1","PT","singlet"
"s_008um_00072_00660-1","PT","singlet"
"s_008um_00072_00647-1","EC","singlet"
"s_008um_00013_00703-1","Unknown","reject"
"s_008um_00113_00639-1","Unknown","reject"
"s_008um_00109_00645-1","Unknown","reject"
"s_008um_00115_00648-1","PT","singlet"
"s_008um_00055_00661-1","PT","singlet"
"s_008um_00028_00666-1","Unknown","reject"
"s_008um_00076_00645-1","Unknown","reject"
"s_008um_00122_00652-1","Unknown","reject"
"s_008um_00079_00692-1","EC","singlet"
"s_008um_00106_00650-1","PT","singlet"
"s_008um_00044_00663-1","PC","singlet"
"s_008um_00101_00712-1","EC","singlet"
"s_008um_00064_00661-1","DCT","singlet"
"s_008um_00065_00656-1","DCT","singlet"
"s_008um_00123_00644-1","PT","singlet"
"s_008um_00001_00706-1","Unknown","reject"
"s_008um_00040_00657-1","TAL","singlet"
"s_008um_00095_00697-1","EC","singlet"
"s_008um_00097_00705-1","EC","doublet_certain"
"s_008um_00081_00695-1","Unknown","reject"
"s_008um_00009_00709-1","Podo","doublet_certain"
"s_008um_00098_00661-1","PT","singlet"
"s_008um_00056_00706-1","FIB","singlet"
"s_008um_00101_00647-1","PT","singlet"
"s_008um_00032_00711-1","PT","singlet"
"s_008um_00092_00671-1","EC","singlet"
"s_008um_00082_00679-1","DCT","singlet"
"s_008um_00005_00711-1","Podo","doublet_certain"
"s_008um_00110_00684-1","Podo","singlet"
"s_008um_00004_00719-1","Unknown","reject"
"s_008um_00061_00713-1","PT","singlet"
"s_008um_00125_00669-1","Unknown","reject"
"s_008um_00045_00696-1","Unknown","reject"
"s_008um_00043_00719-1","FIB","singlet"
"s_008um_00118_00687-1","PT","singlet"
"s_008um_00098_00711-1","EC","singlet"
"s_008um_00100_00653-1","PT","singlet"
"s_008um_00127_00666-1","B_PL","singlet"
"s_008um_00040_00719-1","VSM/P","singlet"
"s_008um_00121_00644-1","Unknown","reject"
"s_008um_00011_00694-1","Unknown","doublet_uncertain"
"s_008um_00015_00669-1","PT","singlet"
"s_008um_00000_00678-1","EC","singlet"
"s_008um_00049_00700-1","DCT","singlet"
"s_008um_00043_00659-1","PT","singlet"
"s_008um_00022_00672-1","PT","singlet"
"s_008um_00012_00653-1","DTL","singlet"
"s_008um_00012_00719-1","IC","singlet"
"s_008um_00028_00700-1","Podo","singlet"
"s_008um_00074_00692-1","VSM/P","singlet"
"s_008um_00077_00683-1","PT","singlet"
"s_008um_00112_00649-1","PT","singlet"
"s_008um_00062_00663-1","Unknown","reject"
"s_008um_00064_00704-1","PT","singlet"
"s_008um_00007_00676-1","EC","singlet"
"s_008um_00068_00685-1","PT","singlet"
"s_008um_00034_00691-1","Unknown","reject"
"s_008um_00127_00653-1","Unknown","reject"
"s_008um_00036_00705-1","CNT","singlet"
"s_008um_00106_00697-1","Unknown","reject"
"s_008um_00023_00710-1","Podo","doublet_certain"
"s_008um_00037_00655-1","Unknown","doublet_uncertain"
"s_008um_00079_00700-1","Unknown","reject"
"s_008um_00057_00653-1","DCT","singlet"
"s_008um_00120_00678-1","EC","doublet_certain"
"s_008um_00040_00708-1","PT","singlet"
"s_008um_00061_00665-1","PT","doublet_certain"
"s_008um_00102_00703-1","EC","singlet"
"s_008um_00124_00667-1","FIB","doublet_certain"
"s_008um_00027_00708-1","Unknown","doublet_uncertain"
"s_008um_00112_00682-1","Podo","singlet"
"s_008um_00025_00668-1","PT","singlet"
"s_008um_00055_00657-1","EC","singlet"
"s_008um_00056_00696-1","PT","singlet"
"s_008um_00103_00694-1","FIB","singlet"
"s_008um_00117_00661-1","Unknown","reject"
"s_008um_00089_00694-1","PT","singlet"
"s_008um_00031_00662-1","Podo","singlet"
"s_008um_00080_00655-1","FIB","singlet"
"s_008um_00125_00657-1","Unknown","reject"
"s_008um_00010_00714-1","EC","doublet_certain"
"s_008um_00006_00687-1","VSM/P","doublet_certain"
"s_008um_00065_00696-1","Unknown","reject"
"s_008um_00118_00683-1","Podo","singlet"
"s_008um_00105_00648-1","PT","singlet"
"s_008um_00045_00662-1","Unknown","doublet_uncertain"
"s_008um_00081_00709-1","DCT","singlet"
"s_008um_00108_00650-1","EC","singlet"
"s_008um_00015_00691-1","EC","singlet"
"s_008um_00034_00696-1","Unknown","doublet_uncertain"
"s_008um_00059_00702-1","IC","singlet"
"s_008um_00119_00648-1","PT","singlet"
"s_008um_00117_00650-1","PT","singlet"
"s_008um_00073_00712-1","PT","singlet"
"s_008um_00126_00642-1","PT","singlet"
"s_008um_00010_00700-1","EC","singlet"
"s_008um_00042_00685-1","Podo","doublet_certain"
"s_008um_00050_00690-1","EC","singlet"
"s_008um_00105_00654-1","PT","singlet"
"s_008um_00026_00668-1","PT","singlet"
"s_008um_00017_00696-1","Podo","singlet"
"s_008um_00113_00646-1","EC","singlet"
"s_008um_00029_00719-1","Unknown","reject"
"s_008um_00038_00683-1","Podo","doublet_certain"
"s_008um_00023_00692-1","Podo","singlet"
"s_008um_00125_00666-1","FIB","singlet"
"s_008um_00071_00670-1","PT","singlet"
"s_008um_00068_00680-1","PT","singlet"
"s_008um_00120_00657-1","Unknown","reject"
"s_008um_00116_00659-1","Unknown","reject"
"s_008um_00055_00712-1","VSM/P","singlet"
"s_008um_00050_00673-1","EC","singlet"
"s_008um_00088_00648-1","PT","singlet"
"s_008um_00048_00677-1","Podo","singlet"
"s_008um_00108_00643-1","Unknown","reject"
"s_008um_00061_00686-1","IC","doublet_certain"
"s_008um_00099_00669-1","PT","singlet"
"s_008um_00040_00683-1","Podo","doublet_certain"
"s_008um_00048_00694-1","IC","singlet"
"s_008um_00061_00657-1","DCT","singlet"
"s_008um_00127_00685-1","PT","singlet"
"s_008um_00035_00692-1","Mono_Mac","doublet_certain"
"s_008um_00083_00657-1","PT","singlet"
"s_008um_00023_00711-1","Podo","singlet"
"s_008um_00080_00659-1","PT","singlet"
"s_008um_00046_00652-1","Unknown","reject"
"s_008um_00097_00659-1","PT","singlet"
"s_008um_00040_00660-1","PT","singlet"
"s_008um_00068_00664-1","PT","singlet"
"s_008um_00069_00704-1","PT","singlet"
"s_008um_00106_00672-1","Podo","singlet"
"s_008um_00053_00684-1","Podo","singlet"
"s_008um_00095_00651-1","PT","singlet"
"s_008um_00105_00691-1","PT","singlet"
"s_008um_00071_00659-1","PT","singlet"
"s_008um_00018_00683-1","TAL","singlet"
"s_008um_00024_00679-1","IC","singlet"
"s_008um_00125_00670-1","B_PL","singlet"
"s_008um_00127_00654-1","IC","singlet"
"s_008um_00085_00648-1","PT","singlet"
"s_008um_00087_00710-1","EC","singlet"
"s_008um_00020_00688-1","PEC","singlet"
"s_008um_00047_00702-1","DCT","singlet"
"s_008um_00100_00675-1","PT","singlet"
"s_008um_00039_00669-1","EC","singlet"
"s_008um_00043_00690-1","Podo","doublet_certain"
"s_008um_00107_00642-1","B_PL","singlet"
"s_008um_00095_00675-1","PT","singlet"
"s_008um_00120_00672-1","PEC","singlet"
"s_008um_00108_00703-1","Unknown","reject"
"s_008um_00019_00676-1","FIB","singlet"
"s_008um_00036_00680-1","EC","singlet"
"s_008um_00111_00683-1","Podo","singlet"
"s_008um_00013_00696-1","Podo","doublet_certain"
"s_008um_00088_00672-1","PT","singlet"
"s_008um_00058_00683-1","IC","doublet_certain"
"s_008um_00070_00690-1","Unknown","reject"
"s_008um_00112_00704-1","EC","doublet_certain"
"s_008um_00054_00664-1","Unknown","doublet_uncertain"
"s_008um_00023_00657-1","PT","singlet"
"s_008um_00001_00668-1","PT","singlet"
"s_008um_00048_00665-1","Unknown","doublet_uncertain"
"s_008um_00034_00704-1","IC","singlet"
"s_008um_00076_00704-1","Unknown","reject"
"s_008um_00070_00710-1","PT","singlet"
"s_008um_00021_00694-1","Podo","singlet"
"s_008um_00090_00711-1","EC","singlet"
"s_008um_00031_00681-1","Podo","singlet"
"s_008um_00088_00647-1","FIB","singlet"
"s_008um_00027_00712-1","Unknown","reject"
"s_008um_00070_00652-1","Unknown","reject"
"s_008um_00027_00718-1","IC","singlet"
"s_008um_00099_00677-1","PT","singlet"
"s_008um_00088_00673-1","DCT","singlet"
"s_008um_00049_00660-1","PC","singlet"
"s_008um_00067_00657-1","DCT","singlet"
"s_008um_00126_00683-1","PT","singlet"
"s_008um_00036_00651-1","PC","singlet"
"s_008um_00036_00660-1","PT","singlet"
"s_008um_00053_00675-1","EC","singlet"
"s_008um_00032_00678-1","Unknown","reject"
"s_008um_00000_00720-1","Mono_Mac","singlet"
"s_008um_00101_00662-1","PT","singlet"
"s_008um_00018_00695-1","Podo","singlet"
"s_008um_00062_00689-1","PT","singlet"
"s_008um_00113_00640-1","Unknown","reject"
"s_008um_00124_00642-1","PT","singlet"
"s_008um_00007_00684-1","DCT","singlet"
"s_008um_00008_00675-1","FIB","singlet"
"s_008um_00015_00674-1","PT","singlet"
"s_008um_00018_00688-1","Unknown","reject"
"s_008um_00095_00664-1","PT","singlet"
"s_008um_00119_00660-1","PT","singlet"
"s_008um_00062_00671-1","PT","singlet"
"s_008um_00084_00657-1","PT","singlet"
"s_008um_00076_00659-1","Unknown","reject"
"s_008um_00015_00697-1","EC","doublet_certain"
"s_008um_00118_00651-1","PT","singlet"
"s_008um_00120_00683-1","Unknown","doublet_uncertain"
"s_008um_00112_00707-1","B_PL","singlet"
"s_008um_00067_00647-1","PT","singlet"
"s_008um_00091_00680-1","Unknown","reject"
"s_008um_00088_00667-1","PT","singlet"
"s_008um_00017_00692-1","EC","doublet_certain"
"s_008um_00051_00657-1","TAL","singlet"
"s_008um_00018_00670-1","PT","singlet"
"s_008um_00082_00699-1","PT","singlet"
"s_008um_00094_00708-1","EC","singlet"
"s_008um_00072_00659-1","PT","singlet"
"s_008um_00060_00685-1","PC","singlet"
"s_008um_00029_00696-1","Unknown","reject"
"s_008um_00046_00655-1","Unknown","reject"
"s_008um_00099_00659-1","EC","singlet"
"s_008um_00071_00704-1","PT","singlet"
"s_008um_00089_00646-1","PT","singlet"
"s_008um_00118_00702-1","Unknown","reject"
"s_008um_00036_00656-1","PT","singlet"
"s_008um_00010_00670-1","PT","singlet"
"s_008um_00115_00687-1","Unknown","reject"
"s_008um_00105_00650-1","PT","singlet"
"s_008um_00014_00714-1","Podo","singlet"
"s_008um_00117_00692-1","PT","singlet"
"s_008um_00065_00716-1","Unknown","reject"
"s_008um_00025_00720-1","Unknown","reject"
"s_008um_00070_00709-1","PT","singlet"
"s_008um_00095_00695-1","Podo","singlet"
"s_008um_00010_00715-1","Podo","doublet_certain"
"s_008um_00124_00699-1","PT","singlet"
"s_008um_00118_00650-1","PT","singlet"
"s_008um_00046_00717-1","Unknown","reject"
"s_008um_00099_00700-1","Podo","doublet_certain"
"s_008um_00016_00696-1","Podo","doublet_certain"
"s_008um_00030_00702-1","Podo","singlet"
"s_008um_00053_00652-1","Unknown","reject"
"s_008um_00110_00645-1","Unknown","reject"
"s_008um_00033_00691-1","Unknown","reject"
"s_008um_00064_00697-1","Unknown","reject"
"s_008um_00079_00656-1","FIB","singlet"
"s_008um_00070_00692-1","B_PL","singlet"
"s_008um_00051_00708-1","EC","singlet"
"s_008um_00042_00658-1","PC","singlet"
"s_008um_00018_00697-1","Podo","singlet"
"s_008um_00073_00652-1","EC","singlet"
"s_008um_00020_00721-1","PC","singlet"
"s_008um_00003_00661-1","PT","singlet"
"s_008um_00088_00657-1","PT","singlet"
"s_008um_00126_00692-1","PT","singlet"
"s_008um_00014_00708-1","EC","doublet_certain"
"s_008um_00101_00685-1","Unknown","doublet_uncertain"
"s_008um_00069_00658-1","PT","singlet"
"s_008um_00061_00703-1","EC","doublet_certain"
"s_008um_00073_00714-1","Unknown","reject"
"s_008um_00060_00678-1","B_PL","singlet"
"s_008um_00049_00712-1","VSM/P","singlet"
"s_008um_00114_00658-1","PC","singlet"
"s_008um_00037_00676-1","EC","singlet"
"s_008um_00106_00676-1","Podo","singlet"
"s_008um_00077_00645-1","Unknown","reject"
"s_008um_00117_00665-1","PT","singlet"
"s_008um_00020_00717-1","Unknown","doublet_uncertain"
"s_008um_00092_00707-1","EC","singlet"
"s_008um_00030_00693-1","FIB","doublet_certain"
"s_008um_00124_00649-1","Unknown","reject"
"s_008um_00011_00685-1","PC","doublet_certain"
"s_008um_00108_00655-1","PT","singlet"
"s_008um_00119_00703-1","Unknown","reject"
"s_008um_00035_00680-1","Podo","singlet"
"s_008um_00118_00696-1","PT","doublet_certain"
"s_008um_00110_00687-1","FIB","doublet_certain"
"s_008um_00067_00681-1","PT","singlet"
"s_008um_00116_00663-1","PT","singlet"
"s_008um_00065_00680-1","Unknown","doublet_uncertain"
"s_008um_00030_00674-1","FIB","doublet_certain"
"s_008um_00060_00653-1","DCT","singlet"
"s_008um_00091_00661-1","PT","singlet"
"s_008um_00072_00711-1","PT","singlet"
"s_008um_00067_00690-1","PT","singlet"
"s_008um_00042_00680-1","EC","singlet"
"s_008um_00030_00654-1","PT","singlet"
"s_008um_00073_00687-1","PT","singlet"
"s_008um_00057_00682-1","B_PL","singlet"
"s_008um_00020_00692-1","Podo","singlet"
"s_008um_00124_00656-1","Unknown","reject"
"s_008um_00085_00713-1","Unknown","reject"
"s_008um_00006_00701-1","VSM/P","singlet"
"s_008um_00000_00694-1","Unknown","reject"
"s_008um_00073_00703-1","Unknown","reject"
"s_008um_00006_00703-1","EC","singlet"
"s_008um_00029_00670-1","PT","singlet"
"s_008um_00108_00690-1","EC","doublet_certain"
"s_008um_00042_00668-1","EC","singlet"
"s_008um_00082_00664-1","PT","singlet"
"s_008um_00017_00656-1","Unknown","reject"
"s_008um_00094_00695-1","Unknown","doublet_uncertain"
"s_008um_00067_00672-1","DCT","singlet"
"s_008um_00030_00721-1","IC","singlet"
"s_008um_00032_00691-1","EC","doublet_certain"
"s_008um_00007_00661-1","PT","singlet"
"s_008um_00090_00658-1","PT","singlet"
"s_008um_00078_00708-1","PT","singlet"
"s_008um_00112_00689-1","Unknown","reject"
"s_008um_00040_00714-1","PT","singlet"
"s_008um_00035_00693-1","Unknown","doublet_uncertain"
"s_008um_00008_00692-1","Podo","singlet"
"s_008um_00067_00686-1","PT","singlet"
"s_008um_00012_00709-1","Podo","singlet"
"s_008um_00023_00690-1","Unknown","doublet_uncertain"
"s_008um_00123_00679-1","Podo","doublet_certain"
"s_008um_00036_00706-1","PT","singlet"
"s_008um_00063_00705-1","PT","singlet"
"s_008um_00122_00679-1","Podo","singlet"
"s_008um_00019_00660-1","EC","singlet"
"s_008um_00125_00667-1","EC","singlet"
"s_008um_00058_00667-1","Unknown","reject"
"s_008um_00062_00685-1","PC","singlet"
"s_008um_00092_00712-1","Unknown","reject"
"s_008um_00037_00653-1","Unknown","reject"
"s_008um_00020_00661-1","Unknown","reject"
"s_008um_00066_00651-1","Unknown","reject"
"s_008um_00072_00669-1","PT","singlet"
"s_008um_00095_00709-1","EC","singlet"
"s_008um_00122_00699-1","Unknown","reject"
"s_008um_00057_00687-1","FIB","doublet_certain"
"s_008um_00036_00683-1","VSM/P","singlet"
"s_008um_00021_00678-1","DCT","singlet"
"s_008um_00006_00664-1","PT","singlet"
"s_008um_00063_00673-1","PT","singlet"
"s_008um_00046_00684-1","Podo","doublet_certain"
"s_008um_00118_00652-1","PT","singlet"
"s_008um_00015_00694-1","EC","singlet"
"s_008um_00060_00704-1","Unknown","doublet_uncertain"
"s_008um_00009_00714-1","Podo","doublet_certain"
"s_008um_00109_00689-1","FIB","singlet"
"s_008um_00053_00681-1","Podo","singlet"
"s_008um_00109_00647-1","EC","singlet"
"s_008um_00064_00711-1","PT","singlet"
"s_008um_00047_00661-1","PC","singlet"
"s_008um_00057_00654-1","DCT","singlet"
"s_008um_00001_00664-1","Unknown","reject"
"s_008um_00125_00688-1","PT","singlet"
"s_008um_00106_00680-1","EC","doublet_certain"
"s_008um_00108_00684-1","Podo","singlet"
"s_008um_00086_00693-1","PT","singlet"
"s_008um_00124_00661-1","PT","singlet"
"s_008um_00034_00714-1","PT","singlet"
"s_008um_00032_00715-1","PT","singlet"
"s_008um_00123_00681-1","B_PL","singlet"
"s_008um_00022_00712-1","Podo","doublet_certain"
"s_008um_00051_00667-1","VSM/P","singlet"
"s_008um_00062_00702-1","IC","singlet"
"s_008um_00106_00681-1","EC","singlet"
"s_008um_00010_00676-1","PT","singlet"
"s_008um_00090_00692-1","PT","singlet"
"s_008um_00091_00672-1","Unknown","reject"
"s_008um_00103_00700-1","EC","singlet"
"s_008um_00118_00660-1","Unknown","doublet_uncertain"
"s_008um_00056_00692-1","PT","singlet"
"s_008um_00032_00681-1","Podo","singlet"
"s_008um_00107_00707-1","EC","singlet"
"s_008um_00020_00693-1","EC","doublet_certain"
"s_008um_00126_00665-1","FIB","singlet"
"s_008um_00004_00684-1","DCT","singlet"
"s_008um_00100_00649-1","PT","singlet"
"s_008um_00011_00693-1","EC","doublet_certain"
"s_008um_00094_00652-1","PT","singlet"
"s_008um_00049_00667-1","EC","doublet_certain"
"s_008um_00087_00700-1","EC","singlet"
"s_008um_00109_00687-1","EC","singlet"
"s_008um_00084_00681-1","EC","singlet"
"s_008um_00027_00707-1","Podo","singlet"
"s_008um_00007_00695-1","EC","doublet_certain"
"s_008um_00071_00688-1","B_PL","singlet"
"s_008um_00014_00654-1","Unknown","reject"
"s_008um_00029_00700-1","Podo","singlet"
"s_008um_00069_00699-1","PC","singlet"
"s_008um_00050_00709-1","Unknown","reject"
"s_008um_00113_00705-1","B_PL","singlet"
"s_008um_00028_00659-1","PT","singlet"
"s_008um_00100_00693-1","PT","singlet"
"s_008um_00124_00681-1","FIB","doublet_certain"
"s_008um_00055_00690-1","PT","singlet"
"s_008um_00038_00712-1","PT","doublet_certain"
"s_008um_00119_00655-1","PT","singlet"
"s_008um_00077_00656-1","Unknown","reject"
"s_008um_00061_00656-1","DCT","singlet"
"s_008um_00051_00719-1","EC","singlet"
"s_008um_00051_00684-1","Podo","singlet"
"s_008um_00060_00694-1","PT","singlet"
"s_008um_00075_00714-1","Unknown","reject"
"s_008um_00034_00667-1","PT","singlet"
"s_008um_00070_00665-1","PT","singlet"
"s_008um_00084_00675-1","DCT","singlet"
"s_008um_00034_00690-1","Podo","singlet"
"s_008um_00059_00691-1","PT","singlet"
"s_008um_00106_00675-1","EC","doublet_certain"
"s_008um_00124_00645-1","PT","singlet"
"s_008um_00023_00717-1","Unknown","doublet_uncertain"
"s_008um_00104_00669-1","Unknown","reject"
"s_008um_00063_00670-1","PT","singlet"
"s_008um_00070_00697-1","PC","singlet"
"s_008um_00087_00683-1","PT","singlet"
"s_008um_00055_00664-1","VSM/P","singlet"
"s_008um_00063_00685-1","IC","doublet_certain"
"s_008um_00020_00655-1","PT","singlet"
"s_008um_00002_00665-1","PT","singlet"
"s_008um_00078_00709-1","Unknown","reject"
"s_008um_00083_00664-1","PT","singlet"
"s_008um_00090_00668-1","PT","singlet"
"s_008um_00048_00693-1","IC","singlet"
"s_008um_00082_00682-1","PT","singlet"
"s_008um_00017_00654-1","PT","singlet"
"s_008um_00094_00707-1","EC","singlet"
"s_008um_00076_00656-1","Unknown","reject"
"s_008um_00092_00657-1","PT","singlet"
"s_008um_00122_00664-1","FIB","singlet"
"s_008um_00066_00691-1","PT","singlet"
"s_008um_00044_00706-1","Unknown","reject"
"s_008um_00067_00676-1","DCT","singlet"
"s_008um_00080_00675-1","DCT","singlet"
"s_008um_00030_00709-1","Unknown","reject"
"s_008um_00006_00683-1","DCT","singlet"
"s_008um_00008_00663-1","PT","singlet"
"s_008um_00029_00676-1","Unknown","doublet_uncertain"
"s_008um_00042_00691-1","Unknown","doublet_uncertain"
"s_008um_00117_00672-1","Podo","singlet"
"s_008um_00032_00698-1","Unknown","reject"
"s_008um_00027_00721-1","IC","singlet"
"s_008um_00070_00705-1","PT","singlet"
"s_008um_00009_00669-1","PT","singlet"
"s_008um_00021_00671-1","Unknown","reject"
"s_008um_00064_00709-1","Unknown","reject"
"s_008um_00006_00714-1","Podo","singlet"
"s_008um_00093_00699-1","Podo","singlet"
"s_008um_00015_00684-1","Unknown","reject"
"s_008um_00116_00699-1","EC","singlet"
"s_008um_00006_00676-1","DCT","singlet"
"s_008um_00050_00713-1","VSM/P","singlet"
"s_008um_00059_00661-1","DCT","singlet"
"s_008um_00027_00662-1","Unknown","reject"
"s_008um_00061_00694-1","PT","singlet"
"s_008um_00107_00646-1","EC","singlet"
"s_008um_00005_00706-1","Podo","singlet"
"s_008um_00093_00708-1","EC","singlet"
"s_008um_00127_00680-1","Unknown","reject"
"s_008um_00055_00701-1","Unknown","reject"
"s_008um_00107_00692-1","PT","singlet"
"s_008um_00066_00693-1","EC","singlet"
"s_008um_00086_00676-1","DCT","singlet"
"s_008um_00047_00651-1","VSM/P","singlet"
"s_008um_00024_00671-1","Unknown","reject"
"s_008um_00029_00695-1","Unknown","reject"
"s_008um_00104_00694-1","Unknown","reject"
"s_008um_00030_00717-1","Unknown","reject"
"s_008um_00000_00708-1","Podo","singlet"
"s_008um_00063_00651-1","DCT","singlet"
"s_008um_00058_00661-1","Unknown","reject"
"s_008um_00073_00673-1","DCT","singlet"
"s_008um_00075_00712-1","PT","singlet"
"s_008um_00024_00673-1","PT","singlet"
"s_008um_00067_00656-1","DCT","singlet"
"s_008um_00040_00688-1","EC","doublet_certain"
"s_008um_00038_00696-1","IC","singlet"
"s_008um_00090_00646-1","PT","singlet"
"s_008um_00074_00663-1","Unknown","reject"
"s_008um_00052_00718-1","VSM/P","singlet"
"s_008um_00011_00654-1","PT","singlet"
"s_008um_00030_00671-1","PT","singlet"
"s_008um_00079_00706-1","Unknown","reject"
"s_008um_00117_00682-1","Podo","singlet"
"s_008um_00088_00702-1","EC","singlet"
"s_008um_00058_00669-1","FIB","singlet"
"s_008um_00014_00720-1","IC","singlet"
"s_008um_00101_00670-1","PT","singlet"
"s_008um_00068_00709-1","PT","singlet"
"s_008um_00108_00645-1","EC","singlet"
"s_008um_00075_00646-1","TAL","singlet"
"s_008um_00046_00695-1","IC","singlet"
"s_008um_00089_00648-1","VSM/P","singlet"
"s_008um_00016_00671-1","PT","singlet"
"s_008um_00034_00678-1","VSM/P","singlet"
"s_008um_00017_00660-1","EC","singlet"
"s_008um_00113_00652-1","PT","singlet"
"s_008um_00075_00660-1","Unknown","reject"
"s_008um_00107_00665-1","PT","doublet_certain"
"s_008um_00057_00665-1","EC","singlet"
"s_008um_00031_00676-1","T_NK","singlet"
"s_008um_00093_00660-1","Unknown","reject"
"s_008um_00009_00708-1","Podo","doublet_certain"
"s_008um_00014_00676-1","PT","singlet"
"s_008um_00007_00691-1","DCT","singlet"
"s_008um_00081_00662-1","PT","singlet"
"s_008um_00077_00703-1","PT","singlet"
"s_008um_00094_00653-1","PT","singlet"
"s_008um_00046_00658-1","Unknown","reject"
"s_008um_00110_00664-1","PT","singlet"
"s_008um_00037_00688-1","EC","singlet"
"s_008um_00046_00694-1","IC","singlet"
"s_008um_00114_00695-1","EC","singlet"
"s_008um_00025_00719-1","Unknown","reject"
"s_008um_00007_00694-1","Podo","doublet_certain"
"s_008um_00025_00706-1","EC","singlet"
"s_008um_00087_00707-1","EC","singlet"
"s_008um_00063_00663-1","DCT","singlet"
"s_008um_00050_00669-1","B_PL","singlet"
"s_008um_00049_00649-1","PT","singlet"
"s_008um_00049_00677-1","Podo","doublet_certain"
"s_008um_00037_00665-1","TAL","singlet"
"s_008um_00123_00677-1","PEC","doublet_certain"
"s_008um_00085_00707-1","EC","singlet"
"s_008um_00052_00708-1","FIB","singlet"
"s_008um_00075_00693-1","Unknown","doublet_uncertain"
"s_008um_00046_00651-1","Unknown","reject"
"s_008um_00015_00698-1","Unknown","doublet_uncertain"
"s_008um_00047_00662-1","PC","singlet"
"s_008um_00019_00721-1","Unknown","reject"
"s_008um_00113_00658-1","IC","singlet"
"s_008um_00026_00716-1","Unknown","reject"
"s_008um_00025_00662-1","FIB","doublet_certain"
"s_008um_00089_00711-1","EC","singlet"
"s_008um_00001_00699-1","EC","singlet"
"s_008um_00017_00721-1","IC","singlet"
"s_008um_00086_00681-1","Unknown","reject"
"s_008um_00086_00669-1","PT","singlet"
"s_008um_00127_00683-1","PT","singlet"
"s_008um_00124_00674-1","PEC","singlet"
"s_008um_00101_00649-1","PT","singlet"
"s_008um_00076_00703-1","PT","singlet"
"s_008um_00113_00654-1","PT","singlet"
"s_008um_00091_00656-1","PT","singlet"
"s_008um_00121_00668-1","Unknown","reject"
"s_008um_00010_00669-1","PT","singlet"
"s_008um_00020_00683-1","TAL","singlet"
"s_008um_00043_00669-1","VSM/P","singlet"
"s_008um_00111_00676-1","Podo","singlet"
"s_008um_00025_00705-1","EC","singlet"
"s_008um_00086_00696-1","PT","singlet"
"s_008um_00090_00655-1","Unknown","reject"
"s_008um_00071_00679-1","PT","singlet"
"s_008um_00030_00664-1","PT","singlet"
"s_008um_00047_00718-1","EC","singlet"
"s_008um_00020_00691-1","EC","singlet"
"s_008um_00047_00673-1","EC","singlet"
"s_008um_00088_00649-1","PT","singlet"
"s_008um_00086_00686-1","PT","singlet"
"s_008um_00102_00704-1","EC","singlet"
"s_008um_00025_00673-1","DCT","singlet"
"s_008um_00118_00693-1","PT","singlet"
"s_008um_00030_00682-1","Podo","singlet"
"s_008um_00107_00680-1","EC","singlet"
"s_008um_00077_00676-1","Unknown","doublet_uncertain"
"s_008um_00127_00649-1","PC","singlet"
"s_008um_00063_00702-1","IC","singlet"
"s_008um_00012_00680-1","DCT","singlet"
"s_008um_00080_00662-1","PT","singlet"
"s_008um_00101_00671-1","PT","singlet"
"s_008um_00011_00708-1","Podo","singlet"
"s_008um_00022_00699-1","Podo","singlet"
"s_008um_00058_00702-1","Unknown","reject"
"s_008um_00066_00684-1","PT","singlet"
"s_008um_00016_00672-1","PT","singlet"
"s_008um_00029_00680-1","Unknown","reject"
"s_008um_00002_00673-1","PT","singlet"
"s_008um_00044_00659-1","PT","singlet"
"s_008um_00114_00673-1","Podo","singlet"
"s_008um_00001_00671-1","PT","singlet"
"s_008um_00074_00659-1","PT","singlet"
"s_008um_00057_00672-1","PEC","singlet"
"s_008um_00025_00658-1","PT","singlet"
"s_008um_00050_00660-1","Unknown","doublet_uncertain"
"s_008um_00103_00668-1","EC","singlet"
"s_008um_00083_00688-1","PT","singlet"
"s_008um_00108_00640-1","B_PL","singlet"
"s_008um_00074_00667-1","PT","singlet"
"s_008um_00083_00678-1","DCT","singlet"
"s_008um_00053_00699-1","DCT","singlet"
"s_008um_00127_00669-1","Mono_Mac","singlet"
"s_008um_00087_00682-1","Unknown","reject"
"s_008um_00086_00701-1","Unknown","reject"
"s_008um_00026_00718-1","IC","singlet"
"s_008um_00052_00716-1","VSM/P","singlet"
"s_008um_00098_00660-1","PT","singlet"
"s_008um_00038_00675-1","VSM/P","singlet"
"s_008um_00063_00674-1","PT","singlet"
"s_008um_00006_00721-1","Unknown","reject"
"s_008um_00119_00669-1","Unknown","reject"
"s_008um_00091_00655-1","PT","singlet"
"s_008um_00055_00677-1","Podo","singlet"
"s_008um_00086_00707-1","EC","singlet"
"s_008um_00088_00653-1","FIB","singlet"
"s_008um_00051_00668-1","FIB","doublet_certain"
"s_008um_00037_00720-1","PT","singlet"
"s_008um_00030_00676-1","Unknown","reject"
"s_008um_00101_00693-1","PT","singlet"
"s_008um_00093_00679-1","TAL","singlet"
"s_008um_00104_00641-1","Unknown","reject"
"s_008um_00106_00673-1","Podo","singlet"
"s_008um_00098_00651-1","EC","singlet"
"s_008um_00043_00652-1","Unknown","reject"
"s_008um_00100_00667-1","PT","singlet"
"s_008um_00100_00673-1","PT","singlet"
"s_008um_00006_00677-1","DCT","singlet"
"s_008um_00036_00658-1","Unknown","reject"
"s_008um_00074_00706-1","PT","singlet"
"s_008um_00032_00666-1","PT","singlet"
"s_008um_00010_00673-1","PT","singlet"
"s_008um_00045_00719-1","Unknown","reject"
"s_008um_00001_00662-1","PT","singlet"
"s_008um_00003_00664-1","PT","singlet"
"s_008um_00040_00692-1","Podo","singlet"
"s_008um_00030_00686-1","Podo","singlet"
"s_008um_00049_00661-1","PC","singlet"
"s_008um_00050_00703-1","Unknown","reject"
"s_008um_00069_00662-1","FIB","singlet"
"s_008um_00060_00666-1","FIB","doublet_certain"
"s_008um_00006_00713-1","Podo","singlet"
"s_008um_00031_00720-1","PT","singlet"
"s_008um_00102_00711-1","EC","singlet"
"s_008um_00042_00650-1","Unknown","reject"
"s_008um_00039_00687-1","EC","doublet_certain"
"s_008um_00099_00710-1","EC","singlet"
"s_008um_00122_00687-1","FIB","doublet_certain"
"s_008um_00093_00686-1","Unknown","reject"
"s_008um_00067_00675-1","DCT","singlet"
"s_008um_00015_00679-1","TAL","singlet"
"s_008um_00057_00658-1","Unknown","reject"
"s_008um_00111_00691-1","PT","singlet"
"s_008um_00047_00711-1","VSM/P","singlet"
"s_008um_00106_00692-1","FIB","singlet"
"s_008um_00027_00656-1","PT","singlet"
"s_008um_00082_00696-1","FIB","singlet"
"s_008um_00098_00649-1","Unknown","reject"
"s_008um_00005_00673-1","PT","singlet"
"s_008um_00070_00682-1","PT","singlet"
"s_008um_00121_00648-1","PT","singlet"
"s_008um_00079_00683-1","Unknown","reject"
"s_008um_00072_00667-1","PT","singlet"
"s_008um_00114_00660-1","PC","singlet"
"s_008um_00088_00695-1","PT","singlet"
"s_008um_00105_00661-1","EC","singlet"
"s_008um_00078_00681-1","FIB","singlet"
"s_008um_00057_00714-1","VSM/P","singlet"
"s_008um_00024_00702-1","EC","singlet"
"s_008um_00048_00672-1","EC","singlet"
"s_008um_00008_00655-1","PT","singlet"
"s_008um_00118_00657-1","Unknown","reject"
"s_008um_00063_00709-1","Unknown","reject"
"s_008um_00058_00680-1","Unknown","doublet_uncertain"
"s_008um_00076_00668-1","Unknown","reject"
"s_008um_00109_00669-1","Podo","singlet"
"s_008um_00084_00658-1","PT","singlet"
"s_008um_00033_00712-1","PT","singlet"
"s_008um_00112_00705-1","B_PL","singlet"
"s_008um_00017_00681-1","TAL","singlet"
"s_008um_00063_00657-1","DCT","singlet"
"s_008um_00072_00670-1","Unknown","reject"
"s_008um_00112_00656-1","Unknown","reject"
"s_008um_00045_00683-1","EC","singlet"
"s_008um_00022_00690-1","Unknown","reject"
"s_008um_00121_00686-1","EC","doublet_certain"
"s_008um_00047_00652-1","PT","singlet"
"s_008um_00076_00711-1","PT","singlet"
"s_008um_00120_00685-1","Unknown","doublet_uncertain"
"s_008um_00007_00699-1","EC","singlet"
"s_008um_00086_00705-1","EC","singlet"
"s_008um_00100_00674-1","PT","singlet"
"s_008um_00035_00667-1","PT","singlet"
"s_008um_00076_00669-1","PT","singlet"
"s_008um_00018_00710-1","EC","doublet_certain"
"s_008um_00087_00645-1","PT","singlet"
"s_008um_00004_00665-1","PT","singlet"
"s_008um_00094_00674-1","PT","singlet"
"s_008um_00099_00672-1","PT","singlet"
"s_008um_00041_00708-1","PT","singlet"
"s_008um_00029_00677-1","Unknown","reject"
"s_008um_00012_00659-1","EC","singlet"
"s_008um_00110_00661-1","PT","singlet"
"s_008um_00019_00663-1","Unknown","reject"
"s_008um_00059_00665-1","FIB","singlet"
"s_008um_00109_00701-1","Unknown","reject"
"s_008um_00063_00689-1","PT","singlet"
"s_008um_00085_00646-1","Unknown","reject"
"s_008um_00029_00702-1","Podo","singlet"
"s_008um_00000_00664-1","PT","singlet"
"s_008um_00071_00684-1","PT","singlet"
"s_008um_00072_00671-1","DCT","singlet"
"s_008um_00074_00674-1","DCT","singlet"
"s_008um_00026_00714-1","FIB","singlet"
"s_008um_00027_00694-1","Podo","singlet"
"s_008um_00117_00670-1","EC","singlet"
"s_008um_00112_00692-1","PT","singlet"
"s_008um_00068_00660-1","Unknown","reject"
"s_008um_00109_00660-1","Unknown","doublet_uncertain"
"s_008um_00094_00679-1","FIB","singlet"
"s_008um_00018_00698-1","Podo","singlet"
"s_008um_00084_00679-1","DCT","singlet"
"s_008um_00111_00653-1","PT","singlet"
"s_008um_00081_00648-1","Unknown","reject"
"s_008um_00043_00704-1","IC","singlet"
"s_008um_00090_00684-1","Unknown","reject"
"s_008um_00103_00656-1","PEC","singlet"
"s_008um_00079_00654-1","Unknown","reject"
"s_008um_00106_00700-1","EC","singlet"
"s_008um_00046_00701-1","IC","singlet"
"s_008um_00007_00669-1","PT","singlet"
"s_008um_00078_00704-1","PT","singlet"
"s_008um_00008_00722-1","Unknown","doublet_uncertain"
"s_008um_00025_00696-1","Podo","singlet"
"s_008um_00103_00648-1","PT","singlet"
"s_008um_00003_00684-1","DCT","singlet"
"s_008um_00050_00651-1","DCT","singlet"
"s_008um_00080_00678-1","DCT","singlet"
"s_008um_00043_00708-1","PT","singlet"
"s_008um_00013_00706-1","EC","singlet"
"s_008um_00093_00671-1","EC","singlet"
"s_008um_00082_00709-1","DCT","singlet"
"s_008um_00113_00689-1","EC","singlet"
"s_008um_00013_00678-1","PT","singlet"
"s_008um_00010_00704-1","EC","singlet"
"s_008um_00026_00662-1","PT","singlet"
"s_008um_00086_00672-1","Unknown","reject"
"s_008um_00036_00668-1","Mono_Mac","singlet"
"s_008um_00041_00678-1","EC","singlet"
"s_008um_00108_00700-1","EC","singlet"
"s_008um_00004_00703-1","EC","singlet"
"s_008um_00084_00705-1","Unknown","reject"
"s_008um_00038_00690-1","Podo","singlet"
"s_008um_00090_00645-1","PT","singlet"
"s_008um_00049_00709-1","Unknown","doublet_uncertain"
"s_008um_00012_00699-1","EC","doublet_certain"
"s_008um_00056_00684-1","B_PL","singlet"
"s_008um_00101_00710-1","EC","singlet"
"s_008um_00060_00705-1","Unknown","doublet_uncertain"
"s_008um_00089_00656-1","PT","singlet"
"s_008um_00089_00693-1","PT","singlet"
"s_008um_00119_00684-1","Podo","doublet_certain"
"s_008um_00005_00677-1","DCT","singlet"
"s_008um_00095_00661-1","PT","singlet"
"s_008um_00057_00670-1","FIB","doublet_certain"
"s_008um_00028_00707-1","Podo","singlet"
"s_008um_00017_00690-1","EC","singlet"
"s_008um_00015_00666-1","PT","doublet_certain"
"s_008um_00015_00688-1","IC","singlet"
"s_008um_00061_00660-1","DCT","singlet"
"s_008um_00036_00711-1","PT","singlet"
"s_008um_00045_00667-1","VSM/P","doublet_certain"
"s_008um_00103_00647-1","PT","singlet"
"s_008um_00114_00676-1","Podo","singlet"
"s_008um_00072_00697-1","Unknown","doublet_uncertain"
"s_008um_00077_00678-1","FIB","singlet"
"s_008um_00031_00661-1","PT","singlet"
"s_008um_00036_00698-1","IC","doublet_certain"
"s_008um_00090_00700-1","EC","singlet"
"s_008um_00053_00695-1","PT","singlet"
"s_008um_00076_00702-1","IC","singlet"
"s_008um_00040_00713-1","PT","singlet"
"s_008um_00063_00691-1","PT","singlet"
"s_008um_00098_00694-1","Unknown","reject"
"s_008um_00056_00694-1","PT","singlet"
"s_008um_00080_00684-1","PT","singlet"
"s_008um_00091_00711-1","EC","singlet"
"s_008um_00066_00665-1","PT","doublet_certain"
"s_008um_00072_00655-1","PT","singlet"
"s_008um_00017_00683-1","TAL","singlet"
"s_008um_00005_00691-1","DCT","singlet"
"s_008um_00051_00693-1","PT","singlet"
"s_008um_00037_00666-1","TAL","singlet"
"s_008um_00088_00686-1","PT","singlet"
"s_008um_00108_00644-1","Unknown","reject"
"s_008um_00064_00658-1","DCT","singlet"
"s_008um_00120_00673-1","Unknown","doublet_uncertain"
"s_008um_00007_00655-1","Unknown","reject"
"s_008um_00027_00710-1","Podo","singlet"
"s_008um_00125_00652-1","PC","singlet"
"s_008um_00009_00701-1","EC","singlet"
"s_008um_00109_00683-1","Podo","singlet"
"s_008um_00011_00679-1","PT","singlet"
"s_008um_00045_00679-1","EC","doublet_certain"
"s_008um_00048_00720-1","Unknown","reject"
"s_008um_00068_00708-1","Unknown","reject"
"s_008um_00048_00714-1","VSM/P","singlet"
"s_008um_00071_00687-1","T_NK","singlet"
"s_008um_00066_00662-1","DCT","singlet"
"s_008um_00104_00708-1","Unknown","reject"
"s_008um_00046_00720-1","B_PL","singlet"
"s_008um_00072_00682-1","PT","singlet"
"s_008um_00104_00709-1","EC","singlet"
"s_008um_00087_00659-1","PT","singlet"
"s_008um_00073_00674-1","DCT","singlet"
"s_008um_00046_00710-1","PT","singlet"
"s_008um_00089_00664-1","PT","singlet"
"s_008um_00018_00681-1","TAL","singlet"
"s_008um_00104_00658-1","PT","singlet"
"s_008um_00059_00683-1","Unknown","doublet_uncertain"
"s_008um_00118_00670-1","Podo","singlet"
"s_008um_00067_00654-1","Unknown","doublet_uncertain"
"s_008um_00057_00705-1","Unknown","reject"
"s_008um_00025_00680-1","IC","singlet"
"s_008um_00088_00697-1","Unknown","doublet_uncertain"
"s_008um_00124_00643-1","Unknown","reject"
"s_008um_00074_00662-1","PT","singlet"
"s_008um_00078_00667-1","PT","singlet"
"s_008um_00057_00717-1","VSM/P","singlet"
"s_008um_00110_00678-1","EC","singlet"
"s_008um_00086_00684-1","PT","singlet"
"s_008um_00066_00710-1","PT","singlet"
"s_008um_00105_00704-1","EC","singlet"
"s_008um_00098_00689-1","Unknown","reject"
"s_008um_00121_00670-1","PEC","singlet"
"s_008um_00104_00645-1","FIB","singlet"
"s_008um_00033_00693-1","IC","doublet_certain"
"s_008um_00088_00664-1","PT","singlet"
"s_008um_00061_00693-1","PT","singlet"
"s_008um_00086_00667-1","PT","singlet"
"s_008um_00108_00670-1","Podo","doublet_certain"
"s_008um_00037_00708-1","DCT","doublet_certain"
"s_008um_00102_00672-1","PT","singlet"
"s_008um_00103_00704-1","EC","singlet"
"s_008um_00106_00686-1","EC","singlet"
"s_008um_00063_00675-1","Unknown","reject"
"s_008um_00112_00643-1","EC","singlet"
"s_008um_00023_00709-1","Unknown","doublet_uncertain"
"s_008um_00038_00708-1","Unknown","reject"
"s_008um_00115_00663-1","PT","singlet"
"s_008um_00009_00705-1","Unknown","doublet_uncertain"
"s_008um_00118_00644-1","Unknown","reject"
"s_008um_00082_00646-1","Unknown","reject"
"s_008um_00122_00680-1","Podo","doublet_certain"
"s_008um_00019_00670-1","PT","singlet"
"s_008um_00071_00709-1","PT","singlet"
"s_008um_00111_00657-1","PT","singlet"
"s_008um_00000_00662-1","PT","singlet"
"s_008um_00044_00712-1","PT","singlet"
"s_008um_00120_00644-1","PT","singlet"
"s_008um_00092_00685-1","Unknown","reject"
"s_008um_00121_00678-1","Podo","doublet_certain"
"s_008um_00094_00667-1","PT","singlet"
"s_008um_00050_00675-1","EC","doublet_certain"
"s_008um_00062_00668-1","PT","singlet"
"s_008um_00109_00674-1","Unknown","doublet_uncertain"
"s_008um_00111_00698-1","EC","singlet"
"s_008um_00055_00705-1","Unknown","reject"
"s_008um_00059_00669-1","FIB","singlet"
"s_008um_00061_00687-1","FIB","singlet"
"s_008um_00002_00662-1","Unknown","reject"
"s_008um_00109_00671-1","EC","doublet_certain"
"s_008um_00012_00655-1","EC","singlet"
"s_008um_00077_00675-1","DCT","singlet"
"s_008um_00072_00688-1","PT","singlet"
"s_008um_00095_00663-1","FIB","singlet"
"s_008um_00010_00690-1","Podo","singlet"
"s_008um_00116_00658-1","IC","singlet"
"s_008um_00045_00711-1","PT","singlet"
"s_008um_00086_00675-1","DCT","singlet"
"s_008um_00060_00679-1","Unknown","doublet_uncertain"
"s_008um_00109_00656-1","PT","singlet"
"s_008um_00080_00649-1","EC","singlet"
"s_008um_00064_00707-1","Unknown","reject"
"s_008um_00044_00664-1","PC","singlet"
"s_008um_00014_00707-1","EC","doublet_certain"
"s_008um_00006_00684-1","DCT","singlet"
"s_008um_00041_00655-1","Unknown","doublet_uncertain"
"s_008um_00115_00669-1","Podo","singlet"
"s_008um_00108_00668-1","FIB","singlet"
"s_008um_00114_00654-1","PT","singlet"
"s_008um_00069_00646-1","Unknown","reject"
"s_008um_00055_00702-1","IC","singlet"
"s_008um_00084_00712-1","Unknown","reject"
"s_008um_00104_00668-1","EC","singlet"
"s_008um_00040_00712-1","PT","singlet"
"s_008um_00083_00692-1","EC","doublet_certain"
"s_008um_00078_00685-1","PT","singlet"
"s_008um_00014_00689-1","Podo","singlet"
"s_008um_00048_00716-1","EC","singlet"
"s_008um_00007_00700-1","EC","singlet"
"s_008um_00013_00708-1","EC","singlet"
"s_008um_00076_00660-1","EC","singlet"
"s_008um_00020_00676-1","FIB","singlet"
"s_008um_00105_00698-1","Unknown","reject"
"s_008um_00078_00705-1","PT","singlet"
"s_008um_00100_00706-1","Podo","singlet"
"s_008um_00080_00711-1","DCT","singlet"
"s_008um_00040_00652-1","Unknown","reject"
"s_008um_00084_00655-1","PT","singlet"
"s_008um_00116_00676-1","Podo","doublet_certain"
"s_008um_00029_00691-1","Unknown","doublet_uncertain"
"s_008um_00008_00708-1","Unknown","doublet_uncertain"
"s_008um_00122_00651-1","Unknown","reject"
"s_008um_00079_00665-1","PT","singlet"
"s_008um_00098_00677-1","PT","singlet"
"s_008um_00052_00668-1","FIB","singlet"
"s_008um_00039_00714-1","PT","singlet"
"s_008um_00094_00678-1","PT","singlet"
"s_008um_00039_00661-1","PT","singlet"
"s_008um_00013_00690-1","Podo","doublet_certain"
"s_008um_00075_00656-1","PT","singlet"
"s_008um_00060_00668-1","Unknown","reject"
"s_008um_00124_00671-1","Unknown","reject"
"s_008um_00058_00695-1","PT","singlet"
"s_008um_00069_00698-1","Unknown","reject"
"s_008um_00110_00700-1","FIB","singlet"
"s_008um_00062_00714-1","VSM/P","singlet"
"s_008um_00035_00661-1","PT","singlet"
"s_008um_00111_00678-1","EC","singlet"
"s_008um_00095_00647-1","PT","singlet"
"s_008um_00056_00656-1","DCT","singlet"
"s_008um_00083_00693-1","PT","singlet"
"s_008um_00086_00645-1","PT","singlet"
"s_008um_00030_00706-1","PEC","singlet"
"s_008um_00080_00648-1","Unknown","reject"
"s_008um_00072_00680-1","PT","singlet"
"s_008um_00076_00662-1","Unknown","reject"
"s_008um_00078_00649-1","EC","singlet"
"s_008um_00061_00707-1","FIB","singlet"
"s_008um_00003_00663-1","EC","singlet"
"s_008um_00049_00675-1","Podo","doublet_certain"
"s_008um_00009_00655-1","PT","singlet"
"s_008um_00027_00672-1","PT","singlet"
"s_008um_00044_00681-1","EC","singlet"
"s_008um_00008_00668-1","Unknown","reject"
"s_008um_00051_00712-1","EC","doublet_certain"
"s_008um_00118_00645-1","PT","singlet"
"s_008um_00035_00684-1","Podo","doublet_certain"
"s_008um_00049_00651-1","IC","singlet"
"s_008um_00123_00645-1","Unknown","reject"
"s_008um_00079_00651-1","Unknown","reject"
"s_008um_00086_00698-1","PT","singlet"
"s_008um_00063_00680-1","PC","doublet_certain"
"s_008um_00081_00685-1","EC","singlet"
"s_008um_00091_00707-1","EC","singlet"
"s_008um_00085_00705-1","EC","singlet"
"s_008um_00106_00641-1","Unknown","reject"
"s_008um_00105_00643-1","Unknown","doublet_uncertain"
"s_008um_00033_00706-1","Unknown","doublet_uncertain"
"s_008um_00035_00715-1","PT","singlet"
"s_008um_00112_00642-1","EC","singlet"
"s_008um_00007_00688-1","DCT","doublet_certain"
"s_008um_00022_00688-1","IC","singlet"
"s_008um_00011_00674-1","PT","singlet"
"s_008um_00054_00666-1","EC","doublet_certain"
"s_008um_00103_00672-1","Podo","singlet"
"s_008um_00044_00658-1","PT","singlet"
"s_008um_00041_00719-1","Unknown","reject"
"s_008um_00007_00673-1","PT","singlet"
"s_008um_00000_00695-1","FIB","singlet"
"s_008um_00081_00696-1","Unknown","reject"
"s_008um_00016_00673-1","PT","singlet"
"s_008um_00008_00673-1","PT","singlet"
"s_008um_00117_00673-1","Podo","singlet"
"s_008um_00078_00710-1","DCT","singlet"
"s_008um_00042_00689-1","EC","doublet_certain"
"s_008um_00086_00650-1","PT","singlet"
"s_008um_00004_00721-1","EC","singlet"
"s_008um_00070_00669-1","PT","singlet"
"s_008um_00042_00686-1","EC","singlet"
"s_008um_00042_00696-1","IC","doublet_certain"
"s_008um_00055_00660-1","PT","singlet"
"s_008um_00077_00692-1","EC","singlet"
"s_008um_00024_00684-1","IC","singlet"
"s_008um_00087_00656-1","Unknown","reject"
"s_008um_00056_00664-1","Unknown","doublet_uncertain"
"s_008um_00110_00670-1","Podo","singlet"
"s_008um_00107_00687-1","EC","singlet"
"s_008um_00003_00698-1","Podo","singlet"
"s_008um_00108_00675-1","EC","singlet"
"s_008um_00046_00668-1","VSM/P","singlet"
"s_008um_00054_00705-1","FIB","singlet"
"s_008um_00004_00705-1","EC","singlet"
"s_008um_00049_00698-1","DCT","singlet"
"s_008um_00109_00679-1","EC","doublet_certain"
"s_008um_00088_00671-1","PT","singlet"
"s_008um_00122_00647-1","Unknown","reject"
"s_008um_00099_00646-1","PT","singlet"
"s_008um_00064_00660-1","DCT","singlet"
"s_008um_00107_00664-1","FIB","singlet"
"s_008um_00110_00673-1","EC","doublet_certain"
"s_008um_00006_00700-1","VSM/P","singlet"
"s_008um_00039_00674-1","VSM/P","doublet_certain"
"s_008um_00072_00650-1","EC","singlet"
"s_008um_00110_00689-1","Unknown","reject"
"s_008um_00005_00676-1","DCT","singlet"
"s_008um_00029_00715-1","IC","singlet"
"s_008um_00064_00663-1","FIB","singlet"
"s_008um_00100_00663-1","PT","singlet"
"s_008um_00101_00697-1","Podo","singlet"
"s_008um_00084_00663-1","Unknown","reject"
"s_008um_00005_00660-1","Unknown","reject"
"s_008um_00040_00669-1","VSM/P","singlet"
"s_008um_00008_00720-1","Unknown","reject"
"s_008um_00100_00701-1","EC","singlet"
"s_008um_00077_00672-1","DCT","singlet"
"s_008um_00088_00669-1","PT","singlet"
"s_008um_00026_00702-1","EC","singlet"
"s_008um_00099_00653-1","PT","singlet"
"s_008um_00002_00677-1","DCT","singlet"
"s_008um_00049_00707-1","Unknown","doublet_uncertain"
"s_008um_00019_00711-1","Podo","doublet_certain"
"s_008um_00007_00696-1","EC","doublet_certain"
"s_008um_00045_00661-1","IC","singlet"
"s_008um_00075_00696-1","Unknown","reject"
"s_008um_00039_00692-1","Podo","singlet"
"s_008um_00058_00700-1","IC","singlet"
"s_008um_00039_00713-1","PT","singlet"
"s_008um_00126_00663-1","Unknown","reject"
"s_008um_00052_00689-1","Unknown","doublet_uncertain"
"s_008um_00037_00690-1","Podo","singlet"
"s_008um_00003_00720-1","IC","singlet"
"s_008um_00085_00650-1","PT","singlet"
"s_008um_00101_00669-1","Unknown","reject"
"s_008um_00047_00695-1","IC","singlet"
"s_008um_00100_00666-1","PT","singlet"
"s_008um_00106_00704-1","EC","singlet"
"s_008um_00101_00650-1","PT","singlet"
"s_008um_00063_00715-1","EC","singlet"
"s_008um_00028_00657-1","PT","singlet"
"s_008um_00112_00691-1","PT","singlet"
"s_008um_00102_00705-1","EC","singlet"
"s_008um_00120_00649-1","PT","singlet"
"s_008um_00108_00687-1","Podo","singlet"
"s_008um_00049_00687-1","Podo","singlet"
"s_008um_00044_00661-1","PC","singlet"
"s_008um_00099_00650-1","FIB","singlet"
"s_008um_00027_00654-1","PT","singlet"
"s_008um_00057_00698-1","Unknown","doublet_uncertain"
"s_008um_00018_00682-1","TAL","singlet"
"s_008um_00007_00707-1","Podo","singlet"
"s_008um_00127_00646-1","PT","singlet"
"s_008um_00034_00683-1","EC","doublet_certain"
"s_008um_00060_00656-1","DCT","singlet"
"s_008um_00008_00669-1","PT","singlet"
"s_008um_00116_00682-1","Podo","singlet"
"s_008um_00041_00676-1","VSM/P","singlet"
"s_008um_00049_00691-1","Unknown","reject"
"s_008um_00127_00695-1","PT","singlet"
"s_008um_00021_00696-1","EC","singlet"
"s_008um_00083_00648-1","Unknown","reject"
"s_008um_00024_00652-1","Unknown","reject"
"s_008um_00122_00642-1","PT","singlet"
"s_008um_00087_00708-1","EC","singlet"
"s_008um_00077_00708-1","PT","singlet"
"s_008um_00073_00669-1","Unknown","reject"
"s_008um_00026_00664-1","EC","singlet"
"s_008um_00063_00704-1","PT","singlet"
"s_008um_00127_00701-1","PT","singlet"
"s_008um_00055_00696-1","PT","singlet"
"s_008um_00047_00667-1","Unknown","reject"
"s_008um_00027_00658-1","PT","singlet"
"s_008um_00000_00707-1","Podo","singlet"
"s_008um_00112_00671-1","EC","doublet_certain"
"s_008um_00083_00687-1","Unknown","reject"
"s_008um_00068_00690-1","PT","singlet"
"s_008um_00069_00708-1","PT","singlet"
"s_008um_00065_00655-1","DCT","singlet"
"s_008um_00101_00645-1","PT","singlet"
"s_008um_00071_00649-1","VSM/P","singlet"
"s_008um_00075_00697-1","EC","doublet_certain"
"s_008um_00107_00685-1","Podo","singlet"
"s_008um_00117_00671-1","Podo","singlet"
"s_008um_00092_00659-1","PT","singlet"
"s_008um_00033_00692-1","Unknown","doublet_uncertain"
"s_008um_00087_00662-1","PT","singlet"
"s_008um_00127_00698-1","PT","singlet"
"s_008um_00016_00668-1","PT","singlet"
"s_008um_00066_00658-1","EC","singlet"
"s_008um_00075_00701-1","Unknown","reject"
"s_008um_00000_00721-1","EC","singlet"
"s_008um_00098_00650-1","PT","singlet"
"s_008um_00126_00657-1","Unknown","reject"
"s_008um_00031_00691-1","FIB","singlet"
"s_008um_00022_00675-1","PT","singlet"
"s_008um_00074_00687-1","PT","singlet"
"s_008um_00035_00695-1","IC","singlet"
"s_008um_00118_00666-1","Mono_Mac","singlet"
"s_008um_00081_00651-1","PT","singlet"
"s_008um_00113_00684-1","Podo","doublet_certain"
"s_008um_00005_00685-1","DCT","singlet"
"s_008um_00018_00717-1","Unknown","doublet_uncertain"
"s_008um_00112_00693-1","PT","singlet"
"s_008um_00111_00682-1","EC","doublet_certain"
"s_008um_00024_00675-1","PT","singlet"
"s_008um_00122_00698-1","Unknown","reject"
"s_008um_00002_00711-1","Podo","singlet"
"s_008um_00075_00707-1","PT","singlet"
"s_008um_00108_00641-1","Unknown","reject"
"s_008um_00009_00716-1","Podo","singlet"
"s_008um_00012_00707-1","EC","doublet_certain"
"s_008um_00037_00687-1","Podo","doublet_certain"
"s_008um_00105_00702-1","EC","singlet"
"s_008um_00024_00674-1","PT","singlet"
"s_008um_00036_00710-1","PT","singlet"
"s_008um_00038_00660-1","PT","singlet"
"s_008um_00017_00715-1","Podo","singlet"
"s_008um_00065_00679-1","PC","singlet"
"s_008um_00068_00686-1","PT","singlet"
"s_008um_00044_00710-1","EC","doublet_certain"
"s_008um_00040_00694-1","Unknown","reject"
"s_008um_00098_00666-1","PT","singlet"
"s_008um_00114_00664-1","PT","singlet"
"s_008um_00109_00654-1","Unknown","reject"
"s_008um_00039_00706-1","EC","singlet"
"s_008um_00069_00653-1","Unknown","doublet_uncertain"
"s_008um_00086_00657-1","PT","singlet"
"s_008um_00070_00678-1","DCT","singlet"
"s_008um_00005_00671-1","Unknown","reject"
"s_008um_00018_00673-1","PT","singlet"
"s_008um_00026_00657-1","PT","singlet"
"s_008um_00017_00670-1","PT","singlet"
"s_008um_00124_00692-1","PT","singlet"
"s_008um_00059_00697-1","EC","singlet"
"s_008um_00060_00697-1","Unknown","reject"
"s_008um_00087_00692-1","PT","singlet"
"s_008um_00044_00674-1","EC","doublet_certain"
"s_008um_00097_00673-1","PT","singlet"
"s_008um_00036_00715-1","PT","singlet"
"s_008um_00077_00689-1","PT","singlet"
"s_008um_00080_00682-1","PT","singlet"
"s_008um_00082_00658-1","PT","singlet"
"s_008um_00049_00657-1","Unknown","reject"
"s_008um_00046_00656-1","Unknown","reject"
"s_008um_00041_00714-1","PT","singlet"
"s_008um_00039_00679-1","Podo","singlet"
"s_008um_00076_00688-1","B_PL","singlet"
"s_008um_00087_00712-1","Podo","singlet"
"s_008um_00036_00693-1","IC","singlet"
"s_008um_00098_00671-1","PT","singlet"
"s_008um_00104_00700-1","EC","singlet"
"s_008um_00043_00657-1","PT","singlet"
"s_008um_00018_00675-1","FIB","singlet"
"s_008um_00029_00698-1","Podo","singlet"
"s_008um_00078_00703-1","PT","singlet"
"s_008um_00070_00671-1","FIB","doublet_certain"
"s_008um_00055_00650-1","Unknown","reject"
"s_008um_00080_00687-1","PT","singlet"
"s_008um_00044_00680-1","EC","singlet"
"s_008um_00083_00683-1","PT","singlet"
"s_008um_00028_00721-1","Unknown","reject"
"s_008um_00027_00691-1","Unknown","reject"
"s_008um_00040_00703-1","DCT","singlet"
"s_008um_00111_00669-1","Podo","doublet_certain"
"s_008um_00064_00702-1","Unknown","reject"
"s_008um_00064_00651-1","B_PL","singlet"
"s_008um_00045_00691-1","Podo","doublet_certain"
"s_008um_00011_00696-1","EC","singlet"
"s_008um_00061_00699-1","CNT","singlet"
"s_008um_00056_00693-1","PT","singlet"
"s_008um_00041_00700-1","IC","singlet"
"s_008um_00082_00688-1","PT","singlet"
"s_008um_00046_00657-1","Unknown","reject"
"s_008um_00029_00663-1","PT","singlet"
"s_008um_00115_00641-1","PT","singlet"
"s_008um_00106_00693-1","EC","singlet"
"s_008um_00060_00664-1","FIB","singlet"
"s_008um_00071_00657-1","PT","singlet"
"s_008um_00049_00716-1","Unknown","reject"
"s_008um_00014_00668-1","PT","singlet"
"s_008um_00044_00711-1","PT","singlet"
"s_008um_00101_00703-1","EC","singlet"
"s_008um_00023_00658-1","PT","singlet"
"s_008um_00009_00718-1","Podo","singlet"
"s_008um_00035_00664-1","VSM/P","singlet"
"s_008um_00047_00717-1","EC","singlet"
"s_008um_00054_00710-1","VSM/P","singlet"
"s_008um_00101_00705-1","EC","singlet"
"s_008um_00110_00656-1","PT","singlet"
"s_008um_00025_00700-1","EC","singlet"
"s_008um_00127_00668-1","PT","singlet"
"s_008um_00096_00683-1","TAL","singlet"
"s_008um_00102_00646-1","EC","singlet"
"s_008um_00056_00662-1","PT","singlet"
"s_008um_00047_00663-1","PC","singlet"
"s_008um_00125_00641-1","PT","singlet"
"s_008um_00034_00661-1","EC","singlet"
"s_008um_00083_00713-1","EC","singlet"
"s_008um_00047_00672-1","EC","singlet"
"s_008um_00100_00677-1","Unknown","reject"
"s_008um_00060_00702-1","Unknown","reject"
"s_008um_00116_00689-1","Unknown","reject"
"s_008um_00085_00669-1","PT","singlet"
"s_008um_00118_00671-1","Podo","doublet_certain"
"s_008um_00041_00680-1","EC","singlet"
"s_008um_00012_00690-1","Podo","singlet"
"s_008um_00024_00708-1","EC","singlet"
"s_008um_00006_00672-1","PT","singlet"
"s_008um_00090_00673-1","FIB","singlet"
"s_008um_00053_00697-1","PT","singlet"
"s_008um_00036_00702-1","Unknown","reject"
"s_008um_00052_00694-1","PT","singlet"
"s_008um_00039_00653-1","PC","singlet"
"s_008um_00101_00701-1","Unknown","reject"
"s_008um_00123_00676-1","Podo","singlet"
"s_008um_00023_00685-1","IC","singlet"
"s_008um_00002_00709-1","Podo","singlet"
"s_008um_00002_00695-1","Podo","singlet"
"s_008um_00026_00659-1","PT","singlet"
"s_008um_00029_00675-1","Mono_Mac","singlet"
"s_008um_00062_00660-1","DCT","singlet"
"s_008um_00033_00663-1","EC","singlet"
"s_008um_00074_00677-1","EC","singlet"
"s_008um_00123_00685-1","FIB","doublet_certain"
"s_008um_00097_00688-1","Unknown","reject"
"s_008um_00065_00691-1","PT","singlet"
"s_008um_00077_00713-1","PT","singlet"
"s_008um_00119_00697-1","PT","singlet"
"s_008um_00013_00721-1","IC","singlet"
"s_008um_00099_00670-1","Unknown","reject"
"s_008um_00091_00682-1","TAL","singlet"
"s_008um_00092_00660-1","PT","singlet"
"s_008um_00066_00696-1","Unknown","reject"
"s_008um_00016_00656-1","PT","singlet"
"s_008um_00106_00689-1","PT","singlet"
"s_008um_00092_00682-1","TAL","singlet"
"s_008um_00109_00698-1","FIB","singlet"
"s_008um_00054_00679-1","Podo","singlet"
"s_008um_00016_00704-1","Unknown","doublet_uncertain"
"s_008um_00065_00673-1","Unknown","reject"
"s_008um_00027_00686-1","IC","singlet"
"s_008um_00035_00679-1","VSM/P","singlet"
"s_008um_00034_00652-1","Unknown","reject"
"s_008um_00029_00671-1","PT","singlet"
"s_008um_00073_00657-1","PT","singlet"
"s_008um_00061_00706-1","Unknown","reject"
"s_008um_00040_00655-1","Unknown","reject"
"s_008um_00036_00675-1","VSM/P","singlet"
"s_008um_00095_00690-1","PT","singlet"
"s_008um_00024_00688-1","Unknown","doublet_uncertain"
"s_008um_00025_00703-1","EC","singlet"
"s_008um_00055_00719-1","VSM/P","singlet"
"s_008um_00094_00684-1","TAL","singlet"
"s_008um_00049_00694-1","Unknown","reject"
"s_008um_00054_00682-1","Podo","singlet"
"s_008um_00111_00640-1","Unknown","reject"
"s_008um_00002_00660-1","PT","singlet"
"s_008um_00097_00670-1","FIB","singlet"
"s_008um_00089_00666-1","PT","singlet"
"s_008um_00031_00715-1","Unknown","doublet_uncertain"
"s_008um_00062_00659-1","DCT","singlet"
"s_008um_00030_00711-1","PT","singlet"
"s_008um_00121_00639-1","Unknown","reject"
"s_008um_00065_00671-1","PT","singlet"
"s_008um_00049_00688-1","Podo","singlet"
"s_008um_00065_00690-1","PT","singlet"
"s_008um_00124_00697-1","Unknown","reject"
"s_008um_00076_00694-1","FIB","singlet"
"s_008um_00083_00685-1","Unknown","reject"
"s_008um_00077_00666-1","PT","singlet"
"s_008um_00081_00668-1","PT","singlet"
"s_008um_00087_00686-1","PT","singlet"
"s_008um_00068_00712-1","PT","singlet"
"s_008um_00100_00700-1","EC","singlet"
"s_008um_00021_00693-1","Podo","singlet"
"s_008um_00025_00683-1","IC","singlet"
"s_008um_00012_00714-1","EC","doublet_certain"
"s_008um_00097_00675-1","PT","singlet"
"s_008um_00071_00660-1","FIB","singlet"
"s_008um_00109_00699-1","Unknown","reject"
"s_008um_00125_00653-1","PC","singlet"
"s_008um_00072_00694-1","EC","singlet"
"s_008um_00018_00711-1","Podo","doublet_certain"
"s_008um_00027_00688-1","Unknown","doublet_uncertain"
"s_008um_00016_00670-1","PT","singlet"
"s_008um_00084_00665-1","PT","singlet"
"s_008um_00015_00692-1","EC","doublet_certain"
"s_008um_00027_00692-1","Podo","doublet_certain"
"s_008um_00036_00659-1","PT","singlet"
"s_008um_00081_00697-1","EC","singlet"
"s_008um_00083_00663-1","PT","singlet"
"s_008um_00046_00674-1","EC","singlet"
"s_008um_00084_00659-1","PT","singlet"
"s_008um_00021_00698-1","EC","singlet"
"s_008um_00094_00691-1","EC","singlet"
"s_008um_00076_00692-1","Unknown","doublet_uncertain"
"s_008um_00046_00666-1","FIB","singlet"
"s_008um_00025_00671-1","PT","singlet"
"s_008um_00052_00698-1","Unknown","reject"
"s_008um_00044_00675-1","EC","singlet"
"s_008um_00026_00679-1","Unknown","doublet_uncertain"
"s_008um_00058_00671-1","EC","singlet"
"s_008um_00024_00670-1","PT","singlet"
"s_008um_00037_00717-1","PT","singlet"
"s_008um_00103_00673-1","PT","singlet"
"s_008um_00068_00668-1","Unknown","reject"
"s_008um_00108_00651-1","Unknown","reject"
"s_008um_00116_00690-1","PT","singlet"
"s_008um_00034_00675-1","VSM/P","singlet"
"s_008um_00029_00704-1","EC","singlet"
"s_008um_00002_00676-1","DCT","singlet"
"s_008um_00091_00696-1","Unknown","reject"
"s_008um_00098_00648-1","PT","singlet"
"s_008um_00060_00660-1","DCT","singlet"
"s_008um_00099_00703-1","EC","singlet"
"s_008um_00065_00665-1","PT","singlet"
"s_008um_00021_00675-1","PT","singlet"
"s_008um_00011_00697-1","EC","doublet_certain"
"s_008um_00074_00655-1","PT","singlet"
"s_008um_00010_00694-1","Unknown","doublet_uncertain"
"s_008um_00060_00701-1","IC","singlet"
"s_008um_00012_00657-1","Unknown","reject"
"s_008um_00116_00655-1","PT","singlet"
"s_008um_00078_00674-1","DCT","singlet"
"s_008um_00033_00662-1","EC","singlet"
"s_008um_00054_00707-1","PT","singlet"
"s_008um_00010_00702-1","EC","singlet"
"s_008um_00114_00682-1","EC","singlet"
"s_008um_00060_00674-1","PT","singlet"
"s_008um_00106_00664-1","PT","singlet"
"s_008um_00038_00702-1","IC","singlet"
"s_008um_00050_00655-1","Unknown","reject"
"s_008um_00118_00653-1","PT","singlet"
"s_008um_00050_00694-1","Unknown","doublet_uncertain"
"s_008um_00024_00701-1","Podo","singlet"
"s_008um_00040_00675-1","VSM/P","singlet"
"s_008um_00117_00643-1","PT","singlet"
"s_008um_00009_00691-1","Podo","doublet_certain"
"s_008um_00109_00705-1","Unknown","doublet_uncertain"
"s_008um_00056_00659-1","Unknown","reject"
"s_008um_00096_00663-1","PT","singlet"
"s_008um_00046_00708-1","Unknown","reject"
"s_008um_00033_00698-1","FIB","singlet"
"s_008um_00046_00705-1","PT","singlet"
"s_008um_00019_00718-1","PC","singlet"
"s_008um_00028_00668-1","PT","singlet"
"s_008um_00084_00691-1","Unknown","reject"
"s_008um_00009_00667-1","PT","singlet"
"s_008um_00064_00666-1","PT","singlet"
"s_008um_00121_00701-1","PT","singlet"
"s_008um_00041_00665-1","TAL","doublet_certain"
"s_008um_00062_00678-1","Unknown","reject"
"s_008um_00108_00696-1","PEC","singlet"
"s_008um_00118_00692-1","PT","singlet"
"s_008um_00007_00687-1","Unknown","reject"
"s_008um_00072_00673-1","DCT","singlet"
"s_008um_00032_00672-1","Unknown","reject"
"s_008um_00065_00654-1","DCT","singlet"
"s_008um_00107_00643-1","Unknown","reject"
"s_008um_00084_00656-1","PT","singlet"
"s_008um_00100_00678-1","Unknown","reject"
"s_008um_00019_00704-1","EC","singlet"
"s_008um_00005_00700-1","EC","singlet"
"s_008um_00055_00663-1","PT","singlet"
"s_008um_00038_00670-1","EC","doublet_certain"
"s_008um_00086_00662-1","PT","singlet"
"s_008um_00046_00696-1","IC","singlet"
"s_008um_00119_00650-1","PT","singlet"
"s_008um_00042_00714-1","PT","singlet"
"s_008um_00068_00700-1","Unknown","reject"
"s_008um_00043_00709-1","Unknown","doublet_uncertain"
"s_008um_00027_00659-1","PT","singlet"
"s_008um_00056_00680-1","Podo","singlet"
"s_008um_00015_00717-1","Unknown","doublet_uncertain"
"s_008um_00069_00709-1","PT","singlet"
"s_008um_00086_00673-1","DCT","singlet"
"s_008um_00030_00660-1","PT","singlet"
"s_008um_00064_00696-1","Unknown","reject"
"s_008um_00047_00710-1","VSM/P","singlet"
"s_008um_00025_00698-1","Podo","singlet"
"s_008um_00064_00652-1","Unknown","reject"
"s_008um_00026_00665-1","Unknown","reject"
"s_008um_00063_00708-1","PT","singlet"
"s_008um_00004_00669-1","PT","singlet"
"s_008um_00001_00678-1","DCT","singlet"
"s_008um_00053_00670-1","Podo","singlet"
"s_008um_00048_00674-1","EC","singlet"
"s_008um_00014_00721-1","IC","singlet"
"s_008um_00058_00653-1","DCT","singlet"
"s_008um_00015_00693-1","EC","doublet_certain"
"s_008um_00075_00699-1","PC","singlet"
"s_008um_00009_00692-1","VSM/P","singlet"
"s_008um_00051_00707-1","Unknown","reject"
"s_008um_00078_00661-1","FIB","singlet"
"s_008um_00073_00654-1","PT","singlet"
"s_008um_00035_00675-1","VSM/P","singlet"
"s_008um_00104_00662-1","Unknown","reject"
"s_008um_00010_00678-1","PT","singlet"
"s_008um_00054_00652-1","EC","singlet"
"s_008um_00072_00666-1","PT","singlet"
"s_008um_00024_00664-1","FIB","singlet"
"s_008um_00052_00676-1","EC","doublet_certain"
"s_008um_00069_00697-1","Unknown","doublet_uncertain"
"s_008um_00001_00674-1","PT","singlet"
"s_008um_00023_00683-1","TAL","doublet_certain"
"s_008um_00099_00705-1","EC","singlet"
"s_008um_00102_00659-1","Unknown","reject"
"s_008um_00066_00660-1","DCT","singlet"
"s_008um_00053_00715-1","VSM/P","singlet"
"s_008um_00011_00688-1","Unknown","doublet_uncertain"
"s_008um_00057_00685-1","B_PL","singlet"
"s_008um_00003_00681-1","DCT","singlet"
"s_008um_00061_00716-1","VSM/P","singlet"
"s_008um_00111_00672-1","EC","singlet"
"s_008um_00046_00689-1","Podo","singlet"
"s_008um_00103_00675-1","Unknown","doublet_uncertain"
"s_008um_00043_00673-1","EC","doublet_certain"
"s_008um_00095_00643-1","PT","singlet"
"s_008um_00049_00708-1","Unknown","reject"
"s_008um_00022_00703-1","EC","singlet"
"s_008um_00086_00652-1","PT","singlet"
"s_008um_00105_00687-1","EC","singlet"
"s_008um_00103_00653-1","PT","singlet"
"s_008um_00007_00689-1","DCT","doublet_certain"
"s_008um_00050_00716-1","VSM/P","singlet"
"s_008um_00048_00667-1","EC","doublet_certain"
"s_008um_00059_00686-1","Unknown","doublet_uncertain"
"s_008um_00058_00693-1","PT","singlet"
"s_008um_00011_00684-1","Unknown","doublet_uncertain"
"s_008um_00025_00716-1","Unknown","doublet_uncertain"
"s_008um_00112_00703-1","B_PL","singlet"
"s_008um_00033_00696-1","Unknown","reject"
"s_008um_00001_00687-1","DCT","singlet"
"s_008um_00040_00690-1","Podo","doublet_certain"
"s_008um_00053_00667-1","VSM/P","singlet"
"s_008um_00005_00689-1","DCT","doublet_certain"
"s_008um_00042_00651-1","Unknown","reject"
"s_008um_00082_00669-1","PT","singlet"
"s_008um_00041_00668-1","VSM/P","singlet"
"s_008um_00079_00713-1","Unknown","reject"
"s_008um_00038_00709-1","Unknown","doublet_uncertain"
"s_008um_00087_00673-1","DCT","singlet"
"s_008um_00061_00654-1","DCT","singlet"
"s_008um_00110_00672-1","Podo","singlet"
"s_008um_00008_00688-1","Unknown","reject"
"s_008um_00028_00692-1","Unknown","reject"
"s_008um_00030_00658-1","PT","singlet"
"s_008um_00000_00716-1","Unknown","reject"
"s_008um_00047_00704-1","PT","singlet"
"s_008um_00095_00689-1","PT","singlet"
"s_008um_00008_00684-1","DCT","singlet"
"s_008um_00016_00678-1","DCT","singlet"
"s_008um_00111_00674-1","EC","singlet"
"s_008um_00082_00713-1","EC","singlet"
"s_008um_00025_00677-1","Unknown","doublet_uncertain"
"s_008um_00110_00660-1","B_PL","singlet"
"s_008um_00071_00673-1","DCT","singlet"
"s_008um_00091_00669-1","PT","singlet"
"s_008um_00049_00669-1","B_PL","singlet"
"s_008um_00111_00692-1","PT","singlet"
"s_008um_00022_00679-1","DCT","singlet"
"s_008um_00107_00656-1","PT","singlet"
"s_008um_00027_00679-1","IC","singlet"
"s_008um_00086_00665-1","PT","singlet"
"s_008um_00119_00662-1","FIB","singlet"
"s_008um_00122_00653-1","Unknown","reject"
"s_008um_00068_00671-1","Unknown","reject"
"s_008um_00052_00680-1","Podo","doublet_certain"
"s_008um_00049_00678-1","EC","doublet_certain"
"s_008um_00110_00681-1","Podo","singlet"
"s_008um_00007_00665-1","PT","singlet"
"s_008um_00115_00696-1","Unknown","reject"
"s_008um_00088_00693-1","PT","singlet"
"s_008um_00041_00658-1","Unknown","reject"
"s_008um_00090_00702-1","EC","singlet"
"s_008um_00117_00693-1","Unknown","reject"
"s_008um_00039_00696-1","FIB","singlet"
"s_008um_00053_00659-1","Unknown","doublet_uncertain"
"s_008um_00063_00650-1","B_PL","singlet"
"s_008um_00022_00719-1","DCT","doublet_certain"
"s_008um_00027_00703-1","EC","singlet"
"s_008um_00121_00651-1","Unknown","reject"
"s_008um_00020_00677-1","DCT","singlet"
"s_008um_00006_00662-1","PT","singlet"
"s_008um_00042_00664-1","PC","singlet"
"s_008um_00034_00656-1","Unknown","reject"
"s_008um_00038_00667-1","TAL","singlet"
"s_008um_00085_00655-1","PT","singlet"
"s_008um_00024_00700-1","Unknown","doublet_uncertain"
"s_008um_00045_00703-1","DCT","singlet"
"s_008um_00017_00714-1","Podo","doublet_certain"
"s_008um_00036_00703-1","IC","singlet"
"s_008um_00047_00703-1","DCT","doublet_certain"
"s_008um_00043_00671-1","Podo","singlet"
"s_008um_00011_00718-1","Unknown","reject"
"s_008um_00085_00684-1","Unknown","reject"
"s_008um_00061_00677-1","Unknown","doublet_uncertain"
"s_008um_00090_00693-1","PT","singlet"
"s_008um_00052_00651-1","B_PL","singlet"
"s_008um_00020_00657-1","EC","singlet"
"s_008um_00050_00699-1","IC","singlet"
"s_008um_00060_00682-1","Unknown","doublet_uncertain"
"s_008um_00017_00713-1","Podo","doublet_certain"
"s_008um_00071_00652-1","EC","singlet"
"s_008um_00068_00704-1","PT","singlet"
"s_008um_00020_00720-1","Unknown","reject"
"s_008um_00092_00700-1","Podo","singlet"
"s_008um_00060_00712-1","PT","singlet"
"s_008um_00007_00716-1","Podo","singlet"
"s_008um_00092_00666-1","Unknown","reject"
"s_008um_00033_00721-1","EC","singlet"
"s_008um_00060_00688-1","FIB","doublet_certain"
"s_008um_00054_00720-1","Unknown","reject"
"s_008um_00049_00699-1","DCT","singlet"
"s_008um_00035_00700-1","CNT","doublet_certain"
"s_008um_00027_00720-1","Unknown","reject"
"s_008um_00093_00704-1","EC","singlet"
"s_008um_00103_00684-1","FIB","singlet"
"s_008um_00019_00695-1","Podo","singlet"
"s_008um_00112_00700-1","Unknown","reject"
"s_008um_00091_00706-1","EC","singlet"
"s_008um_00048_00711-1","VSM/P","singlet"
"s_008um_00058_00709-1","PT","singlet"
"s_008um_00081_00684-1","PT","singlet"
"s_008um_00062_00682-1","PC","singlet"
"s_008um_00033_00711-1","PT","singlet"
"s_008um_00107_00703-1","EC","singlet"
"s_008um_00053_00686-1","Podo","singlet"
"s_008um_00100_00705-1","EC","singlet"
"s_008um_00079_00693-1","Unknown","reject"
"s_008um_00063_00694-1","EC","singlet"
"s_008um_00078_00713-1","DCT","singlet"
"s_008um_00063_00659-1","DCT","singlet"
"s_008um_00027_00670-1","PT","singlet"
"s_008um_00091_00662-1","PT","singlet"
"s_008um_00048_00675-1","EC","doublet_certain"
"s_008um_00076_00708-1","PT","singlet"
"s_008um_00032_00707-1","Unknown","reject"
"s_008um_00126_00682-1","B_PL","singlet"
"s_008um_00105_00666-1","PT","singlet"
"s_008um_00052_00682-1","Podo","singlet"
"s_008um_00026_00671-1","PT","singlet"
"s_008um_00021_00666-1","Unknown","reject"
"s_008um_00017_00661-1","EC","singlet"
"s_008um_00110_00640-1","EC","singlet"
"s_008um_00112_00659-1","IC","singlet"
"s_008um_00062_00707-1","Unknown","reject"
"s_008um_00073_00709-1","PT","singlet"
"s_008um_00106_00691-1","PT","singlet"
"s_008um_00034_00686-1","Podo","singlet"
"s_008um_00024_00692-1","Podo","singlet"
"s_008um_00028_00716-1","IC","singlet"
"s_008um_00019_00717-1","Unknown","reject"
"s_008um_00124_00701-1","PT","singlet"
"s_008um_00057_00677-1","PEC","singlet"
"s_008um_00125_00683-1","B_PL","singlet"
"s_008um_00088_00654-1","EC","singlet"
"s_008um_00120_00650-1","PT","singlet"
"s_008um_00059_00714-1","VSM/P","singlet"
"s_008um_00107_00641-1","EC","singlet"
"s_008um_00027_00676-1","Unknown","doublet_uncertain"
"s_008um_00125_00645-1","PT","singlet"
"s_008um_00017_00705-1","EC","doublet_certain"
"s_008um_00025_00681-1","Unknown","reject"
"s_008um_00022_00693-1","Podo","singlet"
"s_008um_00095_00701-1","EC","singlet"
"s_008um_00040_00668-1","VSM/P","singlet"
"s_008um_00070_00694-1","FIB","singlet"
"s_008um_00088_00708-1","EC","singlet"
"s_008um_00072_00648-1","Unknown","reject"
"s_008um_00018_00719-1","IC","singlet"
"s_008um_00077_00695-1","PT","singlet"
"s_008um_00109_00688-1","EC","singlet"
"s_008um_00000_00702-1","EC","singlet"
"s_008um_00088_00688-1","PT","singlet"
"s_008um_00109_00670-1","Podo","singlet"
"s_008um_00028_00719-1","IC","singlet"
"s_008um_00114_00668-1","Podo","singlet"
"s_008um_00093_00666-1","EC","singlet"
"s_008um_00119_00641-1","Unknown","reject"
"s_008um_00062_00694-1","PT","singlet"
"s_008um_00063_00648-1","Unknown","reject"
"s_008um_00032_00683-1","EC","singlet"
"s_008um_00064_00675-1","DCT","singlet"
"s_008um_00053_00672-1","Unknown","doublet_uncertain"
"s_008um_00080_00667-1","PT","singlet"
"s_008um_00063_00698-1","PC","singlet"
"s_008um_00114_00649-1","PT","singlet"
"s_008um_00109_00643-1","EC","singlet"
"s_008um_00108_00667-1","Unknown","reject"
"s_008um_00032_00671-1","Unknown","reject"
"s_008um_00046_00683-1","Podo","singlet"
"s_008um_00050_00704-1","PT","singlet"
"s_008um_00043_00693-1","Unknown","reject"
"s_008um_00038_00673-1","EC","singlet"
"s_008um_00079_00645-1","PT","singlet"
"s_008um_00094_00706-1","EC","singlet"
"s_008um_00000_00710-1","Podo","singlet"
"s_008um_00047_00679-1","Podo","doublet_certain"
"s_008um_00094_00654-1","PT","singlet"
"s_008um_00025_00699-1","EC","doublet_certain"
"s_008um_00080_00679-1","FIB","singlet"
"s_008um_00069_00696-1","Unknown","reject"
"s_008um_00074_00698-1","Unknown","reject"
"s_008um_00065_00687-1","PT","singlet"
"s_008um_00101_00699-1","EC","singlet"
"s_008um_00012_00712-1","EC","doublet_certain"
"s_008um_00052_00666-1","EC","singlet"
"s_008um_00106_00646-1","FIB","singlet"
"s_008um_00029_00716-1","Unknown","reject"
"s_008um_00068_00654-1","EC","doublet_certain"
"s_008um_00061_00705-1","PT","singlet"
"s_008um_00045_00702-1","DCT","singlet"
"s_008um_00124_00646-1","PT","singlet"
"s_008um_00023_00707-1","EC","singlet"
"s_008um_00066_00705-1","PT","singlet"
"s_008um_00042_00662-1","Unknown","reject"
"s_008um_00004_00710-1","VSM/P","singlet"
"s_008um_00069_00674-1","DCT","singlet"
"s_008um_00125_00691-1","Unknown","reject"
"s_008um_00102_00641-1","Unknown","reject"
"s_008um_00005_00719-1","Unknown","doublet_uncertain"
"s_008um_00121_00693-1","FIB","singlet"
"s_008um_00097_00698-1","EC","singlet"
"s_008um_00127_00658-1","EC","singlet"
"s_008um_00037_00659-1","PT","singlet"
"s_008um_00079_00705-1","PT","singlet"
"s_008um_00074_00690-1","EC","doublet_certain"
"s_008um_00124_00675-1","PEC","singlet"
"s_008um_00021_00690-1","EC","singlet"
"s_008um_00006_00673-1","PT","singlet"
"s_008um_00083_00689-1","PT","singlet"
"s_008um_00126_00681-1","FIB","singlet"
"s_008um_00065_00651-1","Unknown","reject"
"s_008um_00100_00695-1","EC","singlet"
"s_008um_00024_00697-1","Unknown","reject"
"s_008um_00028_00714-1","EC","singlet"
"s_008um_00015_00707-1","EC","singlet"
"s_008um_00022_00694-1","Podo","singlet"
"s_008um_00092_00658-1","PT","singlet"
"s_008um_00081_00679-1","DCT","singlet"
"s_008um_00011_00699-1","Podo","doublet_certain"
"s_008um_00080_00674-1","DCT","singlet"
"s_008um_00003_00695-1","Podo","singlet"
"s_008um_00056_00671-1","FIB","singlet"
"s_008um_00039_00699-1","Unknown","reject"
"s_008um_00093_00706-1","EC","singlet"
"s_008um_00024_00666-1","FIB","singlet"
"s_008um_00046_00702-1","DCT","singlet"
"s_008um_00046_00675-1","EC","doublet_certain"
"s_008um_00014_00684-1","TAL","singlet"
"s_008um_00120_00701-1","Unknown","reject"
"s_008um_00066_00653-1","EC","doublet_certain"
"s_008um_00079_00658-1","Unknown","reject"
"s_008um_00014_00669-1","PT","singlet"
"s_008um_00127_00650-1","IC","singlet"
"s_008um_00053_00708-1","Unknown","reject"
"s_008um_00099_00671-1","PT","singlet"
"s_008um_00050_00674-1","EC","singlet"
"s_008um_00038_00655-1","PC","singlet"
"s_008um_00016_00660-1","EC","singlet"
"s_008um_00084_00694-1","PT","singlet"
"s_008um_00039_00675-1","VSM/P","singlet"
"s_008um_00009_00699-1","EC","singlet"
"s_008um_00114_00647-1","PT","singlet"
"s_008um_00033_00710-1","PT","singlet"
"s_008um_00116_00668-1","Podo","singlet"
"s_008um_00018_00684-1","TAL","singlet"
"s_008um_00009_00685-1","DCT","singlet"
"s_008um_00085_00696-1","PT","singlet"
"s_008um_00068_00651-1","Unknown","reject"
"s_008um_00066_00667-1","PT","singlet"
"s_008um_00027_00684-1","IC","singlet"
"s_008um_00023_00662-1","PT","singlet"
"s_008um_00102_00645-1","VSM/P","singlet"
"s_008um_00099_00644-1","PT","singlet"
"s_008um_00071_00683-1","PT","singlet"
"s_008um_00071_00708-1","T_NK","singlet"
"s_008um_00067_00652-1","Unknown","reject"
"s_008um_00098_00652-1","PT","singlet"
"s_008um_00000_00697-1","Podo","singlet"
"s_008um_00031_00668-1","Unknown","reject"
"s_008um_00021_00665-1","PT","singlet"
"s_008um_00070_00681-1","PT","singlet"
"s_008um_00093_00687-1","PT","singlet"
"s_008um_00022_00713-1","Podo","singlet"
"s_008um_00058_00673-1","PT","singlet"
"s_008um_00118_00681-1","Podo","doublet_certain"
"s_008um_00096_00696-1","EC","singlet"
"s_008um_00058_00698-1","IC","singlet"
"s_008um_00116_00660-1","IC","singlet"
"s_008um_00093_00673-1","PT","singlet"
"s_008um_00087_00646-1","PT","singlet"
"s_008um_00067_00696-1","Unknown","reject"
"s_008um_00123_00640-1","PT","singlet"
"s_008um_00014_00716-1","Podo","singlet"
"s_008um_00110_00646-1","Unknown","reject"
"s_008um_00013_00691-1","Podo","doublet_certain"
"s_008um_00001_00689-1","PT","singlet"
"s_008um_00022_00659-1","Unknown","reject"
"s_008um_00112_00684-1","EC","doublet_certain"
"s_008um_00097_00654-1","PT","singlet"
"s_008um_00110_00659-1","Unknown","reject"
"s_008um_00122_00681-1","FIB","doublet_certain"
"s_008um_00108_00691-1","PT","singlet"
"s_008um_00047_00650-1","Unknown","reject"
"s_008um_00082_00705-1","EC","singlet"
"s_008um_00046_00688-1","Podo","singlet"
"s_008um_00066_00679-1","PT","singlet"
"s_008um_00072_00691-1","EC","singlet"
"s_008um_00125_00685-1","Mono_Mac","singlet"
"s_008um_00015_00670-1","PT","singlet"
"s_008um_00054_00718-1","VSM/P","singlet"
"s_008um_00052_00663-1","Unknown","reject"
"s_008um_00114_00674-1","Podo","doublet_certain"
"s_008um_00068_00673-1","DCT","singlet"
"s_008um_00048_00703-1","DCT","singlet"
"s_008um_00035_00697-1","IC","doublet_certain"
"s_008um_00025_00697-1","Podo","singlet"
"s_008um_00116_00679-1","Podo","singlet"
"s_008um_00072_00702-1","Unknown","doublet_uncertain"
"s_008um_00053_00712-1","VSM/P","singlet"
"s_008um_00059_00685-1","Unknown","doublet_uncertain"
"s_008um_00126_00666-1","Unknown","reject"
"s_008um_00055_00668-1","FIB","singlet"
"s_008um_00101_00655-1","PT","singlet"
"s_008um_00120_00662-1","PT","singlet"
"s_008um_00098_00679-1","FIB","singlet"
"s_008um_00001_00670-1","PT","singlet"
"s_008um_00106_00660-1","B_PL","singlet"
"s_008um_00065_00693-1","Unknown","reject"
"s_008um_00090_00660-1","Unknown","reject"
"s_008um_00041_00683-1","Podo","doublet_certain"
"s_008um_00001_00673-1","Unknown","reject"
"s_008um_00009_00693-1","Unknown","reject"
"s_008um_00061_00704-1","Unknown","doublet_uncertain"
"s_008um_00026_00673-1","PT","singlet"
"s_008um_00034_00694-1","Unknown","doublet_uncertain"
"s_008um_00043_00683-1","Podo","doublet_certain"
"s_008um_00067_00673-1","DCT","singlet"
"s_008um_00047_00681-1","EC","singlet"
"s_008um_00032_00682-1","EC","doublet_certain"
"s_008um_00048_00715-1","VSM/P","singlet"
"s_008um_00095_00691-1","PT","singlet"
"s_008um_00124_00658-1","PT","singlet"
"s_008um_00077_00704-1","PT","singlet"
"s_008um_00006_00681-1","DCT","singlet"
"s_008um_00045_00688-1","Podo","doublet_certain"
"s_008um_00029_00662-1","Unknown","reject"
"s_008um_00099_00707-1","Podo","singlet"
"s_008um_00075_00700-1","PC","singlet"
"s_008um_00077_00684-1","PT","singlet"
"s_008um_00103_00649-1","PT","singlet"
"s_008um_00127_00676-1","Unknown","doublet_uncertain"
"s_008um_00005_00664-1","PT","singlet"
"s_008um_00112_00669-1","Podo","singlet"
"s_008um_00117_00699-1","PT","singlet"
"s_008um_00027_00699-1","Podo","singlet"
"s_008um_00046_00697-1","Unknown","reject"
"s_008um_00016_00684-1","TAL","singlet"
"s_008um_00111_00671-1","EC","singlet"
"s_008um_00123_00702-1","Unknown","reject"
"s_008um_00041_00682-1","EC","doublet_certain"
"s_008um_00064_00650-1","Unknown","reject"
"s_008um_00124_00696-1","PT","singlet"
"s_008um_00065_00676-1","DCT","singlet"
"s_008um_00057_00715-1","VSM/P","singlet"
"s_008um_00026_00719-1","Unknown","reject"
"s_008um_00095_00674-1","PT","singlet"
"s_008um_00008_00670-1","PT","singlet"
"s_008um_00034_00719-1","PT","singlet"
"s_008um_00016_00692-1","EC","singlet"
"s_008um_00101_00666-1","PT","singlet"
"s_008um_00049_00713-1","VSM/P","singlet"
"s_008um_00037_00652-1","Unknown","reject"
"s_008um_00033_00673-1","Unknown","reject"
"s_008um_00091_00671-1","Unknown","reject"
"s_008um_00010_00693-1","Unknown","reject"
"s_008um_00100_00654-1","PT","singlet"
"s_008um_00002_00686-1","DCT","singlet"
"s_008um_00024_00689-1","Unknown","doublet_uncertain"
"s_008um_00084_00689-1","PT","singlet"
"s_008um_00015_00709-1","Unknown","reject"
"s_008um_00080_00666-1","PT","singlet"
"s_008um_00059_00657-1","DCT","singlet"
"s_008um_00021_00673-1","FIB","singlet"
"s_008um_00081_00667-1","PT","singlet"
"s_008um_00092_00650-1","PT","singlet"
"s_008um_00126_00673-1","Unknown","reject"
"s_008um_00052_00713-1","VSM/P","doublet_certain"
"s_008um_00036_00696-1","Unknown","reject"
"s_008um_00111_00656-1","PT","singlet"
"s_008um_00026_00684-1","IC","singlet"
"s_008um_00106_00688-1","PT","singlet"
"s_008um_00105_00657-1","PT","singlet"
"s_008um_00023_00689-1","PEC","singlet"
"s_008um_00045_00694-1","Unknown","reject"
"s_008um_00096_00661-1","PT","singlet"
"s_008um_00017_00671-1","PT","singlet"
"s_008um_00094_00677-1","PT","singlet"
"s_008um_00084_00709-1","Unknown","reject"
"s_008um_00030_00704-1","Unknown","reject"
"s_008um_00049_00684-1","EC","singlet"
"s_008um_00067_00666-1","PT","singlet"
"s_008um_00057_00703-1","IC","singlet"
"s_008um_00046_00676-1","Podo","singlet"
"s_008um_00009_00684-1","DCT","doublet_certain"
"s_008um_00114_00702-1","B_PL","singlet"
"s_008um_00021_00683-1","TAL","singlet"
"s_008um_00002_00672-1","Unknown","reject"
"s_008um_00105_00689-1","PT","singlet"
"s_008um_00060_00675-1","PT","singlet"
"s_008um_00091_00705-1","EC","singlet"
"s_008um_00071_00685-1","Unknown","reject"
"s_008um_00025_00704-1","EC","singlet"
"s_008um_00037_00661-1","PT","singlet"
"s_008um_00089_00654-1","Unknown","doublet_uncertain"
"s_008um_00115_00667-1","Podo","singlet"
"s_008um_00053_00680-1","Podo","singlet"
"s_008um_00038_00653-1","Unknown","reject"
"s_008um_00079_00661-1","Unknown","reject"
"s_008um_00025_00714-1","FIB","singlet"
"s_008um_00002_00687-1","DCT","singlet"
"s_008um_00056_00686-1","EC","doublet_certain"
"s_008um_00105_00694-1","EC","singlet"
"s_008um_00045_00684-1","EC","singlet"
"s_008um_00066_00698-1","PC","singlet"
"s_008um_00036_00699-1","Unknown","reject"
"s_008um_00061_00692-1","PT","singlet"
"s_008um_00003_00693-1","Unknown","doublet_uncertain"
"s_008um_00095_00648-1","PT","singlet"
"s_008um_00125_00658-1","PT","singlet"
"s_008um_00115_00670-1","Podo","singlet"
"s_008um_00102_00679-1","Unknown","doublet_uncertain"
"s_008um_00080_00691-1","Unknown","reject"
"s_008um_00049_00720-1","VSM/P","singlet"
"s_008um_00112_00696-1","Unknown","reject"
"s_008um_00098_00705-1","EC","singlet"
"s_008um_00113_00670-1","Podo","singlet"
"s_008um_00077_00660-1","Unknown","doublet_uncertain"
"s_008um_00081_00666-1","PT","singlet"
"s_008um_00085_00698-1","PT","singlet"
"s_008um_00105_00664-1","PT","singlet"
"s_008um_00008_00687-1","Unknown","reject"
"s_008um_00033_00709-1","PT","singlet"
"s_008um_00031_00697-1","PEC","singlet"
"s_008um_00120_00675-1","Podo","singlet"
"s_008um_00113_00680-1","Podo","singlet"
"s_008um_00083_00668-1","PT","singlet"
"s_008um_00093_00665-1","FIB","singlet"
"s_008um_00054_00711-1","VSM/P","singlet"
"s_008um_00094_00688-1","PT","singlet"
"s_008um_00105_00640-1","Unknown","reject"
"s_008um_00018_00661-1","EC","singlet"
"s_008um_00070_00653-1","Unknown","reject"
"s_008um_00098_00645-1","PT","singlet"
"s_008um_00043_00675-1","Unknown","reject"
"s_008um_00011_00689-1","Podo","doublet_certain"
"s_008um_00066_00716-1","Unknown","reject"
"s_008um_00066_00707-1","FIB","singlet"
"s_008um_00028_00655-1","PT","singlet"
"s_008um_00017_00711-1","Podo","singlet"
"s_008um_00039_00709-1","DCT","doublet_certain"
"s_008um_00108_00646-1","EC","singlet"
"s_008um_00083_00681-1","PT","singlet"
"s_008um_00123_00684-1","Unknown","doublet_uncertain"
"s_008um_00028_00693-1","Unknown","reject"
"s_008um_00094_00689-1","PT","singlet"
"s_008um_00105_00678-1","EC","singlet"
"s_008um_00050_00659-1","TAL","singlet"
"s_008um_00108_00697-1","Unknown","reject"
"s_008um_00086_00688-1","PT","singlet"
"s_008um_00065_00661-1","DCT","doublet_certain"
"s_008um_00029_00714-1","EC","doublet_certain"
"s_008um_00106_00658-1","Unknown","reject"
"s_008um_00085_00703-1","Unknown","reject"
"s_008um_00098_00644-1","PT","singlet"
"s_008um_00036_00701-1","Unknown","doublet_uncertain"
"s_008um_00077_00712-1","PT","singlet"
"s_008um_00113_00669-1","Podo","singlet"
"s_008um_00018_00696-1","Podo","singlet"
"s_008um_00024_00669-1","PT","singlet"
"s_008um_00001_00714-1","Unknown","reject"
"s_008um_00096_00692-1","PT","singlet"
"s_008um_00103_00696-1","Unknown","reject"
"s_008um_00077_00694-1","Unknown","doublet_uncertain"
"s_008um_00103_00687-1","EC","singlet"
"s_008um_00087_00669-1","PT","singlet"
"s_008um_00066_00666-1","PT","singlet"
"s_008um_00083_00671-1","Unknown","reject"
"s_008um_00077_00671-1","DCT","singlet"
"s_008um_00048_00702-1","DCT","singlet"
"s_008um_00018_00702-1","EC","singlet"
"s_008um_00085_00712-1","Unknown","reject"
"s_008um_00003_00671-1","PT","singlet"
"s_008um_00028_00699-1","Podo","singlet"
"s_008um_00004_00666-1","PT","singlet"
"s_008um_00074_00693-1","Unknown","doublet_uncertain"
"s_008um_00095_00655-1","PT","singlet"
"s_008um_00061_00685-1","Unknown","doublet_uncertain"
"s_008um_00036_00663-1","PT","singlet"
"s_008um_00123_00668-1","B_PL","singlet"
"s_008um_00029_00720-1","IC","singlet"
"s_008um_00122_00677-1","Podo","singlet"
"s_008um_00045_00699-1","DCT","singlet"
"s_008um_00079_00688-1","EC","singlet"
"s_008um_00125_00672-1","Unknown","reject"
"s_008um_00081_00689-1","PT","singlet"
"s_008um_00037_00651-1","B_PL","singlet"
"s_008um_00074_00700-1","PC","singlet"
"s_008um_00010_00656-1","PT","singlet"
"s_008um_00032_00674-1","Unknown","reject"
"s_008um_00125_00686-1","PT","doublet_certain"
"s_008um_00054_00674-1","EC","singlet"
"s_008um_00098_00662-1","PT","singlet"
"s_008um_00025_00690-1","Unknown","reject"
"s_008um_00120_00653-1","PT","singlet"
"s_008um_00038_00705-1","Unknown","reject"
"s_008um_00101_00708-1","Unknown","reject"
"s_008um_00076_00684-1","PT","singlet"
"s_008um_00070_00684-1","PT","singlet"
"s_008um_00049_00695-1","IC","singlet"
"s_008um_00005_00717-1","IC","singlet"
"s_008um_00118_00643-1","PT","singlet"
"s_008um_00002_00670-1","PT","singlet"
"s_008um_00061_00659-1","DCT","singlet"
"s_008um_00113_00671-1","Unknown","reject"
"s_008um_00070_00650-1","Unknown","reject"
"s_008um_00070_00704-1","PT","singlet"
"s_008um_00110_00657-1","PT","singlet"
"s_008um_00103_00655-1","PT","singlet"
"s_008um_00026_00666-1","PT","singlet"
"s_008um_00125_00663-1","FIB","singlet"
"s_008um_00038_00679-1","Podo","doublet_certain"
"s_008um_00030_00718-1","IC","doublet_certain"
"s_008um_00113_00683-1","Podo","singlet"
"s_008um_00051_00672-1","EC","singlet"
"s_008um_00054_00694-1","PT","singlet"
"s_008um_00115_00655-1","PT","singlet"
"s_008um_00016_00676-1","Unknown","doublet_uncertain"
"s_008um_00035_00655-1","FIB","singlet"
"s_008um_00116_00680-1","Podo","singlet"
"s_008um_00023_00666-1","Mono_Mac","singlet"
"s_008um_00106_00668-1","FIB","singlet"
"s_008um_00010_00691-1","Podo","doublet_certain"
"s_008um_00048_00669-1","B_PL","doublet_certain"
"s_008um_00052_00706-1","Unknown","reject"
"s_008um_00013_00692-1","Podo","doublet_certain"
"s_008um_00063_00672-1","PT","singlet"
"s_008um_00079_00698-1","IC","singlet"
"s_008um_00063_00664-1","PT","singlet"
"s_008um_00024_00707-1","EC","singlet"
"s_008um_00107_00709-1","Unknown","reject"
"s_008um_00000_00696-1","FIB","singlet"
"s_008um_00062_00658-1","DCT","singlet"
"s_008um_00071_00699-1","Unknown","reject"
"s_008um_00066_00677-1","DCT","singlet"
"s_008um_00115_00647-1","PT","singlet"
"s_008um_00115_00674-1","Podo","singlet"
"s_008um_00025_00708-1","EC","singlet"
"s_008um_00003_00706-1","EC","singlet"
"s_008um_00052_00677-1","Podo","doublet_certain"
"s_008um_00035_00671-1","VSM/P","singlet"
"s_008um_00113_00651-1","PT","singlet"
"s_008um_00124_00664-1","FIB","singlet"
"s_008um_00123_00683-1","B_PL","doublet_certain"
"s_008um_00005_00693-1","Podo","singlet"
"s_008um_00109_00665-1","FIB","singlet"
"s_008um_00069_00670-1","FIB","singlet"
"s_008um_00104_00699-1","EC","singlet"
"s_008um_00057_00674-1","Unknown","reject"
"s_008um_00087_00648-1","B_PL","singlet"
"s_008um_00068_00658-1","FIB","singlet"
"s_008um_00106_00694-1","Unknown","reject"
"s_008um_00126_00701-1","PT","singlet"
"s_008um_00025_00667-1","PT","singlet"
"s_008um_00124_00684-1","FIB","doublet_certain"
"s_008um_00077_00663-1","PT","singlet"
"s_008um_00097_00683-1","TAL","singlet"
"s_008um_00039_00678-1","Unknown","reject"
"s_008um_00125_00647-1","PT","singlet"
"s_008um_00058_00659-1","DCT","doublet_certain"
"s_008um_00089_00676-1","DCT","singlet"
"s_008um_00064_00687-1","PT","singlet"
"s_008um_00081_00691-1","PT","singlet"
"s_008um_00045_00656-1","Unknown","reject"
"s_008um_00054_00701-1","IC","singlet"
"s_008um_00118_00667-1","Unknown","reject"
"s_008um_00109_00661-1","FIB","doublet_certain"
"s_008um_00059_00680-1","PC","singlet"
"s_008um_00052_00674-1","Unknown","reject"
"s_008um_00117_00651-1","PT","singlet"
"s_008um_00070_00660-1","FIB","singlet"
"s_008um_00020_00678-1","DCT","singlet"
"s_008um_00058_00720-1","Unknown","reject"
"s_008um_00119_00688-1","PT","singlet"
"s_008um_00023_00721-1","DCT","singlet"
"s_008um_00006_00678-1","DCT","singlet"
"s_008um_00005_00690-1","Unknown","doublet_uncertain"
"s_008um_00109_00664-1","PT","singlet"
"s_008um_00033_00702-1","IC","doublet_certain"
"s_008um_00091_00690-1","PT","singlet"
"s_008um_00015_00660-1","FIB","singlet"
"s_008um_00099_00704-1","EC","singlet"
"s_008um_00018_00689-1","Podo","doublet_certain"
"s_008um_00076_00697-1","Unknown","doublet_uncertain"
"s_008um_00094_00670-1","B_PL","singlet"
"s_008um_00103_00710-1","EC","singlet"
"s_008um_00119_00671-1","PT","singlet"
"s_008um_00039_00717-1","PT","singlet"
"s_008um_00070_00701-1","PT","singlet"
"s_008um_00075_00670-1","DCT","singlet"
"s_008um_00077_00682-1","Unknown","reject"
"s_008um_00062_00654-1","DCT","singlet"
"s_008um_00123_00662-1","PT","singlet"
"s_008um_00040_00677-1","VSM/P","singlet"
"s_008um_00113_00694-1","EC","singlet"
"s_008um_00065_00658-1","DCT","singlet"
"s_008um_00072_00677-1","DCT","singlet"
"s_008um_00122_00692-1","FIB","singlet"
"s_008um_00102_00701-1","Podo","singlet"
"s_008um_00105_00685-1","Podo","singlet"
"s_008um_00032_00714-1","PT","singlet"
"s_008um_00048_00657-1","Unknown","reject"
"s_008um_00008_00700-1","EC","singlet"
"s_008um_00023_00661-1","EC","singlet"
"s_008um_00102_00674-1","Podo","singlet"
"s_008um_00033_00670-1","PT","singlet"
"s_008um_00079_00681-1","FIB","singlet"
"s_008um_00051_00685-1","EC","doublet_certain"
"s_008um_00038_00657-1","PT","singlet"
"s_008um_00094_00681-1","TAL","singlet"
"s_008um_00031_00675-1","Unknown","doublet_uncertain"
"s_008um_00074_00660-1","Unknown","reject"
"s_008um_00123_00672-1","PEC","singlet"
"s_008um_00103_00642-1","IC","singlet"
"s_008um_00112_00666-1","FIB","singlet"
"s_008um_00053_00706-1","FIB","singlet"
"s_008um_00025_00655-1","PT","singlet"
"s_008um_00094_00673-1","Unknown","reject"
"s_008um_00038_00711-1","PT","singlet"
"s_008um_00067_00706-1","PT","singlet"
"s_008um_00032_00664-1","PT","singlet"
"s_008um_00039_00670-1","EC","singlet"
"s_008um_00007_00675-1","Unknown","reject"
"s_008um_00014_00666-1","FIB","singlet"
"s_008um_00100_00644-1","PT","singlet"
"s_008um_00116_00683-1","EC","singlet"
"s_008um_00093_00692-1","PT","singlet"
"s_008um_00082_00648-1","PT","singlet"
"s_008um_00119_00668-1","PEC","singlet"
"s_008um_00066_00663-1","Unknown","reject"
"s_008um_00105_00671-1","Podo","singlet"
"s_008um_00080_00696-1","EC","singlet"
"s_008um_00045_00663-1","PC","singlet"
"s_008um_00090_00662-1","PT","singlet"
"s_008um_00005_00701-1","EC","singlet"
"s_008um_00003_00662-1","Unknown","reject"
"s_008um_00006_00670-1","PT","singlet"
"s_008um_00113_00661-1","PT","singlet"
"s_008um_00082_00691-1","PT","singlet"
"s_008um_00093_00645-1","PT","singlet"
"s_008um_00087_00706-1","EC","singlet"
"s_008um_00086_00687-1","PT","singlet"
"s_008um_00005_00667-1","PT","singlet"
"s_008um_00083_00662-1","PT","singlet"
"s_008um_00032_00667-1","PT","singlet"
"s_008um_00059_00689-1","PT","singlet"
"s_008um_00003_00690-1","DCT","singlet"
"s_008um_00093_00663-1","PT","singlet"
"s_008um_00081_00657-1","PT","singlet"
"s_008um_00114_00704-1","B_PL","singlet"
"s_008um_00034_00666-1","PT","singlet"
"s_008um_00050_00661-1","Unknown","doublet_uncertain"
"s_008um_00016_00666-1","EC","doublet_certain"
"s_008um_00083_00647-1","PT","singlet"
"s_008um_00079_00709-1","DCT","singlet"
"s_008um_00123_00699-1","PT","singlet"
"s_008um_00104_00710-1","EC","singlet"
"s_008um_00038_00665-1","TAL","singlet"
"s_008um_00089_00703-1","EC","singlet"
"s_008um_00112_00701-1","Neutro","singlet"
"s_008um_00085_00656-1","PT","singlet"
"s_008um_00107_00678-1","EC","doublet_certain"
"s_008um_00075_00651-1","TAL","singlet"
"s_008um_00065_00706-1","PT","doublet_certain"
"s_008um_00075_00690-1","EC","singlet"
"s_008um_00062_00700-1","Unknown","doublet_uncertain"
"s_008um_00039_00672-1","EC","doublet_certain"
"s_008um_00088_00665-1","PT","singlet"
"s_008um_00116_00664-1","PT","singlet"
"s_008um_00085_00710-1","Unknown","reject"
"s_008um_00120_00677-1","EC","singlet"
"s_008um_00087_00671-1","Unknown","reject"
"s_008um_00074_00649-1","Unknown","reject"
"s_008um_00077_00657-1","PT","singlet"
"s_008um_00040_00685-1","EC","singlet"
"s_008um_00121_00650-1","PT","singlet"
"s_008um_00103_00701-1","Podo","singlet"
"s_008um_00063_00654-1","DCT","singlet"
"s_008um_00012_00692-1","Podo","doublet_certain"
"s_008um_00062_00713-1","PT","singlet"
"s_008um_00026_00695-1","Podo","singlet"
"s_008um_00103_00662-1","PT","singlet"
"s_008um_00113_00666-1","FIB","singlet"
"s_008um_00089_00668-1","PT","singlet"
"s_008um_00097_00647-1","PT","singlet"
"s_008um_00074_00712-1","PT","singlet"
"s_008um_00058_00713-1","PT","singlet"
"s_008um_00047_00706-1","PT","singlet"
"s_008um_00042_00652-1","Unknown","reject"
"s_008um_00075_00688-1","PT","singlet"
"s_008um_00040_00653-1","Unknown","reject"
"s_008um_00059_00700-1","IC","singlet"
"s_008um_00003_00715-1","PEC","singlet"
"s_008um_00065_00664-1","Unknown","doublet_uncertain"
"s_008um_00119_00652-1","PT","singlet"
"s_008um_00112_00667-1","FIB","singlet"
"s_008um_00064_00715-1","EC","singlet"
"s_008um_00105_00651-1","PT","singlet"
"s_008um_00094_00683-1","TAL","singlet"
"s_008um_00083_00710-1","Unknown","reject"
"s_008um_00090_00649-1","PT","singlet"
"s_008um_00013_00688-1","Unknown","doublet_uncertain"
"s_008um_00099_00695-1","Unknown","reject"
"s_008um_00036_00653-1","PT","singlet"
"s_008um_00107_00684-1","EC","singlet"
"s_008um_00121_00681-1","Unknown","doublet_uncertain"
"s_008um_00067_00664-1","PT","singlet"
"s_008um_00086_00708-1","EC","singlet"
"s_008um_00045_00689-1","Podo","singlet"
"s_008um_00045_00709-1","PT","doublet_certain"
"s_008um_00032_00696-1","FIB","singlet"
"s_008um_00115_00673-1","EC","singlet"
"s_008um_00062_00684-1","IC","singlet"
"s_008um_00109_00678-1","EC","singlet"
"s_008um_00047_00649-1","DTL","singlet"
"s_008um_00104_00672-1","Podo","singlet"
"s_008um_00089_00665-1","PT","singlet"
"s_008um_00006_00661-1","PT","singlet"
"s_008um_00051_00681-1","Podo","doublet_certain"
"s_008um_00127_00661-1","PT","singlet"
"s_008um_00008_00677-1","DCT","singlet"
"s_008um_00054_00662-1","PT","singlet"
"s_008um_00042_00713-1","PT","singlet"
"s_008um_00076_00712-1","PT","singlet"
"s_008um_00037_00698-1","Unknown","doublet_uncertain"
"s_008um_00035_00714-1","PT","singlet"
"s_008um_00064_00710-1","PT","singlet"
"s_008um_00018_00680-1","DCT","singlet"
"s_008um_00092_00679-1","Unknown","doublet_uncertain"
"s_008um_00001_00680-1","DCT","singlet"
"s_008um_00039_00712-1","PT","singlet"
"s_008um_00111_00699-1","Unknown","reject"
"s_008um_00049_00663-1","Unknown","reject"
"s_008um_00095_00665-1","PT","singlet"
"s_008um_00062_00675-1","PT","singlet"
"s_008um_00027_00705-1","Podo","doublet_certain"
"s_008um_00067_00693-1","EC","singlet"
"s_008um_00053_00665-1","VSM/P","singlet"
"s_008um_00010_00663-1","PT","singlet"
"s_008um_00001_00684-1","DCT","singlet"
"s_008um_00088_00645-1","PT","singlet"
"s_008um_00031_00692-1","Unknown","doublet_uncertain"
"s_008um_00047_00720-1","Unknown","reject"
"s_008um_00018_00693-1","EC","doublet_certain"
"s_008um_00125_00679-1","B_PL","singlet"
"s_008um_00063_00700-1","Unknown","reject"
"s_008um_00056_00707-1","Unknown","reject"
"s_008um_00125_00642-1","PT","singlet"
"s_008um_00001_00717-1","Unknown","reject"
"s_008um_00118_00676-1","EC","doublet_certain"
"s_008um_00075_00679-1","PT","singlet"
"s_008um_00056_00678-1","Podo","doublet_certain"
"s_008um_00006_00674-1","PT","singlet"
"s_008um_00028_00671-1","PT","singlet"
"s_008um_00111_00667-1","Mono_Mac","singlet"
"s_008um_00056_00689-1","PT","singlet"
"s_008um_00076_00676-1","DCT","singlet"
"s_008um_00001_00666-1","PT","singlet"
"s_008um_00094_00672-1","Unknown","reject"
"s_008um_00059_00664-1","Unknown","doublet_uncertain"
"s_008um_00034_00712-1","PT","singlet"
"s_008um_00014_00677-1","PT","singlet"
"s_008um_00033_00707-1","Unknown","reject"
"s_008um_00017_00712-1","EC","singlet"
"s_008um_00036_00689-1","EC","doublet_certain"
"s_008um_00070_00655-1","Unknown","reject"
"s_008um_00109_00694-1","PT","singlet"
"s_008um_00050_00667-1","VSM/P","doublet_certain"
"s_008um_00057_00679-1","Unknown","doublet_uncertain"
"s_008um_00104_00684-1","Podo","singlet"
"s_008um_00080_00663-1","PT","singlet"
"s_008um_00089_00645-1","PT","singlet"
"s_008um_00062_00661-1","DCT","singlet"
"s_008um_00123_00691-1","FIB","singlet"
"s_008um_00054_00659-1","PT","singlet"
"s_008um_00102_00682-1","VSM/P","singlet"
"s_008um_00060_00683-1","IC","doublet_certain"
"s_008um_00103_00660-1","EC","doublet_certain"
"s_008um_00041_00659-1","PT","singlet"
"s_008um_00092_00652-1","PT","singlet"
"s_008um_00007_00668-1","Unknown","reject"
"s_008um_00127_00637-1","Unknown","reject"
"s_008um_00098_00710-1","EC","singlet"
"s_008um_00044_00677-1","Podo","doublet_certain"
"s_008um_00054_00665-1","VSM/P","doublet_certain"
"s_008um_00088_00699-1","EC","singlet"
"s_008um_00065_00660-1","DCT","singlet"
"s_008um_00023_00705-1","EC","singlet"
"s_008um_00059_00712-1","PT","singlet"
"s_008um_00020_00718-1","Unknown","reject"
"s_008um_00080_00702-1","PT","singlet"
"s_008um_00043_00661-1","PC","singlet"
"s_008um_00016_00722-1","IC","singlet"
"s_008um_00054_00672-1","PEC","doublet_certain"
"s_008um_00085_00672-1","Unknown","reject"
"s_008um_00081_00682-1","PT","singlet"
"s_008um_00071_00653-1","EC","singlet"
"s_008um_00119_00680-1","Podo","doublet_certain"
"s_008um_00023_00675-1","PT","singlet"
"s_008um_00019_00653-1","Unknown","reject"
"s_008um_00118_00682-1","Unknown","reject"
"s_008um_00108_00660-1","Unknown","reject"
"s_008um_00065_00695-1","FIB","doublet_certain"
"s_008um_00063_00696-1","Unknown","reject"
"s_008um_00093_00664-1","PT","singlet"
"s_008um_00109_00686-1","Podo","singlet"
"s_008um_00102_00707-1","EC","singlet"
"s_008um_00093_00675-1","Unknown","reject"
"s_008um_00074_00653-1","TAL","singlet"
"s_008um_00021_00700-1","EC","singlet"
"s_008um_00078_00693-1","Unknown","reject"
"s_008um_00005_00709-1","Podo","singlet"
"s_008um_00085_00701-1","Unknown","reject"
"s_008um_00094_00712-1","EC","singlet"
"s_008um_00055_00662-1","PT","singlet"
"s_008um_00049_00673-1","EC","singlet"
"s_008um_00110_00652-1","PT","singlet"
"s_008um_00117_00695-1","FIB","singlet"
"s_008um_00039_00650-1","PC","singlet"
"s_008um_00071_00658-1","PT","singlet"
"s_008um_00039_00715-1","PT","singlet"
"s_008um_00018_00703-1","EC","singlet"
"s_008um_00090_00709-1","EC","singlet"
"s_008um_00082_00708-1","Unknown","reject"
"s_008um_00091_00694-1","Unknown","doublet_uncertain"
"s_008um_00126_00669-1","B_PL","singlet"
"s_008um_00077_00648-1","Podo","singlet"
"s_008um_00089_00678-1","Unknown","reject"
"s_008um_00036_00688-1","Podo","singlet"
"s_008um_00034_00710-1","PT","singlet"
"s_008um_00076_00673-1","DCT","singlet"
"s_008um_00008_00706-1","Podo","doublet_certain"
"s_008um_00039_00708-1","Unknown","doublet_uncertain"
"s_008um_00057_00702-1","Unknown","reject"
"s_008um_00027_00681-1","Unknown","reject"
"s_008um_00126_00658-1","PT","singlet"
"s_008um_00066_00700-1","PC","singlet"
"s_008um_00033_00703-1","Unknown","reject"
"s_008um_00120_00684-1","Unknown","doublet_uncertain"
"s_008um_00094_00657-1","PT","singlet"
"s_008um_00036_00654-1","Unknown","reject"
"s_008um_00102_00708-1","EC","singlet"
"s_008um_00052_00679-1","Podo","singlet"
"s_008um_00073_00713-1","PT","singlet"
"s_008um_00102_00685-1","Unknown","doublet_uncertain"
"s_008um_00009_00700-1","EC","singlet"
"s_008um_00078_00665-1","PT","singlet"
"s_008um_00010_00684-1","Unknown","reject"
"s_008um_00028_00672-1","PT","singlet"
"s_008um_00063_00666-1","PT","singlet"
"s_008um_00115_00688-1","PT","singlet"
"s_008um_00020_00707-1","EC","singlet"
"s_008um_00100_00664-1","PT","singlet"
"s_008um_00069_00664-1","PT","singlet"
"s_008um_00047_00699-1","Unknown","reject"
"s_008um_00050_00656-1","DTL","singlet"
"s_008um_00039_00685-1","Podo","doublet_certain"
"s_008um_00061_00676-1","PT","singlet"
"s_008um_00066_00675-1","DCT","singlet"
"s_008um_00068_00687-1","PT","singlet"
"s_008um_00105_00693-1","FIB","singlet"
"s_008um_00095_00645-1","PT","singlet"
"s_008um_00048_00685-1","Unknown","doublet_uncertain"
"s_008um_00066_00715-1","PT","singlet"
"s_008um_00068_00657-1","PT","singlet"
"s_008um_00127_00663-1","FIB","singlet"
"s_008um_00055_00676-1","Podo","doublet_certain"
"s_008um_00081_00688-1","PT","singlet"
"s_008um_00026_00697-1","Podo","singlet"
"s_008um_00042_00674-1","EC","singlet"
"s_008um_00011_00687-1","Unknown","doublet_uncertain"
"s_008um_00001_00708-1","Podo","singlet"
"s_008um_00115_00680-1","Podo","singlet"
"s_008um_00005_00703-1","EC","doublet_certain"
"s_008um_00007_00718-1","Unknown","reject"
"s_008um_00087_00678-1","DCT","doublet_certain"
"s_008um_00064_00680-1","Unknown","reject"
"s_008um_00041_00704-1","DCT","singlet"
"s_008um_00064_00678-1","Unknown","reject"
"s_008um_00035_00674-1","VSM/P","singlet"
"s_008um_00025_00686-1","IC","singlet"
"s_008um_00102_00689-1","PT","singlet"
"s_008um_00107_00653-1","FIB","singlet"
"s_008um_00081_00661-1","VSM/P","singlet"
"s_008um_00042_00670-1","Unknown","doublet_uncertain"
"s_008um_00103_00644-1","Unknown","reject"
"s_008um_00097_00653-1","Unknown","reject"
"s_008um_00052_00670-1","Unknown","reject"
"s_008um_00057_00708-1","PT","singlet"
"s_008um_00102_00662-1","PT","singlet"
"s_008um_00013_00713-1","Podo","doublet_certain"
"s_008um_00118_00659-1","Unknown","reject"
"s_008um_00109_00658-1","PT","singlet"
"s_008um_00106_00707-1","EC","singlet"
"s_008um_00106_00657-1","Unknown","doublet_uncertain"
"s_008um_00106_00670-1","Podo","singlet"
"s_008um_00067_00707-1","Unknown","reject"
"s_008um_00080_00701-1","PT","singlet"
"s_008um_00126_00661-1","Unknown","reject"
"s_008um_00020_00697-1","EC","doublet_certain"
"s_008um_00102_00709-1","EC","singlet"
"s_008um_00092_00646-1","PT","singlet"
"s_008um_00095_00673-1","PT","singlet"
"s_008um_00086_00680-1","PT","singlet"
"s_008um_00092_00713-1","EC","singlet"
"s_008um_00079_00710-1","DCT","singlet"
"s_008um_00124_00673-1","PEC","singlet"
"s_008um_00037_00712-1","PT","singlet"
"s_008um_00002_00702-1","EC","singlet"
"s_008um_00123_00680-1","Podo","singlet"
"s_008um_00125_00675-1","Unknown","reject"
"s_008um_00010_00712-1","EC","singlet"
"s_008um_00055_00651-1","PT","singlet"
"s_008um_00057_00684-1","B_PL","singlet"
"s_008um_00058_00664-1","FIB","singlet"
"s_008um_00048_00708-1","EC","singlet"
"s_008um_00022_00695-1","Podo","singlet"
"s_008um_00039_00663-1","Unknown","reject"
"s_008um_00059_00658-1","DCT","singlet"
"s_008um_00043_00698-1","Unknown","reject"
"s_008um_00095_00649-1","PT","singlet"
"s_008um_00091_00647-1","Unknown","reject"
"s_008um_00060_00665-1","Unknown","doublet_uncertain"
"s_008um_00007_00714-1","Podo","singlet"
"s_008um_00020_00667-1","Unknown","reject"
"s_008um_00005_00668-1","PT","singlet"
"s_008um_00059_00653-1","DCT","singlet"
"s_008um_00036_00691-1","Podo","singlet"
"s_008um_00064_00705-1","PT","singlet"
"s_008um_00044_00691-1","Podo","doublet_certain"
"s_008um_00002_00680-1","DCT","singlet"
"s_008um_00068_00714-1","Unknown","reject"
"s_008um_00097_00665-1","PT","singlet"
"s_008um_00073_00678-1","FIB","singlet"
"s_008um_00039_00657-1","TAL","singlet"
"s_008um_00072_00714-1","Podo","singlet"
"s_008um_00079_00664-1","PT","singlet"
"s_008um_00072_00662-1","PT","singlet"
"s_008um_00120_00700-1","PT","singlet"
"s_008um_00035_00720-1","Unknown","reject"
"s_008um_00044_00660-1","PC","singlet"
"s_008um_00061_00689-1","Unknown","doublet_uncertain"
"s_008um_00101_00663-1","PT","singlet"
"s_008um_00016_00653-1","PT","singlet"
"s_008um_00026_00687-1","IC","singlet"
"s_008um_00082_00700-1","PT","singlet"
"s_008um_00040_00680-1","EC","singlet"
"s_008um_00029_00690-1","FIB","doublet_certain"
"s_008um_00111_00644-1","PT","singlet"
"s_008um_00044_00715-1","Unknown","doublet_uncertain"
"s_008um_00099_00645-1","PT","singlet"
"s_008um_00046_00681-1","EC","doublet_certain"
"s_008um_00033_00653-1","PT","singlet"
"s_008um_00098_00712-1","EC","singlet"
"s_008um_00018_00672-1","PT","singlet"
"s_008um_00106_00703-1","Unknown","reject"
"s_008um_00098_00693-1","PT","singlet"
"s_008um_00049_00668-1","EC","doublet_certain"
"s_008um_00086_00646-1","PT","singlet"
"s_008um_00048_00655-1","Unknown","reject"
"s_008um_00115_00678-1","EC","doublet_certain"
"s_008um_00117_00669-1","Podo","singlet"
"s_008um_00041_00654-1","PC","singlet"
"s_008um_00059_00720-1","VSM/P","singlet"
"s_008um_00111_00693-1","PT","singlet"
"s_008um_00081_00701-1","PT","singlet"
"s_008um_00048_00710-1","EC","singlet"
"s_008um_00122_00671-1","Unknown","doublet_uncertain"
"s_008um_00123_00665-1","FIB","singlet"
"s_008um_00064_00668-1","Unknown","reject"
"s_008um_00059_00693-1","PT","singlet"
"s_008um_00072_00693-1","FIB","doublet_certain"
"s_008um_00123_00669-1","EC","doublet_certain"
"s_008um_00126_00691-1","PT","singlet"
"s_008um_00098_00685-1","TAL","singlet"
"s_008um_00110_00649-1","PT","singlet"
"s_008um_00032_00680-1","Podo","doublet_certain"
"s_008um_00028_00682-1","Unknown","doublet_uncertain"
"s_008um_00103_00671-1","Podo","doublet_certain"
"s_008um_00078_00712-1","EC","singlet"
"s_008um_00085_00653-1","PT","singlet"
"s_008um_00000_00689-1","PT","singlet"
"s_008um_00020_00680-1","DCT","singlet"
"s_008um_00074_00680-1","PT","singlet"
"s_008um_00058_00665-1","EC","singlet"
"s_008um_00072_00698-1","Unknown","doublet_uncertain"
"s_008um_00121_00691-1","Unknown","reject"
"s_008um_00018_00708-1","Unknown","doublet_uncertain"
"s_008um_00021_00681-1","DCT","singlet"
"s_008um_00121_00696-1","PT","singlet"
"s_008um_00091_00691-1","PT","singlet"
"s_008um_00092_00705-1","EC","singlet"
"s_008um_00016_00705-1","EC","doublet_certain"
"s_008um_00115_00644-1","PT","singlet"
"s_008um_00000_00718-1","Unknown","reject"
"s_008um_00125_00646-1","PT","singlet"
"s_008um_00048_00692-1","Podo","singlet"
"s_008um_00113_00673-1","EC","doublet_certain"
"s_008um_00001_00696-1","Podo","singlet"
"s_008um_00100_00657-1","FIB","singlet"
"s_008um_00072_00678-1","FIB","singlet"
"s_008um_00051_00682-1","Podo","singlet"
"s_008um_00003_00707-1","FIB","singlet"
"s_008um_00107_00674-1","Podo","doublet_certain"
"s_008um_00009_00663-1","PT","singlet"
"s_008um_00030_00688-1","Podo","singlet"
"s_008um_00078_00671-1","DCT","singlet"
"s_008um_00032_00663-1","EC","singlet"
"s_008um_00037_00693-1","Unknown","doublet_uncertain"
"s_008um_00071_00701-1","Unknown","reject"
"s_008um_00104_00705-1","EC","singlet"
"s_008um_00061_00663-1","EC","singlet"
"s_008um_00026_00713-1","FIB","singlet"
"s_008um_00092_00684-1","Unknown","reject"
"s_008um_00069_00665-1","PT","singlet"
"s_008um_00047_00701-1","DCT","singlet"
"s_008um_00095_00693-1","PT","singlet"
"s_008um_00043_00716-1","EC","singlet"
"s_008um_00018_00669-1","PT","singlet"
"s_008um_00117_00701-1","PT","singlet"
"s_008um_00113_00667-1","Unknown","reject"
"s_008um_00066_00661-1","DCT","singlet"
"s_008um_00017_00717-1","IC","singlet"
"s_008um_00120_00674-1","Unknown","reject"
"s_008um_00098_00688-1","Unknown","reject"
"s_008um_00017_00697-1","Podo","singlet"
"s_008um_00084_00674-1","DCT","singlet"
"s_008um_00038_00704-1","CNT","singlet"
"s_008um_00118_00655-1","PT","singlet"
"s_008um_00085_00670-1","PT","singlet"
"s_008um_00011_00701-1","EC","singlet"
"s_008um_00042_00683-1","EC","singlet"
"s_008um_00031_00711-1","PT","singlet"
"s_008um_00030_00689-1","FIB","singlet"
"s_008um_00051_00686-1","Unknown","doublet_uncertain"
"s_008um_00069_00700-1","Unknown","reject"
"s_008um_00020_00700-1","EC","singlet"
"s_008um_00058_00711-1","PT","singlet"
"s_008um_00039_00660-1","PT","singlet"
"s_008um_00022_00698-1","FIB","singlet"
"s_008um_00038_00706-1","EC","singlet"
"s_008um_00006_00707-1","Podo","singlet"
"s_008um_00006_00695-1","EC","singlet"
"s_008um_00060_00657-1","DCT","singlet"
"s_008um_00030_00666-1","PT","singlet"
"s_008um_00106_00653-1","FIB","singlet"
"s_008um_00056_00655-1","Unknown","reject"
"s_008um_00098_00643-1","PT","singlet"
"s_008um_00098_00672-1","Unknown","reject"
"s_008um_00019_00678-1","DCT","singlet"
"s_008um_00064_00708-1","Unknown","reject"
"s_008um_00064_00714-1","EC","singlet"
"s_008um_00080_00671-1","DCT","singlet"
"s_008um_00105_00641-1","B_PL","singlet"
"s_008um_00101_00667-1","PT","singlet"
"s_008um_00075_00650-1","TAL","singlet"
"s_008um_00125_00695-1","PT","singlet"
"s_008um_00112_00678-1","Podo","singlet"
"s_008um_00101_00651-1","PT","singlet"
"s_008um_00049_00692-1","FIB","singlet"
"s_008um_00081_00645-1","Unknown","reject"
"s_008um_00075_00713-1","PT","singlet"
"s_008um_00084_00662-1","PT","singlet"
"s_008um_00126_00641-1","PT","singlet"
"s_008um_00008_00717-1","Unknown","reject"
"s_008um_00053_00700-1","IC","singlet"
"s_008um_00060_00673-1","PT","singlet"
"s_008um_00042_00669-1","VSM/P","singlet"
"s_008um_00073_00685-1","Unknown","reject"
"s_008um_00015_00676-1","PT","singlet"
"s_008um_00063_00710-1","PT","singlet"
"s_008um_00113_00645-1","EC","singlet"
"s_008um_00083_00701-1","PT","singlet"
"s_008um_00103_00678-1","Podo","singlet"
"s_008um_00116_00666-1","Unknown","reject"
"s_008um_00085_00695-1","PT","singlet"
"s_008um_00035_00713-1","PT","singlet"
"s_008um_00076_00691-1","FIB","singlet"
"s_008um_00029_00703-1","Podo","singlet"
"s_008um_00038_00688-1","Podo","doublet_certain"
"s_008um_00094_00668-1","B_PL","singlet"
"s_008um_00063_00678-1","Unknown","doublet_uncertain"
"s_008um_00119_00702-1","PT","singlet"
"s_008um_00071_00661-1","FIB","singlet"
"s_008um_00086_00660-1","PT","singlet"
"s_008um_00004_00715-1","Podo","singlet"
"s_008um_00113_00698-1","EC","singlet"
"s_008um_00002_00704-1","EC","singlet"
"s_008um_00056_00685-1","Unknown","doublet_uncertain"
"s_008um_00089_00690-1","PT","singlet"
"s_008um_00120_00652-1","PT","singlet"
"s_008um_00120_00687-1","PT","doublet_certain"
"s_008um_00012_00669-1","PT","singlet"
"s_008um_00051_00692-1","Unknown","reject"
"s_008um_00117_00704-1","B_PL","singlet"
"s_008um_00078_00688-1","Unknown","reject"
"s_008um_00069_00712-1","PT","singlet"
"s_008um_00025_00672-1","PT","singlet"
"s_008um_00041_00674-1","VSM/P","singlet"
"s_008um_00039_00705-1","DCT","singlet"
"s_008um_00057_00678-1","Podo","singlet"
"s_008um_00052_00712-1","VSM/P","singlet"
"s_008um_00012_00705-1","EC","doublet_certain"
"s_008um_00015_00656-1","PT","singlet"
"s_008um_00098_00665-1","PT","singlet"
"s_008um_00027_00697-1","Podo","singlet"
"s_008um_00009_00690-1","Podo","singlet"
"s_008um_00097_00668-1","PT","singlet"
"s_008um_00080_00708-1","DCT","singlet"
"s_008um_00041_00692-1","Podo","singlet"
"s_008um_00006_00717-1","Unknown","doublet_uncertain"
"s_008um_00109_00673-1","EC","singlet"
"s_008um_00044_00673-1","EC","doublet_certain"
"s_008um_00021_00691-1","Podo","singlet"
"s_008um_00045_00673-1","EC","doublet_certain"
"s_008um_00101_00686-1","FIB","singlet"
"s_008um_00004_00672-1","PT","singlet"
"s_008um_00049_00686-1","Podo","singlet"
"s_008um_00069_00689-1","FIB","singlet"
"s_008um_00120_00692-1","Unknown","doublet_uncertain"
"s_008um_00068_00679-1","Unknown","reject"
"s_008um_00125_00693-1","PT","singlet"
"s_008um_00108_00661-1","Unknown","doublet_uncertain"
"s_008um_00048_00718-1","EC","singlet"
"s_008um_00092_00651-1","PT","singlet"
"s_008um_00116_00667-1","Unknown","reject"
"s_008um_00017_00662-1","PT","doublet_certain"
"s_008um_00082_00657-1","PT","singlet"
"s_008um_00024_00680-1","Unknown","doublet_uncertain"
"s_008um_00114_00640-1","Unknown","reject"
"s_008um_00058_00676-1","PEC","singlet"
"s_008um_00069_00685-1","PT","singlet"
"s_008um_00049_00664-1","Unknown","doublet_uncertain"
"s_008um_00112_00670-1","EC","doublet_certain"
"s_008um_00108_00639-1","Unknown","reject"
"s_008um_00043_00705-1","DCT","singlet"
"s_008um_00010_00679-1","DCT","singlet"
"s_008um_00012_00682-1","DCT","singlet"
"s_008um_00030_00653-1","Unknown","reject"
"s_008um_00127_00678-1","T_NK","singlet"
"s_008um_00049_00714-1","VSM/P","singlet"
"s_008um_00125_00687-1","PT","singlet"
"s_008um_00043_00686-1","EC","doublet_certain"
"s_008um_00025_00691-1","Unknown","reject"
"s_008um_00066_00702-1","PT","singlet"
"s_008um_00122_00660-1","PT","singlet"
"s_008um_00056_00713-1","VSM/P","singlet"
"s_008um_00126_00678-1","B_PL","singlet"
"s_008um_00069_00680-1","PT","singlet"
"s_008um_00080_00664-1","PT","singlet"
"s_008um_00101_00653-1","PT","singlet"
"s_008um_00091_00666-1","PT","singlet"
"s_008um_00035_00711-1","PT","singlet"
"s_008um_00038_00650-1","PC","singlet"
"s_008um_00003_00694-1","Podo","singlet"
"s_008um_00078_00707-1","PT","singlet"
"s_008um_00107_00667-1","PT","singlet"
"s_008um_00113_00647-1","EC","singlet"
"s_008um_00098_00702-1","Podo","singlet"
"s_008um_00109_00708-1","Unknown","doublet_uncertain"
"s_008um_00018_00654-1","PT","singlet"
"s_008um_00022_00663-1","PT","singlet"
"s_008um_00079_00697-1","IC","doublet_certain"
"s_008um_00060_00672-1","PT","singlet"
"s_008um_00098_00681-1","VSM/P","singlet"
"s_008um_00077_00654-1","Unknown","reject"
"s_008um_00037_00673-1","VSM/P","singlet"
"s_008um_00061_00666-1","Unknown","doublet_uncertain"
"s_008um_00032_00701-1","Unknown","reject"
"s_008um_00036_00662-1","TAL","singlet"
"s_008um_00067_00684-1","PT","singlet"
"s_008um_00110_00671-1","Podo","singlet"
"s_008um_00047_00653-1","Unknown","reject"
"s_008um_00117_00681-1","Podo","doublet_certain"
"s_008um_00031_00707-1","FIB","singlet"
"s_008um_00054_00660-1","PT","singlet"
"s_008um_00059_00687-1","Unknown","doublet_uncertain"
"s_008um_00013_00673-1","PT","singlet"
"s_008um_00012_00686-1","IC","singlet"
"s_008um_00121_00673-1","PEC","singlet"
"s_008um_00005_00698-1","EC","singlet"
"s_008um_00035_00690-1","Podo","singlet"
"s_008um_00041_00661-1","Unknown","reject"
"s_008um_00070_00654-1","Unknown","doublet_uncertain"
"s_008um_00065_00659-1","DCT","singlet"
"s_008um_00090_00667-1","PT","singlet"
"s_008um_00032_00708-1","PT","singlet"
"s_008um_00084_00692-1","EC","singlet"
"s_008um_00076_00696-1","EC","singlet"
"s_008um_00016_00702-1","EC","singlet"
"s_008um_00079_00672-1","DCT","singlet"
"s_008um_00001_00693-1","FIB","singlet"
"s_008um_00095_00682-1","TAL","singlet"
"s_008um_00025_00694-1","Podo","singlet"
"s_008um_00090_00704-1","EC","singlet"
"s_008um_00038_00664-1","TAL","singlet"
"s_008um_00070_00662-1","PT","singlet"
"s_008um_00103_00688-1","VSM/P","singlet"
"s_008um_00048_00661-1","PC","singlet"
"s_008um_00021_00722-1","IC","singlet"
"s_008um_00077_00705-1","PT","singlet"
"s_008um_00020_00698-1","EC","singlet"
"s_008um_00102_00694-1","PT","singlet"
"s_008um_00113_00692-1","PT","singlet"
"s_008um_00063_00665-1","PT","singlet"
"s_008um_00118_00642-1","PT","singlet"
"s_008um_00002_00720-1","Unknown","reject"
"s_008um_00100_00699-1","EC","singlet"
"s_008um_00054_00671-1","PEC","singlet"
"s_008um_00021_00716-1","Unknown","reject"
"s_008um_00078_00677-1","FIB","singlet"
"s_008um_00121_00684-1","FIB","singlet"
"s_008um_00097_00697-1","EC","singlet"
"s_008um_00001_00718-1","PC","singlet"
"s_008um_00013_00669-1","PT","singlet"
"s_008um_00106_00656-1","PT","doublet_certain"
"s_008um_00024_00681-1","IC","doublet_certain"
"s_008um_00031_00651-1","Unknown","reject"
"s_008um_00071_00668-1","PT","singlet"
"s_008um_00028_00669-1","PT","singlet"
"s_008um_00070_00688-1","Unknown","reject"
"s_008um_00070_00651-1","Unknown","reject"
"s_008um_00090_00665-1","PT","singlet"
"s_008um_00052_00691-1","B_PL","singlet"
"s_008um_00099_00652-1","PT","singlet"
"s_008um_00101_00641-1","Unknown","reject"
"s_008um_00100_00708-1","Podo","singlet"
"s_008um_00056_00663-1","Unknown","reject"
"s_008um_00112_00653-1","PT","singlet"
"s_008um_00125_00662-1","Unknown","reject"
"s_008um_00095_00702-1","EC","singlet"
"s_008um_00108_00664-1","Unknown","doublet_uncertain"
"s_008um_00002_00717-1","Unknown","reject"
"s_008um_00075_00709-1","PT","singlet"
"s_008um_00037_00696-1","IC","singlet"
"s_008um_00046_00682-1","EC","singlet"
"s_008um_00081_00702-1","PT","singlet"
"s_008um_00073_00671-1","DCT","singlet"
"s_008um_00086_00678-1","DCT","singlet"
"s_008um_00082_00678-1","DCT","doublet_certain"
"s_008um_00114_00639-1","Unknown","reject"
"s_008um_00079_00703-1","PT","singlet"
"s_008um_00048_00699-1","Unknown","reject"
"s_008um_00088_00704-1","EC","singlet"
"s_008um_00108_00688-1","Podo","singlet"
"s_008um_00015_00687-1","IC","singlet"
"s_008um_00075_00710-1","PT","singlet"
"s_008um_00119_00695-1","FIB","singlet"
"s_008um_00115_00671-1","Podo","singlet"
"s_008um_00056_00674-1","Unknown","reject"
"s_008um_00101_00656-1","PT","singlet"
"s_008um_00036_00669-1","FIB","singlet"
"s_008um_00032_00651-1","PT","singlet"
"s_008um_00045_00710-1","PT","singlet"
"s_008um_00027_00701-1","Podo","singlet"
"s_008um_00042_00690-1","Podo","doublet_certain"
"s_008um_00127_00655-1","Unknown","reject"
"s_008um_00049_00701-1","DCT","singlet"
"s_008um_00006_00697-1","EC","singlet"
"s_008um_00117_00644-1","PT","singlet"
"s_008um_00017_00719-1","IC","singlet"
"s_008um_00099_00696-1","EC","singlet"
"s_008um_00041_00694-1","Unknown","doublet_uncertain"
"s_008um_00009_00673-1","PT","singlet"
"s_008um_00013_00686-1","PC","doublet_certain"
"s_008um_00079_00653-1","PT","singlet"
"s_008um_00097_00685-1","TAL","singlet"
"s_008um_00124_00687-1","PT","singlet"
"s_008um_00020_00669-1","PT","singlet"
"s_008um_00107_00659-1","B_PL","singlet"
"s_008um_00114_00684-1","Podo","singlet"
"s_008um_00023_00716-1","Unknown","doublet_uncertain"
"s_008um_00114_00650-1","PT","singlet"
"s_008um_00097_00693-1","PT","singlet"
"s_008um_00010_00720-1","IC","doublet_certain"
"s_008um_00040_00676-1","VSM/P","singlet"
"s_008um_00075_00705-1","PT","singlet"
"s_008um_00043_00680-1","EC","doublet_certain"
"s_008um_00087_00703-1","EC","singlet"
"s_008um_00053_00692-1","PT","singlet"
"s_008um_00084_00646-1","PT","singlet"
"s_008um_00049_00702-1","DCT","singlet"
"s_008um_00017_00684-1","TAL","singlet"
"s_008um_00048_00688-1","Podo","singlet"
"s_008um_00073_00664-1","PT","singlet"
"s_008um_00030_00699-1","Unknown","reject"
"s_008um_00126_00643-1","Unknown","reject"
"s_008um_00085_00709-1","EC","singlet"
"s_008um_00017_00702-1","EC","singlet"
"s_008um_00046_00699-1","EC","doublet_certain"
"s_008um_00101_00668-1","PT","singlet"
"s_008um_00087_00668-1","PT","singlet"
"s_008um_00081_00670-1","DCT","singlet"
"s_008um_00056_00673-1","PEC","singlet"
"s_008um_00122_00676-1","Podo","singlet"
"s_008um_00032_00709-1","PT","singlet"
"s_008um_00054_00667-1","VSM/P","doublet_certain"
"s_008um_00052_00683-1","Podo","singlet"
"s_008um_00116_00695-1","Mono_Mac","singlet"
"s_008um_00059_00668-1","FIB","singlet"
"s_008um_00063_00652-1","B_PL","singlet"
"s_008um_00114_00670-1","Podo","singlet"
"s_008um_00105_00645-1","Unknown","doublet_uncertain"
"s_008um_00031_00673-1","TAL","singlet"
"s_008um_00056_00661-1","PT","singlet"
"s_008um_00027_00661-1","PT","singlet"
"s_008um_00035_00712-1","PT","doublet_certain"
"s_008um_00071_00693-1","Unknown","reject"
"s_008um_00118_00679-1","Podo","doublet_certain"
"s_008um_00127_00699-1","Unknown","reject"
"s_008um_00025_00682-1","IC","singlet"
"s_008um_00041_00690-1","Podo","doublet_certain"
"s_008um_00012_00717-1","IC","singlet"
"s_008um_00006_00679-1","DCT","singlet"
"s_008um_00089_00687-1","PT","singlet"
"s_008um_00104_00677-1","Podo","singlet"
"s_008um_00034_00672-1","Unknown","reject"
"s_008um_00067_00685-1","PT","singlet"
"s_008um_00052_00657-1","Unknown","reject"
"s_008um_00028_00720-1","Unknown","reject"
"s_008um_00085_00647-1","PT","singlet"
"s_008um_00037_00699-1","CNT","singlet"
"s_008um_00092_00655-1","PT","singlet"
"s_008um_00030_00668-1","PT","singlet"
"s_008um_00066_00669-1","PT","singlet"
"s_008um_00070_00687-1","Unknown","reject"
"s_008um_00114_00672-1","Podo","singlet"
"s_008um_00126_00688-1","PT","singlet"
"s_008um_00066_00674-1","DCT","singlet"
"s_008um_00040_00704-1","Unknown","reject"
"s_008um_00108_00677-1","Podo","singlet"
"s_008um_00003_00666-1","PT","singlet"
"s_008um_00069_00660-1","Unknown","reject"
"s_008um_00109_00682-1","Podo","doublet_certain"
"s_008um_00092_00653-1","FIB","singlet"
"s_008um_00121_00656-1","Unknown","reject"
"s_008um_00081_00658-1","PT","singlet"
"s_008um_00055_00703-1","IC","singlet"
"s_008um_00046_00700-1","Unknown","reject"
"s_008um_00071_00647-1","Unknown","reject"
"s_008um_00061_00701-1","IC","singlet"
"s_008um_00028_00695-1","Podo","singlet"
"s_008um_00033_00682-1","EC","singlet"
"s_008um_00105_00676-1","Podo","singlet"
"s_008um_00084_00661-1","Unknown","reject"
"s_008um_00029_00661-1","PT","singlet"
"s_008um_00120_00680-1","Podo","doublet_certain"
"s_008um_00067_00715-1","Unknown","doublet_uncertain"
"s_008um_00109_00702-1","EC","singlet"
"s_008um_00076_00650-1","TAL","singlet"
"s_008um_00027_00693-1","Podo","singlet"
"s_008um_00016_00706-1","EC","singlet"
"s_008um_00006_00722-1","IC","singlet"
"s_008um_00003_00709-1","Unknown","reject"
"s_008um_00021_00684-1","TAL","singlet"
"s_008um_00098_00680-1","VSM/P","singlet"
"s_008um_00089_00669-1","PT","singlet"
"s_008um_00127_00687-1","PT","singlet"
"s_008um_00127_00693-1","PT","singlet"
"s_008um_00023_00698-1","EC","doublet_certain"
"s_008um_00011_00670-1","PT","singlet"
"s_008um_00025_00692-1","Podo","singlet"
"s_008um_00044_00714-1","PT","singlet"
"s_008um_00003_00669-1","PT","singlet"
"s_008um_00116_00652-1","PT","singlet"
"s_008um_00111_00661-1","PT","singlet"
"s_008um_00070_00693-1","Unknown","reject"
"s_008um_00062_00674-1","PT","singlet"
"s_008um_00101_00661-1","PT","singlet"
"s_008um_00028_00679-1","Unknown","doublet_uncertain"
"s_008um_00021_00715-1","Podo","singlet"
"s_008um_00099_00648-1","Unknown","reject"
"s_008um_00046_00663-1","PC","singlet"
"s_008um_00068_00707-1","FIB","singlet"
"s_008um_00026_00683-1","Unknown","doublet_uncertain"
"s_008um_00106_00690-1","Unknown","reject"
"s_008um_00115_00649-1","PT","singlet"
"s_008um_00072_00708-1","PT","singlet"
"s_008um_00118_00695-1","EC","singlet"
"s_008um_00040_00695-1","EC","singlet"
"s_008um_00000_00669-1","PT","singlet"
"s_008um_00122_00658-1","PT","singlet"
"s_008um_00121_00657-1","EC","singlet"
"s_008um_00127_00682-1","PT","singlet"
"s_008um_00036_00679-1","EC","singlet"
"s_008um_00118_00661-1","Unknown","reject"
"s_008um_00062_00696-1","EC","doublet_certain"
"s_008um_00094_00646-1","PT","singlet"
"s_008um_00010_00675-1","PT","singlet"
"s_008um_00053_00716-1","VSM/P","singlet"
"s_008um_00073_00670-1","Unknown","reject"
"s_008um_00065_00675-1","DCT","singlet"
"s_008um_00031_00666-1","Unknown","doublet_uncertain"
"s_008um_00000_00680-1","DCT","singlet"
"s_008um_00075_00703-1","FIB","singlet"
"s_008um_00102_00644-1","EC","singlet"
"s_008um_00014_00712-1","EC","doublet_certain"
"s_008um_00116_00661-1","PT","singlet"
"s_008um_00126_00672-1","Unknown","reject"
"s_008um_00102_00700-1","EC","singlet"
"s_008um_00062_00698-1","EC","singlet"
"s_008um_00024_00698-1","Podo","singlet"
"s_008um_00013_00715-1","Podo","singlet"
"s_008um_00071_00711-1","PT","singlet"
"s_008um_00008_00676-1","PT","singlet"
"s_008um_00041_00663-1","PC","singlet"
"s_008um_00006_00686-1","DCT","singlet"
"s_008um_00066_00670-1","PT","singlet"
"s_008um_00110_00685-1","Podo","singlet"
"s_008um_00030_00675-1","TAL","singlet"
"s_008um_00061_00662-1","DCT","singlet"
"s_008um_00060_00671-1","PT","singlet"
"s_008um_00064_00665-1","PT","singlet"
"s_008um_00082_00659-1","PT","singlet"
"s_008um_00042_00709-1","PT","singlet"
"s_008um_00023_00681-1","B_PL","doublet_certain"
"s_008um_00074_00694-1","Unknown","reject"
"s_008um_00092_00681-1","TAL","singlet"
"s_008um_00077_00680-1","Unknown","reject"
"s_008um_00037_00714-1","PT","singlet"
"s_008um_00098_00647-1","PT","singlet"
"s_008um_00070_00679-1","PT","singlet"
"s_008um_00111_00679-1","FIB","doublet_certain"
"s_008um_00050_00718-1","EC","doublet_certain"
"s_008um_00076_00672-1","DCT","singlet"
"s_008um_00006_00712-1","Podo","doublet_certain"
"s_008um_00013_00659-1","Podo","singlet"
"s_008um_00031_00657-1","PT","singlet"
"s_008um_00125_00664-1","Unknown","doublet_uncertain"
"s_008um_00107_00640-1","PT","singlet"
"s_008um_00114_00648-1","PT","singlet"
"s_008um_00077_00653-1","EC","singlet"
"s_008um_00056_00657-1","Unknown","reject"
"s_008um_00102_00673-1","PT","singlet"
"s_008um_00039_00695-1","FIB","singlet"
"s_008um_00108_00707-1","EC","singlet"
"s_008um_00098_00668-1","PT","singlet"
"s_008um_00083_00658-1","PT","singlet"
"s_008um_00026_00681-1","IC","singlet"
"s_008um_00045_00671-1","Podo","singlet"
"s_008um_00012_00679-1","Unknown","reject"
"s_008um_00056_00691-1","PT","singlet"
"s_008um_00022_00664-1","Unknown","reject"
"s_008um_00008_00662-1","FIB","singlet"
"s_008um_00026_00721-1","IC","singlet"
"s_008um_00000_00687-1","DCT","singlet"
"s_008um_00009_00672-1","PT","singlet"
"s_008um_00045_00704-1","Unknown","reject"
"s_008um_00123_00659-1","PT","singlet"
"s_008um_00083_00690-1","PT","singlet"
"s_008um_00030_00710-1","PT","singlet"
"s_008um_00033_00666-1","PT","singlet"
"s_008um_00021_00654-1","PT","singlet"
"s_008um_00005_00683-1","DCT","singlet"
"s_008um_00016_00716-1","Podo","doublet_certain"
"s_008um_00109_00684-1","Podo","singlet"
"s_008um_00086_00674-1","DCT","singlet"
"s_008um_00099_00651-1","PT","singlet"
"s_008um_00014_00683-1","TAL","singlet"
"s_008um_00075_00711-1","PT","singlet"
"s_008um_00065_00686-1","Unknown","doublet_uncertain"
"s_008um_00044_00650-1","B_PL","singlet"
"s_008um_00063_00668-1","PT","singlet"
"s_008um_00055_00667-1","FIB","singlet"
"s_008um_00093_00689-1","PT","singlet"
"s_008um_00027_00714-1","EC","singlet"
"s_008um_00050_00707-1","EC","singlet"
"s_008um_00044_00717-1","Unknown","reject"
"s_008um_00017_00699-1","Podo","singlet"
"s_008um_00052_00707-1","Unknown","reject"
"s_008um_00001_00719-1","Unknown","reject"
"s_008um_00098_00670-1","Unknown","reject"
"s_008um_00102_00712-1","EC","singlet"
"s_008um_00054_00689-1","PT","singlet"
"s_008um_00042_00678-1","EC","singlet"
"s_008um_00093_00651-1","PT","singlet"
"s_008um_00072_00653-1","EC","singlet"
"s_008um_00052_00665-1","VSM/P","doublet_certain"
"s_008um_00041_00650-1","PT","singlet"
"s_008um_00080_00709-1","DCT","singlet"
"s_008um_00026_00672-1","PT","singlet"
"s_008um_00105_00709-1","EC","singlet"
"s_008um_00074_00670-1","DCT","singlet"
"s_008um_00095_00676-1","PT","singlet"
"s_008um_00112_00645-1","PT","singlet"
"s_008um_00069_00687-1","Unknown","reject"
"s_008um_00073_00684-1","PT","singlet"
"s_008um_00023_00688-1","IC","singlet"
"s_008um_00075_00672-1","DCT","singlet"
"s_008um_00118_00685-1","B_PL","singlet"
"s_008um_00122_00639-1","PT","singlet"
"s_008um_00046_00704-1","PT","singlet"
"s_008um_00059_00659-1","DCT","singlet"
"s_008um_00064_00670-1","PT","singlet"
"s_008um_00050_00696-1","Unknown","reject"
"s_008um_00094_00710-1","Unknown","reject"
"s_008um_00025_00688-1","IC","singlet"
"s_008um_00011_00677-1","PT","singlet"
"s_008um_00008_00664-1","PT","singlet"
"s_008um_00023_00663-1","FIB","singlet"
"s_008um_00013_00672-1","PT","singlet"
"s_008um_00073_00656-1","PT","singlet"
"s_008um_00113_00699-1","Unknown","doublet_uncertain"
"s_008um_00097_00663-1","PT","singlet"
"s_008um_00021_00695-1","Podo","doublet_certain"
"s_008um_00117_00641-1","PT","singlet"
"s_008um_00070_00715-1","PT","singlet"
"s_008um_00094_00699-1","Podo","singlet"
"s_008um_00009_00719-1","IC","singlet"
"s_008um_00119_00664-1","PT","singlet"
"s_008um_00002_00719-1","Unknown","reject"
"s_008um_00013_00704-1","EC","doublet_certain"
"s_008um_00051_00695-1","Unknown","reject"
"s_008um_00063_00679-1","Unknown","reject"
"s_008um_00091_00688-1","Unknown","reject"
"s_008um_00087_00666-1","PT","singlet"
"s_008um_00090_00689-1","PT","singlet"
"s_008um_00021_00682-1","TAL","singlet"
"s_008um_00101_00709-1","EC","singlet"
"s_008um_00036_00681-1","EC","singlet"
"s_008um_00124_00668-1","FIB","doublet_certain"
"s_008um_00017_00704-1","T_NK","doublet_certain"
"s_008um_00093_00683-1","TAL","singlet"
"s_008um_00088_00646-1","PT","singlet"
"s_008um_00082_00662-1","PT","singlet"
"s_008um_00126_00649-1","IC","singlet"
"s_008um_00045_00651-1","DTL","singlet"
"s_008um_00119_00670-1","PEC","singlet"
"s_008um_00125_00654-1","IC","singlet"
"s_008um_00106_00652-1","Unknown","reject"
"s_008um_00082_00666-1","PT","singlet"
"s_008um_00028_00698-1","Podo","singlet"
"s_008um_00102_00680-1","VSM/P","singlet"
"s_008um_00096_00649-1","PT","singlet"
"s_008um_00057_00701-1","IC","singlet"
"s_008um_00071_00703-1","PT","singlet"
"s_008um_00056_00702-1","IC","singlet"
"s_008um_00025_00712-1","Podo","doublet_certain"
"s_008um_00081_00676-1","DCT","singlet"
"s_008um_00125_00671-1","B_PL","singlet"
"s_008um_00074_00689-1","PT","singlet"
"s_008um_00043_00699-1","Unknown","reject"
"s_008um_00096_00693-1","PT","singlet"
"s_008um_00078_00653-1","Unknown","reject"
"s_008um_00000_00719-1","ATL","singlet"
"s_008um_00093_00696-1","EC","singlet"
"s_008um_00017_00675-1","FIB","singlet"
"s_008um_00011_00722-1","IC","singlet"
"s_008um_00004_00694-1","EC","singlet"
"s_008um_00097_00701-1","Podo","singlet"
"s_008um_00031_00703-1","PEC","singlet"
"s_008um_00073_00692-1","FIB","singlet"
"s_008um_00001_00665-1","PT","singlet"
"s_008um_00084_00682-1","PT","singlet"
"s_008um_00087_00693-1","PT","singlet"
"s_008um_00002_00699-1","Unknown","reject"
"s_008um_00122_00668-1","Unknown","reject"
"s_008um_00040_00663-1","PC","doublet_certain"
"s_008um_00038_00677-1","EC","doublet_certain"
"s_008um_00022_00687-1","Unknown","doublet_uncertain"
"s_008um_00094_00649-1","PT","singlet"
"s_008um_00010_00689-1","FIB","singlet"
"s_008um_00052_00697-1","Unknown","reject"
"s_008um_00092_00710-1","EC","singlet"
"s_008um_00006_00710-1","Podo","singlet"
"s_008um_00097_00666-1","Unknown","reject"
"s_008um_00115_00640-1","PT","singlet"
"s_008um_00011_00714-1","EC","doublet_certain"
"s_008um_00033_00695-1","FIB","doublet_certain"
"s_008um_00096_00710-1","EC","singlet"
"s_008um_00082_00651-1","PT","singlet"
"s_008um_00114_00663-1","PT","singlet"
"s_008um_00079_00695-1","FIB","singlet"
"s_008um_00012_00700-1","EC","doublet_certain"
"s_008um_00037_00654-1","Unknown","reject"
"s_008um_00079_00674-1","DCT","singlet"
"s_008um_00075_00662-1","FIB","singlet"
"s_008um_00096_00644-1","PT","singlet"
"s_008um_00030_00715-1","Unknown","reject"
"s_008um_00030_00705-1","PEC","singlet"
"s_008um_00112_00665-1","PT","singlet"
"s_008um_00090_00687-1","PT","singlet"
"s_008um_00098_00683-1","VSM/P","singlet"
"s_008um_00021_00711-1","Podo","doublet_certain"
"s_008um_00054_00697-1","Unknown","doublet_uncertain"
"s_008um_00031_00687-1","Podo","singlet"
"s_008um_00005_00718-1","Unknown","doublet_uncertain"
"s_008um_00030_00691-1","FIB","doublet_certain"
"s_008um_00059_00674-1","PT","singlet"
"s_008um_00096_00689-1","PT","singlet"
"s_008um_00039_00681-1","Podo","singlet"
"s_008um_00053_00701-1","Unknown","doublet_uncertain"
"s_008um_00092_00701-1","Podo","singlet"
"s_008um_00023_00687-1","Unknown","doublet_uncertain"
"s_008um_00013_00658-1","EC","singlet"
"s_008um_00012_00715-1","Podo","doublet_certain"
"s_008um_00051_00656-1","Unknown","reject"
"s_008um_00119_00687-1","PT","singlet"
"s_008um_00020_00652-1","PT","singlet"
"s_008um_00096_00675-1","PT","singlet"
"s_008um_00112_00639-1","Unknown","reject"
"s_008um_00036_00712-1","PT","singlet"
"s_008um_00037_00716-1","PT","singlet"
"s_008um_00118_00669-1","EC","singlet"
"s_008um_00082_00655-1","PT","singlet"
"s_008um_00036_00704-1","DCT","singlet"
"s_008um_00011_00682-1","DCT","singlet"
"s_008um_00070_00700-1","PC","singlet"
"s_008um_00122_00640-1","Unknown","reject"
"s_008um_00122_00661-1","PT","singlet"
"s_008um_00032_00719-1","Unknown","reject"
"s_008um_00060_00677-1","Unknown","reject"
"s_008um_00084_00708-1","Unknown","reject"
"s_008um_00097_00667-1","PT","singlet"
"s_008um_00085_00702-1","EC","singlet"
"s_008um_00009_00689-1","DCT","singlet"
"s_008um_00032_00718-1","PT","singlet"
"s_008um_00011_00686-1","IC","singlet"
"s_008um_00084_00693-1","PT","singlet"
"s_008um_00071_00678-1","PT","singlet"
"s_008um_00026_00661-1","PT","singlet"
"s_008um_00003_00660-1","Unknown","reject"
"s_008um_00050_00684-1","Unknown","doublet_uncertain"
"s_008um_00038_00686-1","Podo","doublet_certain"
"s_008um_00119_00666-1","FIB","singlet"
"s_008um_00033_00677-1","VSM/P","singlet"
"s_008um_00072_00676-1","DCT","singlet"
"s_008um_00050_00663-1","PC","singlet"
"s_008um_00017_00716-1","Podo","singlet"
"s_008um_00073_00650-1","EC","singlet"
"s_008um_00052_00714-1","VSM/P","singlet"
"s_008um_00025_00679-1","PC","doublet_certain"
"s_008um_00031_00653-1","EC","singlet"
"s_008um_00127_00651-1","IC","singlet"
"s_008um_00025_00653-1","Unknown","reject"
"s_008um_00096_00674-1","PT","singlet"
"s_008um_00027_00698-1","Podo","singlet"
"s_008um_00048_00651-1","PT","singlet"
"s_008um_00113_00686-1","Podo","singlet"
"s_008um_00000_00684-1","DCT","singlet"
"s_008um_00021_00713-1","Podo","doublet_certain"
"s_008um_00070_00658-1","PT","singlet"
"s_008um_00032_00675-1","Unknown","reject"
"s_008um_00117_00683-1","EC","doublet_certain"
"s_008um_00014_00694-1","EC","singlet"
"s_008um_00100_00662-1","PT","singlet"
"s_008um_00045_00649-1","Unknown","reject"
"s_008um_00007_00719-1","Unknown","reject"
"s_008um_00073_00706-1","PT","singlet"
"s_008um_00088_00662-1","PT","singlet"
"s_008um_00052_00699-1","DCT","singlet"
"s_008um_00046_00662-1","PC","singlet"
"s_008um_00028_00665-1","PT","singlet"
"s_008um_00116_00665-1","PT","singlet"
"s_008um_00087_00690-1","PT","singlet"
"s_008um_00037_00668-1","Unknown","reject"
"s_008um_00044_00708-1","PT","singlet"
"s_008um_00023_00664-1","PT","singlet"
"s_008um_00096_00690-1","PT","singlet"
"s_008um_00109_00681-1","Podo","doublet_certain"
"s_008um_00014_00704-1","Neutro","doublet_certain"
"s_008um_00015_00681-1","TAL","singlet"
"s_008um_00009_00665-1","PT","singlet"
"s_008um_00034_00718-1","PT","singlet"
"s_008um_00119_00654-1","PT","singlet"
"s_008um_00021_00662-1","PT","singlet"
"s_008um_00015_00680-1","DCT","singlet"
"s_008um_00044_00690-1","Podo","singlet"
"s_008um_00101_00692-1","PT","singlet"
"s_008um_00037_00656-1","Unknown","reject"
"s_008um_00124_00669-1","Unknown","reject"
"s_008um_00062_00666-1","PT","singlet"
"s_008um_00103_00707-1","Podo","singlet"
"s_008um_00049_00717-1","EC","singlet"
"s_008um_00047_00687-1","Podo","singlet"
"s_008um_00032_00720-1","PT","singlet"
"s_008um_00072_00692-1","Unknown","doublet_uncertain"
"s_008um_00018_00705-1","EC","doublet_certain"
"s_008um_00069_00705-1","PT","singlet"
"s_008um_00070_00666-1","PT","singlet"
"s_008um_00043_00707-1","PT","singlet"
"s_008um_00077_00650-1","TAL","singlet"
"s_008um_00080_00697-1","Unknown","reject"
"s_008um_00079_00675-1","DCT","singlet"
"s_008um_00036_00655-1","FIB","singlet"
"s_008um_00124_00682-1","B_PL","doublet_certain"
"s_008um_00118_00698-1","Unknown","reject"
"s_008um_00039_00664-1","TAL","singlet"
"s_008um_00008_00713-1","Podo","doublet_certain"
"s_008um_00004_00683-1","DCT","singlet"
"s_008um_00063_00683-1","IC","singlet"
"s_008um_00020_00681-1","Unknown","doublet_uncertain"
"s_008um_00005_00694-1","EC","singlet"
"s_008um_00025_00676-1","PT","singlet"
"s_008um_00102_00652-1","PT","singlet"
"s_008um_00062_00680-1","PC","singlet"
"s_008um_00050_00710-1","B_PL","singlet"
"s_008um_00117_00657-1","Unknown","reject"
"s_008um_00119_00672-1","Unknown","doublet_uncertain"
"s_008um_00058_00662-1","PT","singlet"
"s_008um_00023_00695-1","Podo","doublet_certain"
"s_008um_00001_00660-1","PT","singlet"
"s_008um_00002_00689-1","FIB","singlet"
"s_008um_00067_00660-1","DCT","singlet"
"s_008um_00049_00718-1","EC","singlet"
"s_008um_00040_00659-1","PapE","singlet"
"s_008um_00099_00674-1","PT","singlet"
"s_008um_00072_00661-1","FIB","singlet"
"s_008um_00018_00676-1","FIB","singlet"
"s_008um_00051_00665-1","VSM/P","doublet_certain"
"s_008um_00037_00711-1","PT","singlet"
"s_008um_00004_00701-1","Unknown","reject"
"s_008um_00070_00675-1","DCT","singlet"
"s_008um_00103_00692-1","PT","singlet"
"s_008um_00004_00712-1","Podo","singlet"
"s_008um_00082_00697-1","FIB","singlet"
"s_008um_00055_00689-1","PT","singlet"
"s_008um_00008_00682-1","EC","singlet"
"s_008um_00015_00721-1","IC","singlet"
"s_008um_00097_00684-1","TAL","singlet"
"s_008um_00065_00712-1","PT","singlet"
"s_008um_00120_00645-1","PT","singlet"
"s_008um_00123_00641-1","PT","singlet"
"s_008um_00021_00706-1","EC","singlet"
"s_008um_00052_00709-1","Unknown","reject"
"s_008um_00114_00685-1","Podo","singlet"
"s_008um_00071_00686-1","EC","singlet"
"s_008um_00097_00687-1","FIB","singlet"
"s_008um_00054_00669-1","Unknown","reject"
"s_008um_00087_00651-1","IC","singlet"
"s_008um_00004_00709-1","Podo","doublet_certain"
"s_008um_00034_00702-1","IC","singlet"
"s_008um_00080_00695-1","Unknown","reject"
"s_008um_00072_00712-1","PT","singlet"
"s_008um_00048_00707-1","EC","singlet"
"s_008um_00010_00665-1","PT","singlet"
"s_008um_00126_00695-1","PT","singlet"
"s_008um_00105_00699-1","EC","singlet"
"s_008um_00002_00710-1","Podo","singlet"
"s_008um_00071_00677-1","Unknown","reject"
"s_008um_00093_00697-1","EC","singlet"
"s_008um_00098_00697-1","Unknown","reject"
"s_008um_00007_00656-1","PT","singlet"
"s_008um_00083_00703-1","EC","doublet_certain"
"s_008um_00025_00664-1","Unknown","reject"
"s_008um_00012_00676-1","PT","singlet"
"s_008um_00057_00652-1","EC","singlet"
"s_008um_00064_00693-1","PT","singlet"
"s_008um_00120_00694-1","Unknown","reject"
"s_008um_00122_00685-1","Unknown","doublet_uncertain"
"s_008um_00095_00672-1","FIB","singlet"
"s_008um_00096_00643-1","PT","singlet"
"s_008um_00011_00657-1","Unknown","reject"
"s_008um_00119_00699-1","Unknown","reject"
"s_008um_00058_00681-1","Unknown","doublet_uncertain"
"s_008um_00027_00664-1","EC","singlet"
"s_008um_00115_00652-1","PT","singlet"
"s_008um_00124_00689-1","Unknown","reject"
"s_008um_00126_00686-1","PT","singlet"
"s_008um_00043_00714-1","PT","singlet"
"s_008um_00044_00709-1","EC","doublet_certain"
"s_008um_00115_00690-1","PT","singlet"
"s_008um_00107_00682-1","EC","singlet"
"s_008um_00024_00682-1","TAL","singlet"
"s_008um_00122_00672-1","PEC","singlet"
"s_008um_00085_00685-1","PT","singlet"
"s_008um_00041_00698-1","IC","singlet"
"s_008um_00037_00709-1","DCT","singlet"
"s_008um_00059_00696-1","Unknown","doublet_uncertain"
"s_008um_00058_00684-1","Unknown","doublet_uncertain"
"s_008um_00080_00692-1","EC","singlet"
"s_008um_00124_00666-1","FIB","singlet"
"s_008um_00089_00674-1","DCT","singlet"
"s_008um_00119_00681-1","Podo","singlet"
"s_008um_00041_00691-1","EC","singlet"
"s_008um_00006_00663-1","PT","doublet_certain"
"s_008um_00043_00663-1","PC","singlet"
"s_008um_00122_00663-1","Unknown","reject"
"s_008um_00009_00712-1","Podo","doublet_certain"
"s_008um_00025_00665-1","FIB","singlet"
"s_008um_00114_00701-1","B_PL","singlet"
"s_008um_00044_00704-1","DCT","singlet"
"s_008um_00081_00674-1","DCT","singlet"
"s_008um_00093_00667-1","EC","singlet"
"s_008um_00007_00713-1","Podo","singlet"
"s_008um_00126_00655-1","PC","singlet"
"s_008um_00067_00677-1","DCT","singlet"
"s_008um_00095_00712-1","EC","singlet"
"s_008um_00094_00709-1","EC","singlet"
"s_008um_00040_00649-1","Unknown","reject"
"s_008um_00081_00704-1","Unknown","reject"
"s_008um_00029_00683-1","Podo","singlet"
"s_008um_00053_00656-1","Unknown","reject"
"s_008um_00063_00687-1","PT","singlet"
"s_008um_00034_00670-1","Mono_Mac","singlet"
"s_008um_00108_00709-1","Unknown","reject"
"s_008um_00109_00649-1","EC","singlet"
"s_008um_00111_00707-1","Unknown","doublet_uncertain"
"s_008um_00077_00658-1","Unknown","reject"
"s_008um_00005_00702-1","EC","singlet"
"s_008um_00091_00686-1","PT","singlet"
"s_008um_00105_00696-1","EC","singlet"
"s_008um_00120_00654-1","PT","singlet"
"s_008um_00101_00691-1","PT","singlet"
"s_008um_00124_00686-1","Unknown","reject"
"s_008um_00052_00688-1","Unknown","reject"
"s_008um_00077_00669-1","PT","singlet"
"s_008um_00035_00710-1","PT","singlet"
"s_008um_00049_00671-1","EC","singlet"
"s_008um_00050_00681-1","EC","doublet_certain"
"s_008um_00030_00662-1","PT","singlet"
"s_008um_00035_00657-1","PT","singlet"
"s_008um_00019_00700-1","EC","singlet"
"s_008um_00031_00665-1","PT","singlet"
"s_008um_00124_00647-1","PT","singlet"
"s_008um_00112_00698-1","EC","singlet"
"s_008um_00013_00722-1","EC","doublet_certain"
"s_008um_00065_00714-1","EC","singlet"
"s_008um_00038_00699-1","Unknown","reject"
"s_008um_00049_00655-1","Unknown","reject"
"s_008um_00101_00646-1","PT","singlet"
"s_008um_00024_00672-1","PT","singlet"
"s_008um_00099_00666-1","PT","singlet"
"s_008um_00093_00695-1","Unknown","doublet_uncertain"
"s_008um_00072_00709-1","PT","singlet"
"s_008um_00089_00660-1","PT","singlet"
"s_008um_00035_00658-1","PT","singlet"
"s_008um_00061_00674-1","PT","singlet"
"s_008um_00065_00669-1","PT","singlet"
"s_008um_00039_00652-1","Unknown","reject"
"s_008um_00056_00670-1","Unknown","doublet_uncertain"
"s_008um_00089_00650-1","PT","singlet"
"s_008um_00125_00689-1","PT","singlet"
"s_008um_00039_00659-1","PT","singlet"
"s_008um_00096_00705-1","EC","singlet"
"s_008um_00022_00720-1","IC","singlet"
"s_008um_00082_00706-1","EC","singlet"
"s_008um_00088_00691-1","PT","singlet"
"s_008um_00096_00653-1","FIB","singlet"
"s_008um_00094_00666-1","PT","singlet"
"s_008um_00035_00668-1","EC","singlet"
"s_008um_00099_00682-1","VSM/P","singlet"
"s_008um_00055_00695-1","PT","singlet"
"s_008um_00020_00690-1","EC","singlet"
"s_008um_00085_00706-1","Unknown","reject"
"s_008um_00029_00654-1","PT","singlet"
"s_008um_00053_00703-1","EC","singlet"
"s_008um_00090_00652-1","PT","singlet"
"s_008um_00096_00680-1","TAL","singlet"
"s_008um_00038_00698-1","Unknown","doublet_uncertain"
"s_008um_00074_00709-1","PT","singlet"
"s_008um_00097_00702-1","EC","singlet"
"s_008um_00053_00657-1","B_PL","singlet"
"s_008um_00042_00657-1","Unknown","reject"
"s_008um_00114_00700-1","EC","singlet"
"s_008um_00000_00693-1","Unknown","reject"
"s_008um_00048_00668-1","VSM/P","doublet_certain"
"s_008um_00078_00678-1","Unknown","doublet_uncertain"
"s_008um_00033_00688-1","Podo","singlet"
"s_008um_00064_00713-1","PT","singlet"
"s_008um_00111_00641-1","Unknown","reject"
"s_008um_00099_00702-1","EC","singlet"
"s_008um_00086_00664-1","PT","singlet"
"s_008um_00090_00647-1","PT","singlet"
"s_008um_00110_00655-1","PT","singlet"
"s_008um_00014_00653-1","PT","singlet"
"s_008um_00065_00708-1","PT","singlet"
"s_008um_00113_00682-1","Podo","singlet"
"s_008um_00007_00683-1","DCT","singlet"
"s_008um_00101_00696-1","Unknown","reject"
"s_008um_00120_00682-1","Podo","doublet_certain"
"s_008um_00098_00678-1","PT","singlet"
"s_008um_00099_00713-1","EC","singlet"
"s_008um_00079_00650-1","EC","singlet"
"s_008um_00074_00702-1","Unknown","reject"
"s_008um_00003_00676-1","Unknown","reject"
"s_008um_00034_00669-1","PT","singlet"
"s_008um_00119_00693-1","Unknown","reject"
"s_008um_00024_00704-1","EC","singlet"
"s_008um_00066_00654-1","DCT","singlet"
"s_008um_00009_00694-1","Podo","doublet_certain"
"s_008um_00051_00706-1","FIB","singlet"
"s_008um_00041_00707-1","PT","singlet"
"s_008um_00016_00659-1","VSM/P","singlet"
"s_008um_00060_00699-1","IC","singlet"
"s_008um_00021_00688-1","Unknown","reject"
"s_008um_00003_00686-1","DCT","singlet"
"s_008um_00075_00695-1","EC","singlet"
"s_008um_00105_00703-1","EC","singlet"
"s_008um_00107_00650-1","Unknown","reject"
"s_008um_00041_00667-1","Unknown","doublet_uncertain"
"s_008um_00105_00646-1","Unknown","reject"
"s_008um_00079_00649-1","Unknown","reject"
"s_008um_00040_00716-1","PT","singlet"
"s_008um_00080_00683-1","PT","singlet"
"s_008um_00048_00686-1","Podo","doublet_certain"
"s_008um_00012_00718-1","Unknown","doublet_uncertain"
"s_008um_00006_00682-1","DCT","singlet"
"s_008um_00106_00642-1","B_PL","singlet"
"s_008um_00045_00707-1","PT","singlet"
"s_008um_00101_00676-1","PT","singlet"
"s_008um_00096_00660-1","Unknown","reject"
"s_008um_00106_00665-1","PT","singlet"
"s_008um_00036_00697-1","IC","singlet"
"s_008um_00124_00641-1","PT","singlet"
"s_008um_00067_00713-1","EC","singlet"
"s_008um_00075_00668-1","PT","singlet"
"s_008um_00101_00648-1","PT","singlet"
"s_008um_00023_00670-1","PT","singlet"
"s_008um_00003_00704-1","EC","singlet"
"s_008um_00047_00697-1","IC","singlet"
"s_008um_00123_00660-1","PT","singlet"
"s_008um_00125_00682-1","Unknown","doublet_uncertain"
"s_008um_00029_00705-1","PEC","singlet"
"s_008um_00098_00646-1","Unknown","reject"
"s_008um_00078_00673-1","DCT","singlet"
"s_008um_00077_00655-1","PT","singlet"
"s_008um_00080_00661-1","EC","singlet"
"s_008um_00030_00681-1","Podo","singlet"
"s_008um_00054_00677-1","EC","singlet"
"s_008um_00031_00700-1","PEC","singlet"
"s_008um_00127_00696-1","Unknown","reject"
"s_008um_00042_00671-1","EC","singlet"
"s_008um_00051_00679-1","Podo","singlet"
"s_008um_00116_00703-1","B_PL","singlet"
"s_008um_00089_00663-1","Unknown","reject"
"s_008um_00019_00722-1","Unknown","reject"
"s_008um_00027_00702-1","Podo","doublet_certain"
"s_008um_00022_00684-1","TAL","singlet"
"s_008um_00028_00685-1","PEC","singlet"
"s_008um_00066_00704-1","PT","singlet"
"s_008um_00091_00708-1","EC","singlet"
"s_008um_00071_00694-1","FIB","singlet"
"s_008um_00019_00696-1","EC","singlet"
"s_008um_00064_00656-1","DCT","singlet"
"s_008um_00075_00683-1","EC","singlet"
"s_008um_00055_00653-1","DCT","singlet"
"s_008um_00094_00660-1","PT","singlet"
"s_008um_00028_00688-1","Unknown","doublet_uncertain"
"s_008um_00031_00690-1","FIB","singlet"
"s_008um_00093_00684-1","TAL","singlet"
"s_008um_00126_00644-1","Mono_Mac","singlet"
"s_008um_00007_00679-1","DCT","singlet"
"s_008um_00109_00672-1","Podo","singlet"
"s_008um_00086_00679-1","Unknown","doublet_uncertain"
"s_008um_00065_00694-1","Unknown","reject"
"s_008um_00069_00706-1","PT","singlet"
"s_008um_00018_00721-1","IC","singlet"
"s_008um_00009_00668-1","PT","singlet"
"s_008um_00017_00698-1","Podo","singlet"
"s_008um_00022_00704-1","EC","singlet"
"s_008um_00105_00700-1","EC","singlet"
"s_008um_00022_00689-1","Unknown","reject"
"s_008um_00004_00674-1","PT","singlet"
"s_008um_00015_00673-1","PT","singlet"
"s_008um_00007_00704-1","EC","singlet"
"s_008um_00117_00666-1","Mono_Mac","singlet"
"s_008um_00019_00652-1","PT","singlet"
"s_008um_00070_00656-1","PT","singlet"
"s_008um_00091_00649-1","PT","singlet"
"s_008um_00116_00649-1","PT","singlet"
"s_008um_00088_00661-1","PT","singlet"
"s_008um_00090_00661-1","Unknown","reject"
"s_008um_00039_00671-1","EC","singlet"
"s_008um_00098_00706-1","EC","singlet"
"s_008um_00010_00699-1","VSM/P","doublet_certain"
"s_008um_00034_00677-1","Unknown","reject"
"s_008um_00095_00706-1","EC","singlet"
"s_008um_00073_00696-1","Unknown","doublet_uncertain"
"s_008um_00001_00697-1","Podo","singlet"
"s_008um_00047_00676-1","Podo","doublet_certain"
"s_008um_00106_00708-1","EC","singlet"
"s_008um_00098_00653-1","PT","singlet"
"s_008um_00072_00651-1","EC","singlet"
"s_008um_00005_00684-1","DCT","singlet"
"s_008um_00055_00720-1","VSM/P","singlet"
"s_008um_00116_00685-1","Podo","singlet"
"s_008um_00013_00699-1","Unknown","doublet_uncertain"
"s_008um_00119_00663-1","PT","singlet"
"s_008um_00023_00699-1","EC","doublet_certain"
"s_008um_00017_00707-1","EC","singlet"
"s_008um_00116_00675-1","Podo","singlet"
"s_008um_00040_00705-1","DCT","singlet"
"s_008um_00074_00684-1","Unknown","reject"
"s_008um_00069_00679-1","PT","singlet"
"s_008um_00109_00666-1","FIB","singlet"
"s_008um_00076_00652-1","TAL","singlet"
"s_008um_00031_00698-1","Unknown","reject"
"s_008um_00120_00669-1","PEC","singlet"
"s_008um_00063_00695-1","Unknown","doublet_uncertain"
"s_008um_00026_00691-1","Unknown","reject"
"s_008um_00005_00663-1","PT","singlet"
"s_008um_00022_00706-1","EC","singlet"
"s_008um_00077_00677-1","FIB","singlet"
"s_008um_00025_00661-1","PT","singlet"
"s_008um_00008_00694-1","Podo","singlet"
"s_008um_00055_00656-1","Unknown","doublet_uncertain"
"s_008um_00016_00711-1","EC","singlet"
"s_008um_00069_00690-1","B_PL","singlet"
"s_008um_00079_00686-1","PT","singlet"
"s_008um_00046_00718-1","PT","singlet"
"s_008um_00095_00704-1","Podo","singlet"
"s_008um_00073_00672-1","DCT","singlet"
"s_008um_00102_00681-1","VSM/P","singlet"
"s_008um_00098_00687-1","Unknown","reject"
"s_008um_00074_00673-1","DCT","singlet"
"s_008um_00058_00663-1","Unknown","reject"
"s_008um_00030_00684-1","Podo","doublet_certain"
"s_008um_00089_00712-1","EC","singlet"
"s_008um_00099_00655-1","Unknown","reject"
"s_008um_00102_00661-1","IC","singlet"
"s_008um_00101_00659-1","Unknown","reject"
"s_008um_00003_00713-1","Podo","singlet"
"s_008um_00109_00690-1","PT","singlet"
"s_008um_00012_00665-1","PT","singlet"
"s_008um_00019_00720-1","IC","singlet"
"s_008um_00088_00707-1","EC","singlet"
"s_008um_00114_00687-1","PEC","singlet"
"s_008um_00115_00675-1","Unknown","doublet_uncertain"
"s_008um_00055_00659-1","PT","singlet"
"s_008um_00086_00666-1","PT","singlet"
"s_008um_00122_00662-1","Unknown","doublet_uncertain"
"s_008um_00045_00692-1","Unknown","reject"
"s_008um_00043_00689-1","Podo","doublet_certain"
"s_008um_00035_00654-1","PT","singlet"
"s_008um_00096_00688-1","PT","singlet"
"s_008um_00064_00673-1","PT","singlet"
"s_008um_00045_00701-1","Unknown","reject"
"s_008um_00089_00683-1","Unknown","reject"
"s_008um_00086_00677-1","DCT","singlet"
"s_008um_00100_00683-1","EC","doublet_certain"
"s_008um_00011_00683-1","DCT","singlet"
"s_008um_00104_00693-1","FIB","singlet"
"s_008um_00100_00692-1","PT","singlet"
"s_008um_00054_00673-1","Unknown","reject"
"s_008um_00105_00662-1","Unknown","reject"
"s_008um_00061_00664-1","FIB","singlet"
"s_008um_00115_00692-1","PT","singlet"
"s_008um_00121_00659-1","PT","singlet"
"s_008um_00019_00714-1","Podo","doublet_certain"
"s_008um_00115_00672-1","Podo","singlet"
"s_008um_00111_00643-1","Unknown","reject"
"s_008um_00119_00667-1","Unknown","reject"
"s_008um_00123_00694-1","PT","singlet"
"s_008um_00031_00660-1","PT","singlet"
"s_008um_00042_00666-1","Unknown","reject"
"s_008um_00056_00676-1","Podo","singlet"
"s_008um_00032_00695-1","Unknown","doublet_uncertain"
"s_008um_00010_00671-1","PT","singlet"
"s_008um_00009_00713-1","Podo","doublet_certain"
"s_008um_00093_00672-1","Unknown","reject"
"s_008um_00024_00685-1","IC","singlet"
"s_008um_00121_00692-1","Unknown","reject"
"s_008um_00051_00702-1","Mono_Mac","singlet"
"s_008um_00081_00678-1","DCT","singlet"
"s_008um_00034_00680-1","Unknown","reject"
"s_008um_00032_00657-1","PT","singlet"
"s_008um_00047_00691-1","Unknown","reject"
"s_008um_00053_00718-1","VSM/P","singlet"
"s_008um_00015_00699-1","EC","doublet_certain"
"s_008um_00099_00679-1","FIB","singlet"
"s_008um_00014_00695-1","EC","singlet"
"s_008um_00035_00670-1","FIB","singlet"
"s_008um_00103_00697-1","Podo","singlet"
"s_008um_00031_00693-1","FIB","doublet_certain"
"s_008um_00081_00660-1","Unknown","reject"
"s_008um_00097_00707-1","EC","singlet"
"s_008um_00056_00714-1","VSM/P","singlet"
"s_008um_00118_00649-1","PT","singlet"
"s_008um_00126_00651-1","Unknown","reject"
"s_008um_00043_00692-1","Podo","singlet"
"s_008um_00092_00704-1","EC","singlet"
"s_008um_00027_00687-1","PC","doublet_certain"
"s_008um_00038_00669-1","VSM/P","singlet"
"s_008um_00084_00704-1","EC","singlet"
"s_008um_00090_00694-1","PT","doublet_certain"
"s_008um_00046_00672-1","Podo","singlet"
"s_008um_00041_00712-1","PT","singlet"
"s_008um_00038_00680-1","Podo","singlet"
"s_008um_00120_00640-1","PT","singlet"
"s_008um_00083_00704-1","EC","singlet"
"s_008um_00095_00710-1","EC","singlet"
"s_008um_00108_00676-1","EC","doublet_certain"
"s_008um_00036_00700-1","Unknown","reject"
"s_008um_00080_00676-1","DCT","singlet"
"s_008um_00114_00698-1","EC","singlet"
"s_008um_00028_00704-1","Podo","singlet"
"s_008um_00023_00697-1","EC","doublet_certain"
"s_008um_00095_00685-1","TAL","singlet"
"s_008um_00123_00693-1","PT","singlet"
"s_008um_00095_00650-1","PT","doublet_certain"
"s_008um_00090_00707-1","EC","singlet"
"s_008um_00074_00686-1","PT","singlet"
"s_008um_00058_00651-1","DCT","singlet"
"s_008um_00118_00646-1","PT","singlet"
"s_008um_00027_00682-1","FIB","singlet"
"s_008um_00112_00676-1","Podo","singlet"
"s_008um_00054_00685-1","Podo","singlet"
"s_008um_00101_00680-1","Unknown","reject"
"s_008um_00097_00657-1","PT","singlet"
"s_008um_00050_00664-1","Unknown","doublet_uncertain"
"s_008um_00083_00698-1","Unknown","reject"
"s_008um_00060_00703-1","IC","singlet"
"s_008um_00034_00687-1","Podo","singlet"
"s_008um_00023_00704-1","EC","doublet_certain"
"s_008um_00050_00688-1","Podo","singlet"
"s_008um_00013_00719-1","IC","doublet_certain"
"s_008um_00052_00692-1","IC","singlet"
"s_008um_00115_00689-1","PT","singlet"
"s_008um_00113_00697-1","EC","singlet"
"s_008um_00098_00709-1","EC","singlet"
"s_008um_00071_00691-1","Unknown","reject"
"s_008um_00053_00676-1","EC","singlet"
"s_008um_00082_00712-1","DCT","singlet"
"s_008um_00125_00643-1","PT","singlet"
"s_008um_00076_00682-1","PT","singlet"
"s_008um_00066_00664-1","PT","doublet_certain"
"s_008um_00029_00678-1","Unknown","doublet_uncertain"
"s_008um_00052_00655-1","PT","singlet"
"s_008um_00039_00686-1","Podo","doublet_certain"
"s_008um_00119_00640-1","EC","singlet"
"s_008um_00034_00662-1","EC","doublet_certain"
"s_008um_00118_00689-1","PT","singlet"
"s_008um_00093_00681-1","TAL","singlet"
"s_008um_00121_00655-1","FIB","singlet"
"s_008um_00066_00701-1","Unknown","reject"
"s_008um_00115_00650-1","PT","singlet"
"s_008um_00057_00712-1","VSM/P","doublet_certain"
"s_008um_00042_00682-1","EC","singlet"
"s_008um_00071_00648-1","PT","singlet"
"s_008um_00028_00712-1","FIB","singlet"
"s_008um_00013_00698-1","Podo","singlet"
"s_008um_00010_00696-1","EC","doublet_certain"
"s_008um_00125_00651-1","IC","singlet"
"s_008um_00067_00661-1","DCT","singlet"
"s_008um_00018_00722-1","IC","singlet"
"s_008um_00042_00692-1","Podo","singlet"
"s_008um_00099_00661-1","PT","singlet"
"s_008um_00018_00687-1","PC","singlet"
"s_008um_00035_00683-1","EC","singlet"
"s_008um_00067_00662-1","DCT","singlet"
"s_008um_00061_00683-1","Unknown","doublet_uncertain"
"s_008um_00094_00661-1","Unknown","reject"
"s_008um_00089_00685-1","PT","singlet"
"s_008um_00049_00666-1","Unknown","reject"
"s_008um_00054_00719-1","VSM/P","singlet"
"s_008um_00024_00660-1","PT","singlet"
"s_008um_00068_00705-1","PT","singlet"
"s_008um_00125_00655-1","PC","singlet"
"s_008um_00048_00696-1","IC","singlet"
"s_008um_00089_00698-1","EC","singlet"
"s_008um_00032_00704-1","Unknown","reject"
"s_008um_00118_00664-1","PT","singlet"
"s_008um_00014_00671-1","PT","singlet"
"s_008um_00026_00688-1","Unknown","reject"
"s_008um_00099_00668-1","PT","singlet"
"s_008um_00015_00713-1","Podo","doublet_certain"
"s_008um_00012_00677-1","PT","singlet"
"s_008um_00073_00700-1","PC","singlet"
"s_008um_00089_00709-1","EC","singlet"
"s_008um_00001_00700-1","Unknown","reject"
"s_008um_00009_00680-1","DCT","singlet"
"s_008um_00059_00660-1","DCT","singlet"
"s_008um_00075_00671-1","DCT","singlet"
"s_008um_00015_00703-1","Unknown","doublet_uncertain"
"s_008um_00092_00689-1","PT","singlet"
"s_008um_00053_00717-1","VSM/P","singlet"
"s_008um_00094_00671-1","PEC","singlet"
"s_008um_00030_00701-1","Podo","singlet"
"s_008um_00108_00657-1","PT","singlet"
"s_008um_00115_00700-1","Unknown","reject"
"s_008um_00125_00676-1","PEC","singlet"
"s_008um_00098_00673-1","PT","singlet"
"s_008um_00008_00686-1","Unknown","doublet_uncertain"
"s_008um_00036_00664-1","Unknown","doublet_uncertain"
"s_008um_00104_00654-1","PT","singlet"
"s_008um_00077_00664-1","PT","singlet"
"s_008um_00123_00648-1","PT","singlet"
"s_008um_00056_00683-1","Podo","doublet_certain"
"s_008um_00036_00717-1","PT","singlet"
"s_008um_00064_00703-1","PT","singlet"
"s_008um_00109_00676-1","Podo","singlet"
"s_008um_00068_00663-1","PT","singlet"
"s_008um_00085_00681-1","PT","singlet"
"s_008um_00070_00676-1","DCT","singlet"
"s_008um_00060_00661-1","DCT","singlet"
"s_008um_00041_00709-1","PT","singlet"
"s_008um_00113_00657-1","IC","singlet"
"s_008um_00100_00685-1","Unknown","reject"
"s_008um_00108_00681-1","EC","singlet"
"s_008um_00069_00672-1","DCT","singlet"
"s_008um_00075_00691-1","Unknown","reject"
"s_008um_00035_00653-1","Unknown","reject"
"s_008um_00033_00704-1","CNT","singlet"
"s_008um_00010_00688-1","Unknown","doublet_uncertain"
"s_008um_00107_00660-1","B_PL","singlet"
"s_008um_00051_00674-1","EC","singlet"
"s_008um_00111_00658-1","Unknown","reject"
"s_008um_00022_00673-1","PT","singlet"
"s_008um_00053_00662-1","PT","singlet"
"s_008um_00078_00652-1","TAL","singlet"
"s_008um_00010_00681-1","Unknown","reject"
"s_008um_00035_00705-1","Unknown","reject"
"s_008um_00113_00688-1","Podo","singlet"
"s_008um_00066_00689-1","PT","singlet"
"s_008um_00075_00694-1","FIB","singlet"
"s_008um_00024_00690-1","Unknown","reject"
"s_008um_00028_00676-1","Unknown","doublet_uncertain"
"s_008um_00059_00654-1","DCT","singlet"
"s_008um_00058_00668-1","FIB","singlet"
"s_008um_00042_00706-1","DCT","singlet"
"s_008um_00056_00715-1","VSM/P","singlet"
"s_008um_00049_00696-1","Unknown","reject"
"s_008um_00066_00671-1","Unknown","reject"
"s_008um_00061_00680-1","PC","singlet"
"s_008um_00011_00676-1","PT","singlet"
"s_008um_00111_00685-1","EC","doublet_certain"
"s_008um_00092_00676-1","Unknown","reject"
"s_008um_00122_00669-1","PEC","singlet"
"s_008um_00051_00651-1","Unknown","reject"
"s_008um_00107_00651-1","EC","singlet"
"s_008um_00018_00699-1","Podo","doublet_certain"
"s_008um_00004_00720-1","IC","singlet"
"s_008um_00042_00667-1","VSM/P","singlet"
"s_008um_00110_00639-1","Unknown","reject"
"s_008um_00069_00692-1","EC","singlet"
"s_008um_00018_00677-1","DCT","singlet"
"s_008um_00041_00689-1","EC","doublet_certain"
"s_008um_00080_00657-1","EC","singlet"
"s_008um_00031_00685-1","EC","doublet_certain"
"s_008um_00109_00667-1","FIB","singlet"
"s_008um_00037_00678-1","EC","singlet"
"s_008um_00069_00655-1","EC","singlet"
"s_008um_00028_00709-1","Unknown","reject"
"s_008um_00119_00665-1","Unknown","reject"
"s_008um_00043_00696-1","EC","singlet"
"s_008um_00010_00682-1","FIB","singlet"
"s_008um_00033_00674-1","Unknown","reject"
"s_008um_00118_00647-1","PT","singlet"
"s_008um_00116_00673-1","EC","doublet_certain"
"s_008um_00112_00699-1","FIB","doublet_certain"
"s_008um_00032_00712-1","PT","singlet"
"s_008um_00014_00719-1","IC","singlet"
"s_008um_00019_00661-1","EC","singlet"
"s_008um_00125_00694-1","PT","singlet"
"s_008um_00108_00649-1","EC","singlet"
"s_008um_00042_00700-1","IC","singlet"
"s_008um_00037_00667-1","TAL","singlet"
"s_008um_00076_00705-1","PT","singlet"
"s_008um_00084_00698-1","PT","singlet"
"s_008um_00065_00709-1","PT","singlet"
"s_008um_00038_00684-1","EC","doublet_certain"
"s_008um_00019_00659-1","Unknown","reject"
"s_008um_00001_00695-1","Podo","singlet"
"s_008um_00055_00669-1","FIB","singlet"
"s_008um_00032_00713-1","PT","singlet"
"s_008um_00045_00713-1","PT","singlet"
"s_008um_00018_00718-1","Unknown","reject"
"s_008um_00085_00674-1","DCT","singlet"
"s_008um_00035_00677-1","EC","doublet_certain"
"s_008um_00106_00655-1","PT","singlet"
"s_008um_00024_00691-1","Podo","singlet"
"s_008um_00085_00708-1","EC","singlet"
"s_008um_00042_00698-1","Unknown","reject"
"s_008um_00063_00693-1","PT","singlet"
"s_008um_00035_00678-1","EC","singlet"
"s_008um_00053_00705-1","EC","singlet"
"s_008um_00043_00664-1","PC","singlet"
"s_008um_00083_00699-1","PT","singlet"
"s_008um_00120_00679-1","Podo","singlet"
"s_008um_00009_00698-1","EC","singlet"
"s_008um_00040_00654-1","PC","singlet"
"s_008um_00091_00657-1","PT","singlet"
"s_008um_00094_00656-1","PT","singlet"
"s_008um_00099_00692-1","PT","singlet"
"s_008um_00055_00694-1","Unknown","reject"
"s_008um_00095_00707-1","EC","singlet"
"s_008um_00029_00713-1","Unknown","doublet_uncertain"
"s_008um_00064_00669-1","PT","singlet"
"s_008um_00114_00692-1","PT","singlet"
"s_008um_00038_00710-1","DCT","doublet_certain"
"s_008um_00028_00702-1","Podo","singlet"
"s_008um_00062_00703-1","IC","singlet"
"s_008um_00082_00685-1","PT","singlet"
"s_008um_00005_00674-1","PT","singlet"
"s_008um_00082_00704-1","PT","doublet_certain"
"s_008um_00012_00720-1","IC","singlet"
"s_008um_00011_00711-1","EC","singlet"
"s_008um_00100_00669-1","Unknown","doublet_uncertain"
"s_008um_00071_00700-1","Unknown","reject"
"s_008um_00074_00652-1","TAL","singlet"
"s_008um_00024_00661-1","EC","singlet"
"s_008um_00115_00704-1","Unknown","reject"
"s_008um_00011_00709-1","EC","doublet_certain"
"s_008um_00056_00687-1","Unknown","doublet_uncertain"
"s_008um_00019_00688-1","Unknown","reject"
"s_008um_00084_00686-1","PT","singlet"
"s_008um_00017_00682-1","TAL","singlet"
"s_008um_00013_00701-1","EC","singlet"
"s_008um_00081_00675-1","DCT","singlet"
"s_008um_00023_00684-1","IC","doublet_certain"
"s_008um_00065_00711-1","PT","singlet"
"s_008um_00055_00718-1","VSM/P","singlet"
"s_008um_00000_00668-1","PT","singlet"
"s_008um_00042_00710-1","Unknown","doublet_uncertain"
"s_008um_00045_00675-1","EC","doublet_certain"
"s_008um_00007_00690-1","DCT","doublet_certain"
"s_008um_00086_00683-1","Unknown","reject"
"s_008um_00104_00683-1","Podo","singlet"
"s_008um_00117_00639-1","PT","singlet"
"s_008um_00088_00679-1","FIB","singlet"
"s_008um_00009_00703-1","EC","singlet"
"s_008um_00071_00696-1","Unknown","reject"
"s_008um_00039_00697-1","Unknown","doublet_uncertain"
"s_008um_00050_00676-1","Podo","singlet"
"s_008um_00105_00667-1","PT","singlet"
"s_008um_00023_00686-1","IC","singlet"
"s_008um_00112_00702-1","B_PL","singlet"
"s_008um_00002_00700-1","VSM/P","singlet"
"s_008um_00009_00682-1","FIB","singlet"
"s_008um_00026_00699-1","EC","singlet"
"s_008um_00053_00690-1","Unknown","reject"
"s_008um_00002_00698-1","Podo","singlet"
"s_008um_00040_00686-1","EC","singlet"
"s_008um_00012_00681-1","DCT","singlet"
"s_008um_00082_00702-1","PT","singlet"
"s_008um_00021_00720-1","Unknown","reject"
"s_008um_00077_00699-1","Unknown","reject"
"s_008um_00014_00711-1","EC","doublet_certain"
"s_008um_00026_00701-1","Podo","singlet"
"s_008um_00090_00659-1","Unknown","reject"
"s_008um_00068_00684-1","Unknown","reject"
"s_008um_00061_00672-1","PT","singlet"
"s_008um_00081_00710-1","DCT","singlet"
"s_008um_00052_00687-1","Podo","singlet"
"s_008um_00107_00639-1","Unknown","reject"
"s_008um_00030_00714-1","PT","singlet"
"s_008um_00037_00700-1","CNT","singlet"
"s_008um_00022_00653-1","Unknown","reject"
"s_008um_00027_00653-1","PT","singlet"
"s_008um_00025_00674-1","PT","singlet"
"s_008um_00014_00665-1","Unknown","reject"
"s_008um_00040_00701-1","CNT","singlet"
"s_008um_00013_00671-1","PT","singlet"
"s_008um_00119_00645-1","PT","singlet"
"s_008um_00059_00652-1","DCT","singlet"
"s_008um_00091_00650-1","PT","singlet"
"s_008um_00032_00677-1","Unknown","reject"
"s_008um_00119_00704-1","Unknown","reject"
"s_008um_00096_00703-1","EC","singlet"
"s_008um_00121_00687-1","Unknown","doublet_uncertain"
"s_008um_00056_00717-1","VSM/P","singlet"
"s_008um_00027_00673-1","PT","singlet"
"s_008um_00087_00663-1","PT","singlet"
"s_008um_00026_00712-1","Unknown","reject"
"s_008um_00015_00715-1","Podo","singlet"
"s_008um_00088_00682-1","EC","singlet"
"s_008um_00030_00655-1","Unknown","doublet_uncertain"
"s_008um_00036_00709-1","PT","singlet"
"s_008um_00013_00702-1","EC","singlet"
"s_008um_00086_00670-1","PT","singlet"
"s_008um_00044_00649-1","PT","singlet"
"s_008um_00012_00668-1","PT","singlet"
"s_008um_00017_00710-1","EC","doublet_certain"
"s_008um_00053_00702-1","EC","singlet"
"s_008um_00091_00658-1","PT","singlet"
"s_008um_00041_00701-1","IC","singlet"
"s_008um_00115_00660-1","Unknown","doublet_uncertain"
"s_008um_00039_00655-1","PC","singlet"
"s_008um_00100_00652-1","PT","singlet"
"s_008um_00082_00683-1","PT","singlet"
"s_008um_00079_00690-1","EC","singlet"
"s_008um_00069_00711-1","PT","singlet"
"s_008um_00070_00699-1","PC","singlet"
"s_008um_00015_00701-1","EC","singlet"
"s_008um_00004_00702-1","EC","singlet"
"s_008um_00029_00701-1","Podo","singlet"
"s_008um_00000_00660-1","PT","singlet"
"s_008um_00050_00692-1","EC","singlet"
"s_008um_00043_00706-1","DCT","singlet"
"s_008um_00060_00651-1","TAL","singlet"
"s_008um_00023_00712-1","Podo","singlet"
"s_008um_00121_00654-1","PT","singlet"
"s_008um_00094_00663-1","PT","singlet"
"s_008um_00020_00703-1","EC","singlet"
"s_008um_00111_00703-1","B_PL","singlet"
"s_008um_00002_00722-1","EC","singlet"
"s_008um_00044_00703-1","DCT","singlet"
"s_008um_00093_00700-1","Podo","singlet"
"s_008um_00103_00650-1","PT","singlet"
"s_008um_00115_00653-1","PT","singlet"
"s_008um_00011_00666-1","PT","singlet"
"s_008um_00019_00657-1","Unknown","reject"
"s_008um_00054_00695-1","PT","singlet"
"s_008um_00031_00709-1","PT","singlet"
"s_008um_00084_00697-1","PT","singlet"
"s_008um_00106_00671-1","Podo","singlet"
"s_008um_00119_00649-1","PT","singlet"
"s_008um_00043_00687-1","EC","singlet"
"s_008um_00032_00693-1","FIB","singlet"
"s_008um_00099_00711-1","EC","singlet"
"s_008um_00000_00703-1","EC","singlet"
"s_008um_00103_00664-1","PT","singlet"
"s_008um_00034_00671-1","Unknown","reject"
"s_008um_00124_00654-1","PC","singlet"
"s_008um_00060_00676-1","PT","singlet"
"s_008um_00065_00667-1","PT","singlet"
"s_008um_00098_00664-1","PT","singlet"
"s_008um_00065_00697-1","Unknown","reject"
"s_008um_00107_00693-1","PT","singlet"
"s_008um_00048_00689-1","Podo","singlet"
"s_008um_00068_00693-1","EC","singlet"
"s_008um_00061_00670-1","PT","singlet"
"s_008um_00118_00673-1","Podo","doublet_certain"
"s_008um_00040_00673-1","EC","singlet"
"s_008um_00122_00654-1","IC","singlet"
"s_008um_00127_00670-1","Mono_Mac","singlet"
"s_008um_00122_00701-1","PT","singlet"
"s_008um_00072_00686-1","PT","singlet"
"s_008um_00092_00677-1","PT","singlet"
"s_008um_00053_00651-1","PC","singlet"
"s_008um_00107_00670-1","Podo","singlet"
"s_008um_00017_00672-1","PT","singlet"
"s_008um_00047_00698-1","Unknown","doublet_uncertain"
"s_008um_00010_00697-1","EC","singlet"
"s_008um_00127_00674-1","EC","singlet"
"s_008um_00007_00722-1","Unknown","doublet_uncertain"
"s_008um_00054_00702-1","CNT","singlet"
"s_008um_00019_00698-1","Podo","singlet"
"s_008um_00042_00673-1","EC","singlet"
"s_008um_00079_00655-1","Unknown","reject"
"s_008um_00115_00694-1","FIB","singlet"
"s_008um_00044_00716-1","EC","singlet"
"s_008um_00073_00694-1","FIB","doublet_certain"
"s_008um_00020_00715-1","Podo","singlet"
"s_008um_00084_00701-1","Unknown","reject"
"s_008um_00067_00695-1","PT","singlet"
"s_008um_00111_00646-1","Unknown","reject"
"s_008um_00119_00701-1","PT","singlet"
"s_008um_00019_00654-1","Unknown","reject"
"s_008um_00059_00694-1","PT","singlet"
"s_008um_00024_00695-1","EC","doublet_certain"
"s_008um_00015_00653-1","FIB","singlet"
"s_008um_00016_00699-1","EC","doublet_certain"
"s_008um_00110_00683-1","Podo","singlet"
"s_008um_00111_00694-1","EC","singlet"
"s_008um_00030_00659-1","PT","singlet"
"s_008um_00076_00679-1","Unknown","reject"
"s_008um_00047_00694-1","IC","singlet"
"s_008um_00080_00685-1","Mono_Mac","singlet"
"s_008um_00012_00654-1","Unknown","reject"
"s_008um_00103_00658-1","Unknown","doublet_uncertain"
"s_008um_00019_00697-1","EC","doublet_certain"
"s_008um_00047_00715-1","VSM/P","singlet"
"s_008um_00023_00701-1","EC","singlet"
"s_008um_00014_00700-1","EC","singlet"
"s_008um_00033_00690-1","Podo","singlet"
"s_008um_00030_00713-1","PT","singlet"
"s_008um_00041_00684-1","EC","doublet_certain"
"s_008um_00031_00682-1","Podo","singlet"
"s_008um_00064_00671-1","PT","singlet"
"s_008um_00087_00657-1","PT","singlet"
"s_008um_00019_00716-1","Unknown","doublet_uncertain"
"s_008um_00057_00669-1","FIB","singlet"
"s_008um_00076_00689-1","PT","singlet"
"s_008um_00046_00685-1","Podo","doublet_certain"
"s_008um_00126_00645-1","PT","singlet"
"s_008um_00034_00659-1","PT","singlet"
"s_008um_00005_00665-1","PT","singlet"
"s_008um_00105_00672-1","Podo","singlet"
"s_008um_00065_00682-1","PT","singlet"
"s_008um_00071_00692-1","EC","singlet"
"s_008um_00005_00697-1","EC","doublet_certain"
"s_008um_00099_00660-1","PT","singlet"
"s_008um_00056_00710-1","PT","singlet"
"s_008um_00122_00645-1","PT","singlet"
"s_008um_00082_00681-1","Unknown","reject"
"s_008um_00093_00711-1","Podo","singlet"
"s_008um_00086_00655-1","Unknown","reject"
"s_008um_00043_00651-1","Unknown","reject"
"s_008um_00061_00669-1","FIB","doublet_certain"
"s_008um_00126_00664-1","FIB","singlet"
"s_008um_00100_00687-1","Unknown","reject"
"s_008um_00121_00672-1","PEC","singlet"
"s_008um_00044_00684-1","EC","doublet_certain"
"s_008um_00104_00690-1","PT","singlet"
"s_008um_00039_00702-1","Unknown","reject"
"s_008um_00045_00718-1","Unknown","reject"
"s_008um_00078_00669-1","PT","singlet"
"s_008um_00007_00698-1","EC","singlet"
"s_008um_00029_00692-1","EC","doublet_certain"
"s_008um_00091_00653-1","Unknown","reject"
"s_008um_00054_00676-1","Unknown","reject"
"s_008um_00092_00667-1","PT","singlet"
"s_008um_00109_00700-1","EC","singlet"
"s_008um_00064_00691-1","PT","singlet"
"s_008um_00115_00668-1","Podo","singlet"
"s_008um_00012_00675-1","PT","singlet"
"s_008um_00083_00682-1","PT","singlet"
"s_008um_00076_00680-1","PT","singlet"
"s_008um_00091_00684-1","PT","singlet"
"s_008um_00003_00718-1","Unknown","reject"
"s_008um_00053_00654-1","Unknown","reject"
"s_008um_00127_00675-1","EC","singlet"
"s_008um_00063_00711-1","PT","singlet"
"s_008um_00017_00679-1","DCT","singlet"
"s_008um_00051_00694-1","Unknown","reject"
"s_008um_00018_00690-1","Podo","singlet"
"s_008um_00117_00667-1","Unknown","reject"
"s_008um_00022_00697-1","EC","singlet"
"s_008um_00093_00698-1","EC","singlet"
"s_008um_00093_00680-1","TAL","singlet"
"s_008um_00083_00695-1","FIB","singlet"
"s_008um_00120_00698-1","PT","singlet"
"s_008um_00034_00707-1","PT","singlet"
"s_008um_00066_00683-1","PT","singlet"
"s_008um_00117_00691-1","PT","singlet"
"s_008um_00122_00686-1","B_PL","doublet_certain"
"s_008um_00062_00715-1","Unknown","reject"
"s_008um_00044_00696-1","Unknown","doublet_uncertain"
"s_008um_00112_00695-1","EC","singlet"
"s_008um_00020_00673-1","Unknown","reject"
"s_008um_00116_00705-1","B_PL","singlet"
"s_008um_00110_00669-1","Podo","doublet_certain"
"s_008um_00081_00692-1","FIB","singlet"
"s_008um_00120_00689-1","PT","singlet"
"s_008um_00061_00695-1","PT","doublet_certain"
"s_008um_00112_00681-1","EC","doublet_certain"
"s_008um_00114_00652-1","PT","singlet"
"s_008um_00121_00667-1","EC","singlet"
"s_008um_00055_00716-1","VSM/P","singlet"
"s_008um_00037_00680-1","EC","singlet"
"s_008um_00112_00677-1","Podo","singlet"
"s_008um_00080_00686-1","EC","singlet"
"s_008um_00057_00697-1","Unknown","reject"
"s_008um_00041_00713-1","PT","singlet"
"s_008um_00045_00659-1","Unknown","reject"
"s_008um_00036_00714-1","PT","singlet"
"s_008um_00044_00655-1","Unknown","reject"
"s_008um_00014_00717-1","Unknown","doublet_uncertain"
"s_008um_00069_00694-1","Unknown","reject"
"s_008um_00057_00718-1","VSM/P","singlet"
"s_008um_00006_00691-1","DCT","singlet"
"s_008um_00013_00654-1","PT","singlet"
"s_008um_00011_00712-1","EC","doublet_certain"
"s_008um_00126_00694-1","Unknown","reject"
"s_008um_00095_00656-1","PT","singlet"
"s_008um_00111_00686-1","Podo","singlet"
"s_008um_00052_00719-1","VSM/P","singlet"
"s_008um_00006_00688-1","EC","doublet_certain"
"s_008um_00021_00685-1","TAL","singlet"
"s_008um_00120_00666-1","Mono_Mac","singlet"
"s_008um_00028_00670-1","PT","singlet"
"s_008um_00003_00668-1","PT","singlet"
"s_008um_00012_00694-1","Podo","doublet_certain"
"s_008um_00100_00655-1","PT","singlet"
"s_008um_00077_00651-1","TAL","singlet"
"s_008um_00005_00716-1","Unknown","reject"
"s_008um_00123_00666-1","Unknown","doublet_uncertain"
"s_008um_00087_00681-1","FIB","singlet"
"s_008um_00039_00666-1","Unknown","doublet_uncertain"
"s_008um_00122_00644-1","EC","singlet"
"s_008um_00038_00713-1","PT","singlet"
"s_008um_00028_00710-1","FIB","singlet"
"s_008um_00040_00670-1","EC","singlet"
"s_008um_00090_00681-1","TAL","singlet"
"s_008um_00104_00685-1","Podo","doublet_certain"
"s_008um_00127_00671-1","B_PL","singlet"
"s_008um_00068_00699-1","Unknown","reject"
"s_008um_00013_00712-1","EC","singlet"
"s_008um_00004_00698-1","Podo","singlet"
"s_008um_00006_00706-1","Podo","doublet_certain"
"s_008um_00093_00669-1","B_PL","singlet"
"s_008um_00123_00639-1","Unknown","reject"
"s_008um_00034_00697-1","Unknown","doublet_uncertain"
"s_008um_00026_00704-1","EC","singlet"
"s_008um_00009_00696-1","EC","singlet"
"s_008um_00057_00681-1","PEC","singlet"
"s_008um_00032_00703-1","Unknown","doublet_uncertain"
"s_008um_00042_00649-1","Unknown","reject"
"s_008um_00126_00689-1","PT","singlet"
"s_008um_00001_00690-1","PT","singlet"
"s_008um_00002_00713-1","Unknown","reject"
"s_008um_00126_00647-1","Mono_Mac","singlet"
"s_008um_00009_00681-1","DCT","singlet"
"s_008um_00109_00692-1","PT","singlet"
"s_008um_00061_00661-1","DCT","singlet"
"s_008um_00031_00695-1","Podo","singlet"
"s_008um_00082_00672-1","DCT","singlet"
"s_008um_00036_00665-1","Unknown","reject"
"s_008um_00044_00686-1","EC","singlet"
"s_008um_00066_00714-1","Unknown","reject"
"s_008um_00060_00659-1","DCT","singlet"
"s_008um_00107_00694-1","PT","singlet"
"s_008um_00055_00655-1","Unknown","reject"
"s_008um_00089_00701-1","Unknown","reject"
"s_008um_00045_00682-1","EC","singlet"
"s_008um_00122_00641-1","PT","singlet"
"s_008um_00065_00670-1","PT","singlet"
"s_008um_00053_00683-1","Podo","singlet"
"s_008um_00036_00674-1","VSM/P","singlet"
"s_008um_00051_00661-1","PC","doublet_certain"
"s_008um_00084_00684-1","Unknown","reject"
"s_008um_00121_00653-1","PT","singlet"
"s_008um_00090_00696-1","FIB","singlet"
"s_008um_00050_00693-1","IC","singlet"
"s_008um_00089_00686-1","Unknown","reject"
"s_008um_00041_00688-1","EC","doublet_certain"
"s_008um_00009_00686-1","Unknown","reject"
"s_008um_00034_00658-1","PT","singlet"
"s_008um_00125_00650-1","IC","singlet"
"s_008um_00092_00668-1","B_PL","singlet"
"s_008um_00061_00667-1","PT","singlet"
"s_008um_00122_00657-1","EC","singlet"
"s_008um_00035_00699-1","Unknown","doublet_uncertain"
"s_008um_00050_00683-1","Podo","doublet_certain"
"s_008um_00079_00662-1","PT","singlet"
"s_008um_00022_00674-1","PT","singlet"
"s_008um_00083_00707-1","EC","singlet"
"s_008um_00048_00697-1","IC","singlet"
"s_008um_00060_00684-1","IC","doublet_certain"
"s_008um_00044_00666-1","FIB","doublet_certain"
"s_008um_00076_00685-1","PT","singlet"
"s_008um_00010_00721-1","EC","singlet"
"s_008um_00102_00649-1","PT","singlet"
"s_008um_00035_00660-1","PT","singlet"
"s_008um_00027_00665-1","PT","singlet"
"s_008um_00117_00677-1","Podo","singlet"
"s_008um_00057_00690-1","PT","singlet"
"s_008um_00022_00701-1","EC","singlet"
"s_008um_00108_00653-1","FIB","singlet"
"s_008um_00008_00685-1","DCT","singlet"
"s_008um_00073_00646-1","Unknown","reject"
"s_008um_00044_00700-1","DCT","singlet"
"s_008um_00084_00683-1","FIB","singlet"
"s_008um_00099_00689-1","PT","singlet"
"s_008um_00045_00695-1","IC","singlet"
"s_008um_00064_00654-1","DCT","singlet"
"s_008um_00108_00656-1","PT","singlet"
"s_008um_00054_00704-1","FIB","singlet"
"s_008um_00024_00717-1","EC","doublet_certain"
"s_008um_00005_00713-1","Podo","doublet_certain"
"s_008um_00076_00678-1","Unknown","reject"
"s_008um_00047_00669-1","Unknown","doublet_uncertain"
"s_008um_00067_00694-1","Unknown","reject"
"s_008um_00125_00690-1","PT","singlet"
"s_008um_00126_00684-1","Unknown","reject"
"s_008um_00076_00707-1","PT","singlet"
"s_008um_00118_00640-1","Unknown","reject"
"s_008um_00090_00691-1","PT","singlet"
"s_008um_00084_00702-1","EC","doublet_certain"
"s_008um_00120_00696-1","PT","singlet"
"s_008um_00035_00701-1","Unknown","reject"
"s_008um_00099_00662-1","PT","doublet_certain"
"s_008um_00091_00663-1","Unknown","reject"
"s_008um_00054_00717-1","VSM/P","singlet"
"s_008um_00101_00678-1","FIB","singlet"
"s_008um_00054_00691-1","Unknown","reject"
"s_008um_00056_00675-1","Unknown","reject"
"s_008um_00026_00709-1","Podo","doublet_certain"
"s_008um_00089_00707-1","EC","singlet"
"s_008um_00092_00708-1","EC","singlet"
"s_008um_00100_00702-1","EC","singlet"
"s_008um_00082_00661-1","EC","singlet"
"s_008um_00120_00676-1","EC","doublet_certain"
"s_008um_00116_00650-1","PT","singlet"
"s_008um_00103_00659-1","Unknown","reject"
"s_008um_00008_00665-1","PT","singlet"
"s_008um_00084_00651-1","PT","singlet"
"s_008um_00118_00648-1","Unknown","reject"
"s_008um_00093_00694-1","Unknown","doublet_uncertain"
"s_008um_00010_00654-1","EC","singlet"
"s_008um_00044_00678-1","Podo","doublet_certain"
"s_008um_00085_00679-1","DCT","singlet"
"s_008um_00019_00658-1","PT","singlet"
"s_008um_00059_00711-1","PT","singlet"
"s_008um_00106_00683-1","Podo","singlet"
"s_008um_00126_00640-1","PT","singlet"
"s_008um_00099_00667-1","Unknown","reject"
"s_008um_00051_00664-1","B_PL","singlet"
"s_008um_00073_00698-1","IC","singlet"
"s_008um_00050_00711-1","VSM/P","singlet"
"s_008um_00056_00658-1","DCT","doublet_certain"
"s_008um_00062_00673-1","PT","singlet"
"s_008um_00007_00697-1","EC","doublet_certain"
"s_008um_00078_00689-1","EC","doublet_certain"
"s_008um_00032_00665-1","PT","singlet"
"s_008um_00021_00714-1","Podo","singlet"
"s_008um_00088_00670-1","PT","singlet"
"s_008um_00004_00660-1","PT","singlet"
"s_008um_00020_00686-1","IC","singlet"
"s_008um_00088_00677-1","Unknown","reject"
"s_008um_00055_00672-1","Podo","singlet"
"s_008um_00035_00663-1","PT","singlet"
"s_008um_00028_00683-1","Podo","doublet_certain"
"s_008um_00059_00688-1","FIB","singlet"
"s_008um_00013_00680-1","DCT","singlet"
"s_008um_00056_00720-1","Unknown","reject"
"s_008um_00105_00684-1","Podo","doublet_certain"
"s_008um_00011_00664-1","PT","singlet"
"s_008um_00024_00693-1","Podo","singlet"
"s_008um_00054_00657-1","Unknown","reject"
"s_008um_00000_00704-1","EC","singlet"
"s_008um_00015_00678-1","DCT","singlet"
"s_008um_00031_00677-1","VSM/P","singlet"
"s_008um_00071_00676-1","DCT","singlet"
"s_008um_00048_00653-1","Unknown","reject"
"s_008um_00033_00680-1","Podo","singlet"
"s_008um_00021_00674-1","PT","singlet"
"s_008um_00084_00645-1","PC","singlet"
"s_008um_00126_00668-1","Unknown","reject"
"s_008um_00074_00665-1","PT","singlet"
"s_008um_00071_00675-1","DCT","singlet"
"s_008um_00082_00694-1","Unknown","reject"
"s_008um_00106_00667-1","PT","singlet"
"s_008um_00072_00681-1","Unknown","reject"
"s_008um_00063_00699-1","Unknown","doublet_uncertain"
"s_008um_00067_00680-1","PT","singlet"
"s_008um_00015_00716-1","Podo","singlet"
"s_008um_00062_00653-1","DCT","singlet"
"s_008um_00027_00695-1","Podo","singlet"
"s_008um_00098_00703-1","EC","singlet"
"s_008um_00029_00659-1","Unknown","reject"
"s_008um_00103_00670-1","PT","doublet_certain"
"s_008um_00008_00667-1","PT","singlet"
"s_008um_00076_00713-1","PT","singlet"
"s_008um_00041_00685-1","EC","singlet"
"s_008um_00096_00670-1","EC","singlet"
"s_008um_00064_00684-1","PT","singlet"
"s_008um_00091_00709-1","EC","singlet"
"s_008um_00114_00675-1","EC","singlet"
"s_008um_00016_00708-1","Podo","doublet_certain"
"s_008um_00034_00706-1","Unknown","reject"
"s_008um_00055_00713-1","VSM/P","singlet"
"s_008um_00087_00665-1","PT","singlet"
"s_008um_00093_00688-1","PT","singlet"
"s_008um_00064_00692-1","PT","singlet"
"s_008um_00073_00683-1","PT","singlet"
"s_008um_00000_00706-1","Unknown","reject"
"s_008um_00105_00692-1","FIB","doublet_certain"
"s_008um_00116_00704-1","EC","singlet"
"s_008um_00060_00695-1","PT","singlet"
"s_008um_00083_00652-1","PT","singlet"
"s_008um_00055_00707-1","PT","singlet"
"s_008um_00096_00687-1","PT","singlet"
"s_008um_00031_00718-1","PT","singlet"
"s_008um_00038_00715-1","PT","singlet"
"s_008um_00116_00681-1","Podo","singlet"
"s_008um_00026_00720-1","Unknown","reject"
"s_008um_00092_00697-1","EC","singlet"
"s_008um_00001_00705-1","EC","singlet"
"s_008um_00028_00689-1","Unknown","doublet_uncertain"
"s_008um_00062_00657-1","DCT","singlet"
"s_008um_00006_00716-1","Podo","singlet"
"s_008um_00015_00685-1","IC","singlet"
"s_008um_00078_00659-1","EC","singlet"
"s_008um_00098_00690-1","PT","singlet"
"s_008um_00106_00706-1","Unknown","reject"
"s_008um_00048_00709-1","EC","singlet"
"s_008um_00053_00709-1","FIB","singlet"
"s_008um_00088_00705-1","EC","singlet"
"s_008um_00104_00701-1","EC","singlet"
"s_008um_00110_00644-1","PT","singlet"
"s_008um_00074_00703-1","PT","singlet"
"s_008um_00078_00654-1","EC","singlet"
"s_008um_00022_00717-1","Podo","singlet"
"s_008um_00007_00663-1","PT","singlet"
"s_008um_00000_00698-1","Unknown","doublet_uncertain"
"s_008um_00114_00671-1","Podo","singlet"
"s_008um_00067_00709-1","PT","singlet"
"s_008um_00040_00656-1","TAL","singlet"
"s_008um_00016_00715-1","Podo","singlet"
"s_008um_00126_00675-1","EC","singlet"
"s_008um_00069_00656-1","PT","singlet"
"s_008um_00041_00656-1","TAL","singlet"
"s_008um_00074_00671-1","DCT","singlet"
"s_008um_00057_00664-1","PT","singlet"
"s_008um_00004_00708-1","Podo","doublet_certain"
"s_008um_00018_00691-1","EC","singlet"
"s_008um_00045_00690-1","Podo","singlet"
"s_008um_00020_00671-1","Neutro","singlet"
"s_008um_00076_00655-1","PT","singlet"
"s_008um_00058_00654-1","DCT","singlet"
"s_008um_00075_00676-1","DCT","singlet"
"s_008um_00016_00658-1","PT","singlet"
"s_008um_00048_00712-1","VSM/P","singlet"
"s_008um_00077_00665-1","PT","singlet"
"s_008um_00072_00704-1","Unknown","reject"
"s_008um_00006_00699-1","EC","singlet"
"s_008um_00004_00682-1","DCT","singlet"
"s_008um_00014_00702-1","Podo","singlet"
"s_008um_00031_00669-1","PT","singlet"
"s_008um_00105_00680-1","EC","doublet_certain"
"s_008um_00026_00685-1","IC","singlet"
"s_008um_00111_00655-1","Mono_Mac","singlet"
"s_008um_00087_00674-1","DCT","singlet"
"s_008um_00007_00709-1","Podo","singlet"
"s_008um_00093_00668-1","Unknown","reject"
"s_008um_00090_00686-1","Unknown","reject"
"s_008um_00067_00667-1","PT","singlet"
"s_008um_00016_00686-1","IC","doublet_certain"
"s_008um_00067_00708-1","Unknown","reject"
"s_008um_00090_00703-1","EC","singlet"
"s_008um_00097_00690-1","PT","singlet"
"s_008um_00071_00665-1","PT","singlet"
"s_008um_00010_00722-1","Unknown","doublet_uncertain"
"s_008um_00020_00695-1","EC","doublet_certain"
"s_008um_00012_00658-1","EC","singlet"
"s_008um_00024_00696-1","Podo","doublet_certain"
"s_008um_00036_00677-1","EC","doublet_certain"
"s_008um_00074_00675-1","DCT","singlet"
"s_008um_00025_00707-1","EC","singlet"
"s_008um_00058_00679-1","FIB","singlet"
"s_008um_00119_00642-1","PT","singlet"
"s_008um_00039_00691-1","Podo","singlet"
"s_008um_00061_00652-1","DCT","singlet"
"s_008um_00031_00678-1","Unknown","reject"
"s_008um_00106_00654-1","FIB","singlet"
"s_008um_00061_00690-1","PT","singlet"
"s_008um_00055_00709-1","FIB","doublet_certain"
"s_008um_00048_00649-1","PapE","singlet"
"s_008um_00042_00654-1","Unknown","reject"
"s_008um_00087_00658-1","PT","singlet"
"s_008um_00090_00708-1","EC","singlet"
"s_008um_00031_00679-1","Podo","singlet"
"s_008um_00056_00688-1","PT","singlet"
"s_008um_00051_00703-1","Unknown","reject"
"s_008um_00115_00685-1","Podo","singlet"
"s_008um_00015_00677-1","DCT","singlet"
"s_008um_00111_00660-1","Unknown","reject"
"s_008um_00028_00658-1","PT","singlet"
"s_008um_00050_00706-1","EC","singlet"
"s_008um_00099_00706-1","Unknown","reject"
"s_008um_00001_00716-1","PT","singlet"
"s_008um_00031_00699-1","PEC","singlet"
"s_008um_00063_00701-1","PC","singlet"
"s_008um_00110_00701-1","Unknown","reject"
"s_008um_00065_00672-1","PT","singlet"
"s_008um_00120_00688-1","PT","singlet"
"s_008um_00087_00649-1","PT","singlet"
"s_008um_00002_00718-1","Unknown","reject"
"s_008um_00008_00697-1","EC","singlet"
"s_008um_00090_00697-1","Unknown","reject"
"s_008um_00042_00679-1","EC","singlet"
"s_008um_00071_00697-1","PC","singlet"
"s_008um_00107_00644-1","Unknown","reject"
"s_008um_00027_00680-1","FIB","doublet_certain"
"s_008um_00045_00686-1","EC","singlet"
"s_008um_00060_00680-1","PC","doublet_certain"
"s_008um_00046_00692-1","EC","singlet"
"s_008um_00030_00700-1","Podo","singlet"
"s_008um_00110_00699-1","Unknown","reject"
"s_008um_00118_00677-1","Podo","singlet"
"s_008um_00066_00690-1","PT","singlet"
"s_008um_00041_00717-1","Unknown","reject"
"s_008um_00084_00688-1","PT","singlet"
"s_008um_00003_00680-1","DCT","singlet"
"s_008um_00105_00649-1","PT","singlet"
"s_008um_00101_00681-1","VSM/P","doublet_certain"
"s_008um_00042_00699-1","IC","singlet"
"s_008um_00032_00655-1","PT","singlet"
"s_008um_00114_00703-1","B_PL","singlet"
"s_008um_00117_00700-1","PT","singlet"
"s_008um_00086_00691-1","PT","singlet"
"s_008um_00000_00659-1","PT","singlet"
"s_008um_00010_00705-1","Unknown","doublet_uncertain"
"s_008um_00104_00663-1","PT","singlet"
"s_008um_00092_00688-1","PT","singlet"
"s_008um_00069_00688-1","Unknown","reject"
"s_008um_00084_00690-1","PT","singlet"
"s_008um_00055_00706-1","Unknown","reject"
"s_008um_00001_00713-1","PT","singlet"
"s_008um_00108_00672-1","Podo","singlet"
"s_008um_00019_00685-1","Unknown","reject"
"s_008um_00081_00655-1","PT","singlet"
"s_008um_00026_00694-1","Podo","singlet"
"s_008um_00095_00687-1","Unknown","reject"
"s_008um_00053_00677-1","EC","singlet"
"s_008um_00114_00696-1","EC","singlet"
"s_008um_00074_00691-1","EC","singlet"
"s_008um_00054_00706-1","Unknown","reject"
"s_008um_00099_00663-1","PT","singlet"
"s_008um_00076_00714-1","PT","singlet"
"s_008um_00111_00654-1","PT","singlet"
"s_008um_00026_00680-1","IC","singlet"
"s_008um_00065_00698-1","IC","singlet"
"s_008um_00082_00671-1","DCT","singlet"
"s_008um_00083_00696-1","EC","singlet"
"s_008um_00118_00684-1","Unknown","doublet_uncertain"
"s_008um_00126_00653-1","PC","singlet"
"s_008um_00104_00650-1","PT","singlet"
"s_008um_00082_00673-1","EC","doublet_certain"
"s_008um_00068_00672-1","DCT","singlet"
"s_008um_00072_00674-1","DCT","singlet"
"s_008um_00121_00641-1","EC","singlet"
"s_008um_00116_00687-1","PT","singlet"
"s_008um_00060_00698-1","Unknown","reject"
"s_008um_00003_00677-1","DCT","singlet"
"s_008um_00029_00697-1","Podo","singlet"
"s_008um_00107_00696-1","FIB","singlet"
"s_008um_00002_00708-1","EC","doublet_certain"
"s_008um_00082_00668-1","PT","singlet"
"s_008um_00116_00697-1","Unknown","reject"
"s_008um_00013_00677-1","PT","singlet"
"s_008um_00050_00720-1","Unknown","reject"
"s_008um_00036_00686-1","Podo","singlet"
"s_008um_00008_00666-1","Unknown","reject"
"s_008um_00081_00665-1","PT","singlet"
"s_008um_00041_00686-1","EC","singlet"
"s_008um_00012_00696-1","EC","doublet_certain"
"s_008um_00067_00683-1","PT","singlet"
"s_008um_00053_00668-1","FIB","doublet_certain"
"s_008um_00015_00722-1","Unknown","doublet_uncertain"
"s_008um_00097_00710-1","EC","singlet"
"s_008um_00017_00686-1","IC","singlet"
"s_008um_00095_00652-1","Unknown","reject"
"s_008um_00116_00657-1","PC","singlet"
"s_008um_00000_00673-1","PT","doublet_certain"
"s_008um_00109_00640-1","EC","singlet"
"s_008um_00033_00697-1","Unknown","doublet_uncertain"
"s_008um_00002_00691-1","DCT","singlet"
"s_008um_00004_00678-1","DCT","singlet"
"s_008um_00041_00657-1","Unknown","reject"
"s_008um_00118_00672-1","Podo","singlet"
"s_008um_00009_00657-1","Unknown","reject"
"s_008um_00002_00703-1","EC","singlet"
"s_008um_00040_00684-1","EC","singlet"
"s_008um_00058_00692-1","PT","singlet"
"s_008um_00025_00718-1","Unknown","reject"
"s_008um_00088_00700-1","EC","singlet"
"s_008um_00051_00663-1","B_PL","singlet"
"s_008um_00071_00713-1","PT","singlet"
"s_008um_00024_00719-1","Unknown","reject"
"s_008um_00043_00674-1","EC","singlet"
"s_008um_00005_00712-1","Podo","doublet_certain"
"s_008um_00065_00663-1","Unknown","reject"
"s_008um_00060_00719-1","Unknown","reject"
"s_008um_00122_00675-1","Podo","singlet"
"s_008um_00026_00658-1","PT","singlet"
"s_008um_00118_00686-1","B_PL","singlet"
"s_008um_00008_00711-1","Podo","doublet_certain"
"s_008um_00056_00698-1","Unknown","reject"
"s_008um_00104_00660-1","FIB","singlet"
"s_008um_00024_00714-1","Podo","singlet"
"s_008um_00038_00668-1","Unknown","reject"
"s_008um_00097_00708-1","EC","singlet"
"s_008um_00113_00665-1","Unknown","reject"
"s_008um_00087_00687-1","PT","singlet"
"s_008um_00011_00671-1","PT","singlet"
"s_008um_00091_00648-1","PT","singlet"
"s_008um_00089_00704-1","Unknown","reject"
"s_008um_00008_00710-1","Podo","doublet_certain"
"s_008um_00044_00698-1","IC","singlet"
"s_008um_00074_00668-1","PT","singlet"
"s_008um_00055_00683-1","Podo","singlet"
"s_008um_00000_00667-1","FIB","doublet_certain"
"s_008um_00017_00701-1","Unknown","reject"
"s_008um_00117_00679-1","Podo","doublet_certain"
"s_008um_00119_00657-1","EC","singlet"
"s_008um_00028_00680-1","Unknown","reject"
"s_008um_00027_00683-1","FIB","doublet_certain"
"s_008um_00007_00693-1","Podo","singlet"
"s_008um_00097_00706-1","Podo","singlet"
"s_008um_00042_00655-1","Unknown","reject"
"s_008um_00025_00695-1","Podo","singlet"
"s_008um_00124_00650-1","Unknown","reject"
"s_008um_00072_00701-1","PC","singlet"
"s_008um_00012_00721-1","IC","singlet"
"s_008um_00010_00672-1","PT","singlet"
"s_008um_00090_00706-1","EC","singlet"
"s_008um_00017_00680-1","DCT","singlet"
"s_008um_00056_00654-1","Unknown","reject"
"s_008um_00041_00673-1","EC","singlet"
"s_008um_00051_00677-1","EC","doublet_certain"
"s_008um_00008_00716-1","Podo","singlet"
"s_008um_00000_00675-1","PT","singlet"
"s_008um_00019_00713-1","Podo","singlet"
"s_008um_00090_00653-1","Unknown","reject"
"s_008um_00074_00705-1","PT","singlet"
"s_008um_00103_00641-1","Unknown","reject"
"s_008um_00072_00695-1","Unknown","doublet_uncertain"
"s_008um_00075_00653-1","TAL","singlet"
"s_008um_00020_00714-1","Podo","singlet"
"s_008um_00090_00664-1","VSM/P","singlet"
"s_008um_00112_00646-1","EC","singlet"
"s_008um_00117_00663-1","PT","singlet"
"s_008um_00092_00694-1","FIB","doublet_certain"
"s_008um_00102_00688-1","PT","singlet"
"s_008um_00039_00682-1","Podo","singlet"
"s_008um_00123_00701-1","PT","singlet"
"s_008um_00027_00696-1","Podo","singlet"
"s_008um_00049_00711-1","VSM/P","singlet"
"s_008um_00077_00706-1","PT","singlet"
"s_008um_00125_00644-1","PT","singlet"
"s_008um_00008_00699-1","EC","doublet_certain"
"s_008um_00127_00657-1","Unknown","reject"
"s_008um_00091_00692-1","PT","singlet"
"s_008um_00041_00697-1","EC","doublet_certain"
"s_008um_00062_00711-1","PT","singlet"
"s_008um_00040_00661-1","PT","singlet"
"s_008um_00127_00688-1","PT","singlet"
"s_008um_00105_00669-1","Unknown","reject"
"s_008um_00071_00689-1","Unknown","reject"
"s_008um_00009_00720-1","Unknown","doublet_uncertain"
"s_008um_00124_00665-1","Unknown","reject"
"s_008um_00086_00695-1","PT","singlet"
"s_008um_00050_00695-1","IC","singlet"
"s_008um_00073_00653-1","EC","singlet"
"s_008um_00019_00719-1","IC","singlet"
"s_008um_00040_00679-1","EC","singlet"
"s_008um_00069_00673-1","DCT","singlet"
"s_008um_00066_00673-1","Unknown","reject"
"s_008um_00048_00717-1","EC","singlet"
"s_008um_00026_00677-1","Unknown","reject"
"s_008um_00076_00693-1","FIB","singlet"
"s_008um_00118_00656-1","PT","singlet"
"s_008um_00104_00698-1","Unknown","reject"
"s_008um_00101_00660-1","PT","singlet"
"s_008um_00022_00676-1","PT","singlet"
"s_008um_00019_00708-1","EC","singlet"
"s_008um_00119_00673-1","Podo","doublet_certain"
"s_008um_00054_00715-1","VSM/P","singlet"
"s_008um_00080_00665-1","PT","singlet"
"s_008um_00100_00641-1","Unknown","reject"
"s_008um_00043_00713-1","PT","singlet"
"s_008um_00091_00704-1","EC","singlet"
"s_008um_00051_00676-1","Podo","doublet_certain"
"s_008um_00063_00653-1","DCT","singlet"
"s_008um_00037_00702-1","IC","singlet"
"s_008um_00064_00682-1","Unknown","reject"
"s_008um_00117_00664-1","PT","singlet"
"s_008um_00091_00654-1","FIB","doublet_certain"
"s_008um_00113_00702-1","B_PL","singlet"
"s_008um_00034_00653-1","PC","singlet"
"s_008um_00113_00704-1","B_PL","singlet"
"s_008um_00002_00666-1","PT","singlet"
"s_008um_00095_00670-1","VSM/P","singlet"
"s_008um_00007_00672-1","PT","singlet"
"s_008um_00046_00660-1","Unknown","reject"
"s_008um_00040_00699-1","Unknown","reject"
"s_008um_00051_00678-1","EC","singlet"
"s_008um_00100_00691-1","PT","singlet"
"s_008um_00033_00713-1","PT","singlet"
"s_008um_00036_00694-1","IC","singlet"
"s_008um_00024_00683-1","CNT","singlet"
"s_008um_00084_00680-1","FIB","singlet"
"s_008um_00038_00714-1","PT","singlet"
"s_008um_00115_00651-1","PT","singlet"
"s_008um_00123_00647-1","Unknown","reject"
"s_008um_00025_00717-1","Unknown","doublet_uncertain"
"s_008um_00104_00646-1","PT","singlet"
"s_008um_00069_00657-1","PT","singlet"
"s_008um_00007_00667-1","PT","singlet"
"s_008um_00118_00704-1","Unknown","reject"
"s_008um_00072_00652-1","EC","singlet"
"s_008um_00110_00696-1","Unknown","reject"
"s_008um_00016_00710-1","Podo","doublet_certain"
"s_008um_00088_00656-1","PT","singlet"
"s_008um_00002_00712-1","Unknown","reject"
"s_008um_00087_00689-1","PT","singlet"
"s_008um_00121_00676-1","Podo","singlet"
"s_008um_00036_00657-1","PT","singlet"
"s_008um_00124_00670-1","EC","doublet_certain"
"s_008um_00077_00673-1","DCT","singlet"
"s_008um_00069_00668-1","PT","singlet"
"s_008um_00077_00711-1","PT","singlet"
"s_008um_00091_00701-1","Podo","singlet"
"s_008um_00036_00718-1","PT","singlet"
"s_008um_00082_00692-1","FIB","singlet"
"s_008um_00053_00653-1","Unknown","reject"
"s_008um_00021_00689-1","Unknown","doublet_uncertain"
"s_008um_00022_00722-1","Unknown","reject"
"s_008um_00016_00690-1","EC","doublet_certain"
"s_008um_00033_00717-1","PT","singlet"
"s_008um_00079_00691-1","EC","singlet"
"s_008um_00027_00674-1","PT","singlet"
"s_008um_00112_00664-1","PT","singlet"
"s_008um_00101_00702-1","EC","singlet"
"s_008um_00124_00651-1","PC","singlet"
"s_008um_00062_00648-1","EC","singlet"
"s_008um_00104_00675-1","Podo","singlet"
"s_008um_00070_00703-1","PT","singlet"
"s_008um_00075_00674-1","DCT","doublet_certain"
"s_008um_00043_00665-1","PC","doublet_certain"
"s_008um_00003_00722-1","IC","singlet"
"s_008um_00033_00699-1","Mono_Mac","doublet_certain"
"s_008um_00110_00704-1","Unknown","doublet_uncertain"
"s_008um_00037_00664-1","TAL","singlet"
"s_008um_00094_00702-1","EC","singlet"
"s_008um_00121_00694-1","PT","singlet"
"s_008um_00119_00682-1","Podo","singlet"
"s_008um_00058_00699-1","IC","singlet"
"s_008um_00099_00686-1","VSM/P","singlet"
"s_008um_00083_00686-1","Unknown","reject"
"s_008um_00104_00656-1","PT","singlet"
"s_008um_00116_00648-1","PT","singlet"
"s_008um_00073_00662-1","PT","singlet"
"s_008um_00109_00675-1","EC","singlet"
"s_008um_00008_00698-1","EC","singlet"
"s_008um_00093_00713-1","EC","singlet"
"s_008um_00093_00691-1","PT","singlet"
"s_008um_00090_00688-1","EC","singlet"
"s_008um_00061_00715-1","VSM/P","singlet"
"s_008um_00085_00675-1","DCT","singlet"
"s_008um_00026_00676-1","Unknown","doublet_uncertain"
"s_008um_00030_00661-1","Unknown","reject"
"s_008um_00091_00677-1","EC","singlet"
"s_008um_00041_00662-1","EC","singlet"
"s_008um_00025_00678-1","Unknown","reject"
"s_008um_00039_00693-1","Unknown","doublet_uncertain"
"s_008um_00121_00640-1","Unknown","reject"
"s_008um_00094_00697-1","EC","singlet"
"s_008um_00075_00661-1","FIB","singlet"
"s_008um_00044_00688-1","EC","singlet"
"s_008um_00058_00719-1","VSM/P","singlet"
"s_008um_00017_00700-1","EC","doublet_certain"
"s_008um_00015_00668-1","PT","singlet"
"s_008um_00099_00656-1","PT","singlet"
"s_008um_00095_00668-1","PT","singlet"
"s_008um_00116_00686-1","Unknown","reject"
"s_008um_00110_00662-1","PT","singlet"
"s_008um_00113_00668-1","Podo","singlet"
"s_008um_00052_00678-1","EC","singlet"
"s_008um_00112_00661-1","PT","singlet"
"s_008um_00124_00694-1","PT","singlet"
"s_008um_00023_00671-1","PT","singlet"
"s_008um_00059_00655-1","DCT","singlet"
"s_008um_00052_00695-1","PT","singlet"
"s_008um_00050_00705-1","FIB","singlet"
"s_008um_00001_00702-1","EC","singlet"
"s_008um_00099_00708-1","EC","singlet"
"s_008um_00101_00652-1","PT","singlet"
"s_008um_00079_00652-1","PT","singlet"
"s_008um_00065_00666-1","PT","singlet"
"s_008um_00059_00684-1","PC","singlet"
"s_008um_00037_00662-1","PT","singlet"
"s_008um_00078_00711-1","PT","doublet_certain"
"s_008um_00073_00680-1","PT","singlet"
"s_008um_00054_00688-1","EC","doublet_certain"
"s_008um_00120_00660-1","PT","singlet"
"s_008um_00068_00661-1","DCT","singlet"
"s_008um_00086_00653-1","PT","singlet"
"s_008um_00004_00706-1","Podo","doublet_certain"
"s_008um_00045_00660-1","IC","singlet"
"s_008um_00059_00682-1","IC","doublet_certain"
"s_008um_00044_00693-1","FIB","singlet"
"s_008um_00074_00697-1","Unknown","doublet_uncertain"
"s_008um_00027_00666-1","PT","singlet"
"s_008um_00081_00683-1","PT","singlet"
"s_008um_00103_00680-1","VSM/P","doublet_certain"
"s_008um_00061_00698-1","Unknown","reject"
"s_008um_00119_00658-1","EC","singlet"
"s_008um_00045_00681-1","Podo","singlet"
"s_008um_00059_00719-1","VSM/P","singlet"
"s_008um_00016_00655-1","PT","singlet"
"s_008um_00121_00689-1","Mono_Mac","singlet"
"s_008um_00088_00710-1","EC","singlet"
"s_008um_00048_00652-1","B_PL","singlet"
"s_008um_00098_00663-1","FIB","singlet"
"s_008um_00042_00660-1","PC","singlet"
"s_008um_00108_00698-1","Unknown","reject"
"s_008um_00072_00683-1","Unknown","reject"
"s_008um_00015_00714-1","Podo","singlet"
"s_008um_00043_00650-1","PT","singlet"
"s_008um_00100_00668-1","PT","singlet"
"s_008um_00071_00680-1","DTL","singlet"
"s_008um_00015_00683-1","TAL","singlet"
"s_008um_00119_00646-1","PT","singlet"
"s_008um_00049_00652-1","PapE","singlet"
"s_008um_00020_00679-1","DCT","singlet"
"s_008um_00037_00684-1","EC","doublet_certain"
"s_008um_00120_00646-1","PT","singlet"
"s_008um_00015_00702-1","Podo","doublet_certain"
"s_008um_00050_00680-1","EC","doublet_certain"
"s_008um_00046_00679-1","Podo","doublet_certain"
"s_008um_00050_00662-1","Unknown","reject"
"s_008um_00025_00710-1","Podo","singlet"
"s_008um_00089_00675-1","DCT","singlet"
"s_008um_00117_00659-1","Unknown","reject"
"s_008um_00083_00677-1","DCT","singlet"
"s_008um_00074_00661-1","FIB","singlet"
"s_008um_00088_00660-1","PT","singlet"
"s_008um_00048_00695-1","IC","singlet"
"s_008um_00016_00700-1","EC","singlet"
"s_008um_00027_00655-1","PT","singlet"
"s_008um_00040_00678-1","EC","singlet"
"s_008um_00089_00700-1","EC","singlet"
"s_008um_00123_00657-1","Unknown","reject"
"s_008um_00070_00698-1","Unknown","reject"
"s_008um_00119_00639-1","Unknown","reject"
"s_008um_00122_00650-1","PT","singlet"
"s_008um_00030_00690-1","Unknown","doublet_uncertain"
"s_008um_00042_00701-1","IC","singlet"
"s_008um_00102_00698-1","EC","singlet"
"s_008um_00022_00700-1","EC","singlet"
"s_008um_00060_00690-1","FIB","singlet"
"s_008um_00114_00665-1","PT","singlet"
"s_008um_00116_00642-1","PT","singlet"
"s_008um_00062_00669-1","PT","singlet"
"s_008um_00091_00712-1","Unknown","reject"
"s_008um_00069_00654-1","EC","singlet"
"s_008um_00010_00709-1","EC","doublet_certain"
"s_008um_00060_00652-1","DCT","singlet"
"s_008um_00063_00707-1","Unknown","reject"
"s_008um_00031_00701-1","Podo","singlet"
"s_008um_00031_00714-1","PT","singlet"
"s_008um_00118_00639-1","PT","singlet"
"s_008um_00002_00684-1","DCT","singlet"
"s_008um_00031_00670-1","PT","singlet"
"s_008um_00051_00718-1","VSM/P","singlet"
"s_008um_00010_00717-1","Podo","singlet"
"s_008um_00013_00714-1","EC","doublet_certain"
"s_008um_00110_00675-1","VSM/P","singlet"
"s_008um_00115_00662-1","PT","singlet"
"s_008um_00075_00652-1","TAL","singlet"
"s_008um_00056_00666-1","VSM/P","singlet"
"s_008um_00076_00686-1","PT","singlet"
"s_008um_00111_00662-1","PT","singlet"
"s_008um_00059_00703-1","IC","singlet"
"s_008um_00069_00663-1","PT","singlet"
"s_008um_00028_00662-1","Unknown","reject"
"s_008um_00034_00698-1","Unknown","reject"
"s_008um_00019_00705-1","EC","singlet"
"s_008um_00038_00651-1","Unknown","reject"
"s_008um_00087_00677-1","DCT","singlet"
"s_008um_00034_00668-1","Unknown","reject"
"s_008um_00006_00666-1","PT","singlet"
"s_008um_00085_00671-1","Unknown","reject"
"s_008um_00012_00688-1","IC","doublet_certain"
"s_008um_00125_00673-1","B_PL","singlet"
"s_008um_00007_00721-1","Unknown","doublet_uncertain"
"s_008um_00074_00701-1","CNT","singlet"
"s_008um_00017_00678-1","DCT","singlet"
"s_008um_00055_00658-1","EC","doublet_certain"
"s_008um_00105_00644-1","EC","doublet_certain"
"s_008um_00096_00697-1","EC","singlet"
"s_008um_00016_00721-1","IC","singlet"
"s_008um_00036_00720-1","Unknown","reject"
"s_008um_00123_00653-1","IC","singlet"
"s_008um_00060_00658-1","DCT","singlet"
"s_008um_00046_00698-1","Unknown","doublet_uncertain"
"s_008um_00073_00704-1","Unknown","reject"
"s_008um_00051_00704-1","PT","singlet"
"s_008um_00082_00695-1","Unknown","reject"
"s_008um_00057_00661-1","PT","singlet"
"s_008um_00102_00699-1","EC","singlet"
"s_008um_00032_00661-1","PT","singlet"
"s_008um_00125_00677-1","PEC","singlet"
"s_008um_00122_00674-1","PEC","singlet"
"s_008um_00020_00665-1","PT","singlet"
"s_008um_00104_00691-1","PT","singlet"
"s_008um_00067_00714-1","EC","singlet"
"s_008um_00068_00647-1","Unknown","reject"
"s_008um_00021_00655-1","PT","singlet"
"s_008um_00078_00679-1","FIB","singlet"
"s_008um_00011_00681-1","DCT","singlet"
"s_008um_00065_00684-1","PT","singlet"
"s_008um_00001_00675-1","PT","singlet"
"s_008um_00032_00679-1","Podo","singlet"
"s_008um_00119_00659-1","Unknown","reject"
"s_008um_00102_00663-1","PT","singlet"
"s_008um_00095_00666-1","PT","singlet"
"s_008um_00057_00671-1","FIB","singlet"
"s_008um_00090_00654-1","FIB","singlet"
"s_008um_00094_00644-1","PT","singlet"
"s_008um_00087_00652-1","PT","singlet"
"s_008um_00094_00701-1","EC","singlet"
"s_008um_00077_00698-1","Unknown","reject"
"s_008um_00089_00662-1","PT","singlet"
"s_008um_00047_00680-1","EC","doublet_certain"
"s_008um_00073_00649-1","B_PL","singlet"
"s_008um_00072_00646-1","Unknown","reject"
"s_008um_00042_00684-1","Podo","doublet_certain"
"s_008um_00055_00682-1","Podo","singlet"
"s_008um_00032_00656-1","PT","singlet"
"s_008um_00089_00671-1","PT","singlet"
"s_008um_00020_00713-1","Podo","doublet_certain"
"s_008um_00033_00679-1","Podo","singlet"
"s_008um_00097_00691-1","B_PL","singlet"
"s_008um_00098_00657-1","PT","singlet"
"s_008um_00043_00718-1","Unknown","reject"
"s_008um_00031_00719-1","IC","singlet"
"s_008um_00108_00704-1","EC","singlet"
"s_008um_00004_00661-1","PT","singlet"
"s_008um_00116_00653-1","PT","singlet"
"s_008um_00080_00672-1","DCT","singlet"
"s_008um_00117_00694-1","Unknown","reject"
"s_008um_00040_00702-1","DCT","singlet"
"s_008um_00033_00672-1","Unknown","reject"
"s_008um_00073_00707-1","Unknown","reject"
"s_008um_00049_00706-1","PT","singlet"
"s_008um_00042_00716-1","EC","doublet_certain"
"s_008um_00097_00658-1","PT","singlet"
"s_008um_00127_00644-1","PT","singlet"
"s_008um_00070_00673-1","DCT","singlet"
"s_008um_00115_00661-1","PT","singlet"
"s_008um_00065_00653-1","DCT","singlet"
"s_008um_00115_00682-1","Podo","singlet"
"s_008um_00040_00664-1","TAL","singlet"
"s_008um_00126_00693-1","PT","singlet"
"s_008um_00112_00686-1","Podo","singlet"
"s_008um_00085_00662-1","PT","singlet"
"s_008um_00066_00657-1","Unknown","reject"
"s_008um_00012_00685-1","IC","singlet"
"s_008um_00085_00682-1","Unknown","reject"
"s_008um_00035_00709-1","PT","singlet"
"s_008um_00127_00684-1","PT","singlet"
"s_008um_00106_00647-1","PT","singlet"
"s_008um_00047_00689-1","Podo","singlet"
"s_008um_00102_00653-1","B_PL","singlet"
"s_008um_00108_00683-1","Podo","doublet_certain"
"s_008um_00076_00683-1","Unknown","reject"
"s_008um_00099_00673-1","PT","singlet"
"s_008um_00091_00678-1","FIB","singlet"
"s_008um_00111_00665-1","Mono_Mac","singlet"
"s_008um_00014_00678-1","Unknown","doublet_uncertain"
"s_008um_00107_00705-1","EC","singlet"
"s_008um_00106_00679-1","Podo","doublet_certain"
"s_008um_00060_00670-1","FIB","doublet_certain"
"s_008um_00018_00700-1","EC","doublet_certain"
"s_008um_00105_00683-1","EC","singlet"
"s_008um_00076_00677-1","FIB","singlet"
"s_008um_00097_00669-1","FIB","singlet"
"s_008um_00017_00655-1","PT","singlet"
"s_008um_00124_00688-1","PT","singlet"
"s_008um_00061_00714-1","PT","singlet"
"s_008um_00111_00639-1","B_PL","singlet"
"s_008um_00025_00689-1","Unknown","doublet_uncertain"
"s_008um_00080_00706-1","Unknown","reject"
"s_008um_00023_00719-1","IC","singlet"
"s_008um_00104_00664-1","PT","singlet"
"s_008um_00107_00691-1","Unknown","doublet_uncertain"
"s_008um_00044_00702-1","DCT","singlet"
"s_008um_00011_00656-1","Unknown","reject"
"s_008um_00110_00705-1","Unknown","reject"
"s_008um_00119_00683-1","Podo","doublet_certain"
"s_008um_00001_00701-1","EC","singlet"
"s_008um_00102_00697-1","EC","singlet"
"s_008um_00020_00663-1","PT","singlet"
"s_008um_00064_00699-1","PC","singlet"
"s_008um_00024_00699-1","EC","singlet"
"s_008um_00000_00705-1","Unknown","reject"
"s_008um_00075_00682-1","Unknown","reject"
"s_008um_00083_00706-1","EC","singlet"
"s_008um_00093_00652-1","PT","singlet"
"s_008um_00031_00656-1","PT","singlet"
"s_008um_00033_00700-1","Unknown","doublet_uncertain"
"s_008um_00018_00720-1","IC","singlet"
"s_008um_00104_00703-1","EC","singlet"
"s_008um_00110_00692-1","Unknown","doublet_uncertain"
"s_008um_00026_00670-1","PT","singlet"
"s_008um_00045_00712-1","PT","singlet"
"s_008um_00078_00692-1","FIB","singlet"
"s_008um_00117_00697-1","PT","singlet"
"s_008um_00088_00713-1","EC","singlet"
"s_008um_00031_00710-1","PT","singlet"
"s_008um_00111_00689-1","Unknown","reject"
"s_008um_00114_00659-1","IC","singlet"
"s_008um_00086_00699-1","Unknown","reject"
"s_008um_00106_00687-1","Podo","singlet"
"s_008um_00007_00701-1","Unknown","reject"
"s_008um_00095_00644-1","PT","singlet"
"s_008um_00118_00697-1","PT","singlet"
"s_008um_00078_00663-1","PT","singlet"
"s_008um_00005_00682-1","DCT","singlet"
"s_008um_00041_00693-1","Podo","singlet"
"s_008um_00068_00677-1","DCT","singlet"
"s_008um_00108_00702-1","EC","singlet"
"s_008um_00085_00694-1","PT","singlet"
"s_008um_00093_00676-1","PT","singlet"
"s_008um_00011_00700-1","EC","singlet"
"s_008um_00030_00687-1","Unknown","reject"
"s_008um_00108_00679-1","EC","doublet_certain"
"s_008um_00022_00655-1","EC","singlet"
"s_008um_00112_00697-1","B_PL","singlet"
"s_008um_00037_00679-1","EC","singlet"
"s_008um_00055_00704-1","Unknown","reject"
"s_008um_00095_00646-1","PT","singlet"
"s_008um_00044_00667-1","VSM/P","doublet_certain"
"s_008um_00078_00683-1","PT","singlet"
"s_008um_00053_00713-1","VSM/P","singlet"
"s_008um_00102_00665-1","PT","singlet"
"s_008um_00050_00685-1","Unknown","doublet_uncertain"
"s_008um_00089_00708-1","EC","singlet"
"s_008um_00060_00696-1","PT","singlet"
"s_008um_00035_00702-1","IC","singlet"
"s_008um_00093_00705-1","EC","singlet"
"s_008um_00017_00659-1","EC","singlet"
"s_008um_00030_00680-1","Podo","doublet_certain"
"s_008um_00079_00678-1","DCT","doublet_certain"
"s_008um_00063_00686-1","ATL","doublet_certain"
"s_008um_00006_00669-1","PT","singlet"
"s_008um_00059_00707-1","Unknown","reject"
"s_008um_00093_00690-1","PT","singlet"
"s_008um_00110_00688-1","Unknown","reject"
"s_008um_00032_00688-1","Podo","singlet"
"s_008um_00017_00668-1","Unknown","reject"
"s_008um_00072_00663-1","PT","singlet"
"s_008um_00054_00668-1","FIB","singlet"
"s_008um_00061_00681-1","PC","singlet"
"s_008um_00107_00658-1","Unknown","doublet_uncertain"
"s_008um_00040_00717-1","PT","singlet"
"s_008um_00094_00687-1","PT","singlet"
"s_008um_00010_00687-1","IC","doublet_certain"
"s_008um_00082_00684-1","PT","singlet"
"s_008um_00082_00670-1","Unknown","reject"
"s_008um_00071_00682-1","PT","singlet"
"s_008um_00031_00664-1","PT","singlet"
"s_008um_00114_00644-1","Unknown","reject"
"s_008um_00092_00693-1","PT","doublet_certain"
"s_008um_00125_00684-1","B_PL","singlet"
"s_008um_00109_00653-1","FIB","singlet"
"s_008um_00080_00694-1","EC","singlet"
"s_008um_00089_00657-1","PT","singlet"
"s_008um_00104_00688-1","EC","singlet"
"s_008um_00021_00702-1","EC","singlet"
"s_008um_00115_00697-1","EC","singlet"
"s_008um_00020_00699-1","Podo","singlet"
"s_008um_00115_00681-1","Podo","singlet"
"s_008um_00098_00642-1","PT","singlet"
"s_008um_00058_00716-1","VSM/P","singlet"
"s_008um_00009_00715-1","Podo","singlet"
"s_008um_00050_00700-1","DCT","singlet"
"s_008um_00094_00664-1","PT","singlet"
"s_008um_00023_00722-1","PC","singlet"
"s_008um_00052_00704-1","Unknown","reject"
"s_008um_00007_00681-1","DCT","singlet"
"s_008um_00083_00700-1","PT","singlet"
"s_008um_00031_00702-1","Unknown","reject"
"s_008um_00099_00699-1","EC","singlet"
"s_008um_00080_00658-1","PT","singlet"
"s_008um_00089_00688-1","PT","singlet"
"s_008um_00030_00697-1","Podo","singlet"
"s_008um_00077_00691-1","Unknown","doublet_uncertain"
"s_008um_00067_00712-1","PT","singlet"
"s_008um_00114_00683-1","Podo","singlet"
"s_008um_00053_00666-1","EC","doublet_certain"
"s_008um_00006_00709-1","Podo","singlet"
"s_008um_00001_00694-1","EC","singlet"
"s_008um_00035_00650-1","Unknown","reject"
"s_008um_00022_00678-1","DCT","singlet"
"s_008um_00096_00650-1","Unknown","reject"
"s_008um_00121_00688-1","FIB","singlet"
"s_008um_00105_00701-1","Unknown","reject"
"s_008um_00054_00680-1","Podo","singlet"
"s_008um_00104_00707-1","EC","singlet"
"s_008um_00030_00663-1","PT","singlet"
"s_008um_00062_00705-1","Unknown","reject"
"s_008um_00120_00642-1","EC","singlet"
"s_008um_00063_00684-1","IC","singlet"
"s_008um_00115_00656-1","PT","singlet"
"s_008um_00021_00677-1","DCT","singlet"
"s_008um_00098_00692-1","PT","singlet"
"s_008um_00037_00697-1","CNT","singlet"
"s_008um_00102_00683-1","VSM/P","singlet"
"s_008um_00022_00707-1","EC","singlet"
"s_008um_00004_00716-1","Podo","doublet_certain"
"s_008um_00030_00673-1","FIB","singlet"
"s_008um_00058_00690-1","PT","singlet"
"s_008um_00020_00694-1","EC","singlet"
"s_008um_00040_00651-1","Unknown","reject"
"s_008um_00123_00696-1","PT","singlet"
"s_008um_00041_00652-1","Unknown","reject"
"s_008um_00044_00694-1","EC","singlet"
"s_008um_00058_00710-1","PT","singlet"
"s_008um_00059_00699-1","IC","singlet"
"s_008um_00075_00665-1","PT","singlet"
"s_008um_00010_00668-1","PT","singlet"
"s_008um_00000_00679-1","DCT","singlet"
"s_008um_00046_00669-1","Unknown","doublet_uncertain"
"s_008um_00015_00672-1","PT","singlet"
"s_008um_00069_00695-1","FIB","singlet"
"s_008um_00116_00656-1","Unknown","reject"
"s_008um_00004_00680-1","DCT","singlet"
"s_008um_00105_00656-1","Unknown","doublet_uncertain"
"s_008um_00082_00653-1","PT","singlet"
"s_008um_00021_00710-1","EC","doublet_certain"
"s_008um_00029_00694-1","PEC","singlet"
"s_008um_00034_00717-1","PT","singlet"
"s_008um_00079_00670-1","DCT","singlet"
"s_008um_00121_00697-1","Unknown","reject"
"s_008um_00078_00658-1","Unknown","reject"
"s_008um_00093_00685-1","Unknown","reject"
"s_008um_00053_00685-1","Podo","singlet"
"s_008um_00096_00652-1","PT","singlet"
"s_008um_00035_00666-1","Unknown","reject"
"s_008um_00121_00665-1","Unknown","reject"
"s_008um_00087_00702-1","EC","singlet"
"s_008um_00119_00698-1","EC","singlet"
"s_008um_00033_00659-1","PT","singlet"
"s_008um_00060_00718-1","EC","singlet"
"s_008um_00076_00649-1","Unknown","reject"
"s_008um_00102_00647-1","PT","singlet"
"s_008um_00028_00687-1","Unknown","doublet_uncertain"
"s_008um_00068_00666-1","PT","singlet"
"s_008um_00117_00686-1","Unknown","doublet_uncertain"
"s_008um_00090_00663-1","FIB","singlet"
"s_008um_00052_00710-1","Unknown","reject"
"s_008um_00075_00667-1","PT","singlet"
"s_008um_00053_00693-1","PT","singlet"
"s_008um_00005_00722-1","IC","singlet"
"s_008um_00033_00668-1","PT","singlet"
"s_008um_00072_00699-1","PC","singlet"
"s_008um_00120_00648-1","PT","singlet"
"s_008um_00058_00705-1","PT","singlet"
"s_008um_00117_00654-1","PT","singlet"
"s_008um_00079_00711-1","DCT","singlet"
"s_008um_00104_00679-1","Podo","doublet_certain"
"s_008um_00127_00660-1","PT","singlet"
"s_008um_00019_00706-1","EC","singlet"
"s_008um_00099_00658-1","PT","singlet"
"s_008um_00062_00649-1","DTL","singlet"
"s_008um_00002_00694-1","FIB","doublet_certain"
"s_008um_00003_00670-1","PT","singlet"
"s_008um_00066_00687-1","PT","singlet"
"s_008um_00066_00656-1","DCT","singlet"
"s_008um_00124_00644-1","PT","singlet"
"s_008um_00123_00671-1","PEC","doublet_certain"
"s_008um_00123_00678-1","Unknown","doublet_uncertain"
"s_008um_00005_00692-1","FIB","singlet"
"s_008um_00021_00705-1","EC","singlet"
"s_008um_00087_00711-1","EC","singlet"
"s_008um_00109_00703-1","B_PL","singlet"
"s_008um_00019_00669-1","PC","singlet"
"s_008um_00083_00666-1","PT","singlet"
"s_008um_00080_00688-1","PT","singlet"
"s_008um_00060_00667-1","FIB","singlet"
"s_008um_00029_00672-1","PT","singlet"
"s_008um_00019_00694-1","Podo","singlet"
"s_008um_00048_00713-1","VSM/P","singlet"
"s_008um_00121_00685-1","Unknown","doublet_uncertain"
"s_008um_00046_00654-1","Unknown","reject"
"s_008um_00096_00709-1","EC","singlet"
"s_008um_00094_00711-1","EC","singlet"
"s_008um_00004_00714-1","Podo","singlet"
"s_008um_00076_00648-1","Unknown","reject"
"s_008um_00115_00699-1","PT","singlet"
"s_008um_00096_00707-1","EC","singlet"
"s_008um_00122_00666-1","FIB","singlet"
"s_008um_00054_00712-1","VSM/P","singlet"
"s_008um_00125_00696-1","PT","singlet"
"s_008um_00092_00663-1","EC","singlet"
"s_008um_00064_00706-1","FIB","singlet"
"s_008um_00052_00671-1","Unknown","doublet_uncertain"
"s_008um_00101_00642-1","EC","singlet"
"s_008um_00050_00702-1","Unknown","doublet_uncertain"
"s_008um_00018_00694-1","Podo","doublet_certain"
"s_008um_00057_00680-1","Unknown","doublet_uncertain"
"s_008um_00044_00695-1","Unknown","reject"
"s_008um_00032_00710-1","PT","singlet"
"s_008um_00124_00660-1","PT","singlet"
"s_008um_00106_00701-1","EC","singlet"
"s_008um_00063_00676-1","EC","singlet"
"s_008um_00117_00647-1","PT","singlet"
"s_008um_00004_00697-1","Podo","doublet_certain"
"s_008um_00071_00654-1","EC","singlet"
"s_008um_00052_00661-1","Unknown","doublet_uncertain"
"s_008um_00115_00646-1","PT","singlet"
"s_008um_00067_00653-1","EC","singlet"
"s_008um_00067_00698-1","PC","singlet"
"s_008um_00009_00704-1","EC","singlet"
"s_008um_00065_00710-1","PT","singlet"
"s_008um_00090_00695-1","PT","doublet_certain"
"s_008um_00098_00655-1","PT","singlet"
"s_008um_00002_00693-1","FIB","singlet"
"s_008um_00053_00664-1","PT","singlet"
"s_008um_00070_00670-1","Unknown","reject"
"s_008um_00060_00713-1","PT","singlet"
"s_008um_00020_00722-1","EC","singlet"
"s_008um_00088_00674-1","DCT","singlet"
"s_008um_00084_00699-1","PT","singlet"
"s_008um_00045_00677-1","Podo","singlet"
"s_008um_00009_00722-1","Unknown","reject"
"s_008um_00043_00655-1","PT","singlet"
"s_008um_00127_00686-1","PT","singlet"
"s_008um_00083_00676-1","DCT","singlet"
"s_008um_00059_00666-1","FIB","singlet"
"s_008um_00074_00711-1","PT","singlet"
"s_008um_00089_00697-1","Unknown","reject"
"s_008um_00044_00705-1","DCT","singlet"
"s_008um_00088_00681-1","EC","singlet"
"s_008um_00116_00692-1","PT","singlet"
"s_008um_00049_00656-1","PT","singlet"
"s_008um_00096_00673-1","PT","singlet"
"s_008um_00096_00686-1","TAL","singlet"
"s_008um_00122_00693-1","FIB","singlet"
"s_008um_00103_00652-1","PT","singlet"
"s_008um_00018_00686-1","IC","singlet"
"s_008um_00026_00669-1","PT","doublet_certain"
"s_008um_00003_00667-1","PT","singlet"
"s_008um_00006_00702-1","VSM/P","singlet"
"s_008um_00031_00694-1","FIB","singlet"
"s_008um_00004_00699-1","Unknown","doublet_uncertain"
"s_008um_00049_00705-1","PT","singlet"
"s_008um_00053_00687-1","B_PL","singlet"
"s_008um_00072_00713-1","PT","singlet"
"s_008um_00057_00707-1","PT","singlet"
"s_008um_00052_00658-1","B_PL","singlet"
"s_008um_00039_00680-1","Podo","singlet"
"s_008um_00033_00660-1","PT","singlet"
"s_008um_00096_00698-1","T_NK","doublet_certain"
"s_008um_00048_00656-1","Unknown","reject"
"s_008um_00067_00705-1","PT","singlet"
"s_008um_00028_00656-1","PT","singlet"
"s_008um_00036_00687-1","Podo","doublet_certain"
"s_008um_00013_00707-1","EC","doublet_certain"
"s_008um_00016_00713-1","Podo","doublet_certain"
"s_008um_00009_00676-1","PT","singlet"
"s_008um_00019_00677-1","DCT","singlet"
"s_008um_00050_00715-1","VSM/P","singlet"
"s_008um_00000_00701-1","Unknown","doublet_uncertain"
"s_008um_00022_00721-1","Unknown","reject"
"s_008um_00126_00654-1","PC","singlet"
"s_008um_00117_00698-1","PT","singlet"
"s_008um_00004_00664-1","PT","singlet"
"s_008um_00046_00649-1","Unknown","reject"
"s_008um_00108_00692-1","PT","singlet"
"s_008um_00018_00712-1","Podo","singlet"
"s_008um_00052_00715-1","VSM/P","singlet"
"s_008um_00118_00694-1","EC","singlet"
"s_008um_00019_00683-1","TAL","singlet"
"s_008um_00011_00675-1","PT","singlet"
"s_008um_00084_00671-1","Unknown","reject"
"s_008um_00062_00656-1","DCT","singlet"
"s_008um_00047_00657-1","ATL","singlet"
"s_008um_00033_00652-1","PT","singlet"
"s_008um_00113_00681-1","Podo","doublet_certain"
"s_008um_00014_00656-1","EC","singlet"
"s_008um_00005_00687-1","DCT","doublet_certain"
"s_008um_00013_00685-1","IC","singlet"
"s_008um_00057_00716-1","VSM/P","singlet"
"s_008um_00114_00699-1","EC","singlet"
"s_008um_00087_00670-1","PT","singlet"
"s_008um_00093_00650-1","PT","singlet"
"s_008um_00061_00688-1","PT","singlet"
"s_008um_00052_00664-1","Unknown","doublet_uncertain"
"s_008um_00094_00647-1","PT","singlet"
"s_008um_00119_00700-1","PT","singlet"
"s_008um_00063_00647-1","Unknown","reject"
"s_008um_00048_00658-1","TAL","singlet"
"s_008um_00044_00683-1","Podo","singlet"
"s_008um_00118_00678-1","Podo","singlet"
"s_008um_00126_00667-1","PT","singlet"
"s_008um_00045_00652-1","Unknown","reject"
"s_008um_00088_00711-1","EC","singlet"
"s_008um_00034_00654-1","EC","singlet"
"s_008um_00049_00689-1","Podo","singlet"
"s_008um_00042_00702-1","IC","singlet"
"s_008um_00008_00705-1","EC","singlet"
"s_008um_00028_00705-1","Podo","singlet"
"s_008um_00089_00658-1","PT","singlet"
"s_008um_00073_00675-1","DCT","singlet"
"s_008um_00045_00693-1","PapE","singlet"
"s_008um_00034_00673-1","Unknown","reject"
"s_008um_00007_00702-1","EC","singlet"
"s_008um_00080_00677-1","DCT","singlet"
"s_008um_00110_00647-1","EC","singlet"
"s_008um_00038_00691-1","Podo","singlet"
"s_008um_00083_00653-1","PT","singlet"
"s_008um_00090_00713-1","EC","singlet"
"s_008um_00067_00699-1","PC","singlet"
"s_008um_00074_00678-1","Unknown","reject"
"s_008um_00105_00673-1","Podo","singlet"
"s_008um_00090_00680-1","Unknown","reject"
"s_008um_00046_00671-1","Podo","singlet"
"s_008um_00100_00710-1","EC","singlet"
"s_008um_00092_00645-1","PT","singlet"
"s_008um_00072_00684-1","Unknown","reject"
"s_008um_00105_00705-1","EC","singlet"
"s_008um_00100_00645-1","PT","singlet"
"s_008um_00017_00691-1","EC","singlet"
"s_008um_00043_00717-1","PT","singlet"
"s_008um_00101_00688-1","Unknown","reject"
"s_008um_00004_00692-1","FIB","singlet"
"s_008um_00093_00659-1","PT","singlet"
"s_008um_00069_00707-1","PT","singlet"
"s_008um_00020_00705-1","EC","singlet"
"s_008um_00092_00691-1","PT","singlet"
"s_008um_00068_00656-1","DCT","singlet"
"s_008um_00020_00675-1","PT","singlet"
"s_008um_00049_00690-1","FIB","singlet"
"s_008um_00012_00722-1","IC","singlet"
"s_008um_00037_00681-1","Podo","doublet_certain"
"s_008um_00118_00654-1","PT","singlet"
"s_008um_00078_00655-1","Unknown","reject"
"s_008um_00021_00718-1","Unknown","doublet_uncertain"
"s_008um_00114_00645-1","PT","singlet"
"s_008um_00078_00682-1","FIB","singlet"
"s_008um_00107_00675-1","Podo","singlet"
"s_008um_00012_00708-1","Unknown","doublet_uncertain"
"s_008um_00033_00678-1","VSM/P","singlet"
"s_008um_00051_00697-1","EC","doublet_certain"
"s_008um_00012_00698-1","Podo","doublet_certain"
"s_008um_00005_00669-1","PT","singlet"
"s_008um_00098_00684-1","TAL","singlet"
"s_008um_00038_00703-1","Unknown","reject"
"s_008um_00038_00662-1","Unknown","doublet_uncertain"
"s_008um_00068_00674-1","DCT","singlet"
"s_008um_00070_00686-1","FIB","singlet"
"s_008um_00074_00685-1","PT","singlet"
"s_008um_00076_00665-1","PT","singlet"
"s_008um_00108_00701-1","Unknown","reject"
"s_008um_00125_00680-1","B_PL","singlet"
"s_008um_00115_00702-1","B_PL","singlet"
"s_008um_00046_00678-1","Podo","singlet"
"s_008um_00034_00665-1","PT","singlet"
"s_008um_00070_00713-1","PT","singlet"
"s_008um_00030_00665-1","PT","singlet"
"s_008um_00039_00684-1","Podo","doublet_certain"
"s_008um_00108_00693-1","PT","singlet"
"s_008um_00091_00700-1","EC","singlet"
"s_008um_00094_00648-1","PT","singlet"
"s_008um_00087_00675-1","DCT","singlet"
"s_008um_00042_00695-1","EC","singlet"
"s_008um_00068_00670-1","PT","singlet"
"s_008um_00022_00658-1","EC","singlet"
"s_008um_00059_00656-1","DCT","singlet"
"s_008um_00029_00679-1","EC","doublet_certain"
"s_008um_00039_00689-1","Podo","doublet_certain"
"s_008um_00002_00696-1","Podo","singlet"
"s_008um_00103_00683-1","VSM/P","singlet"
"s_008um_00115_00693-1","PT","singlet"
"s_008um_00056_00681-1","Podo","singlet"
"s_008um_00026_00696-1","Podo","singlet"
"s_008um_00033_00705-1","IC","singlet"
"s_008um_00122_00670-1","PEC","singlet"
"s_008um_00032_00690-1","Unknown","reject"
"s_008um_00076_00657-1","PT","singlet"
"s_008um_00088_00685-1","PT","singlet"
"s_008um_00105_00659-1","PT","singlet"
"s_008um_00003_00721-1","Podo","singlet"
"s_008um_00007_00685-1","DCT","singlet"
"s_008um_00092_00662-1","FIB","singlet"
"s_008um_00083_00679-1","DCT","doublet_certain"
"s_008um_00018_00685-1","Unknown","reject"
"s_008um_00082_00663-1","PT","singlet"
"s_008um_00027_00700-1","Podo","singlet"
"s_008um_00074_00679-1","PT","singlet"
"s_008um_00013_00665-1","EC","singlet"
"s_008um_00039_00667-1","TAL","singlet"
"s_008um_00019_00690-1","EC","singlet"
"s_008um_00077_00696-1","EC","singlet"
"s_008um_00020_00654-1","Unknown","reject"
"s_008um_00046_00711-1","PT","singlet"
"s_008um_00005_00662-1","PT","singlet"
"s_008um_00064_00664-1","FIB","singlet"
"s_008um_00014_00715-1","Podo","singlet"
"s_008um_00080_00707-1","DCT","singlet"
"s_008um_00126_00697-1","FIB","singlet"
"s_008um_00108_00666-1","Unknown","reject"
"s_008um_00127_00656-1","PC","singlet"
"s_008um_00004_00687-1","DCT","singlet"
"s_008um_00123_00664-1","Unknown","doublet_uncertain"
"s_008um_00111_00675-1","EC","singlet"
"s_008um_00034_00689-1","Podo","singlet"
"s_008um_00001_00710-1","Podo","singlet"
"s_008um_00043_00658-1","Unknown","reject"
"s_008um_00023_00677-1","DCT","doublet_certain"
"s_008um_00100_00704-1","EC","singlet"
"s_008um_00025_00715-1","FIB","singlet"
"s_008um_00117_00696-1","FIB","singlet"
"s_008um_00122_00655-1","Unknown","doublet_uncertain"
"s_008um_00040_00682-1","Podo","doublet_certain"
"s_008um_00100_00672-1","PT","singlet"
"s_008um_00037_00703-1","IC","singlet"
"s_008um_00002_00692-1","Unknown","doublet_uncertain"
"s_008um_00097_00682-1","TAL","singlet"
"s_008um_00061_00697-1","IC","doublet_certain"
"s_008um_00032_00662-1","PT","singlet"
"s_008um_00073_00651-1","EC","singlet"
"s_008um_00039_00716-1","PT","singlet"
"s_008um_00022_00705-1","EC","singlet"
"s_008um_00070_00691-1","EC","singlet"
"s_008um_00104_00711-1","EC","singlet"
"s_008um_00055_00673-1","Podo","singlet"
"s_008um_00069_00714-1","Unknown","reject"
"s_008um_00086_00654-1","PT","singlet"
"s_008um_00102_00690-1","PT","singlet"
"s_008um_00105_00655-1","B_PL","singlet"
"s_008um_00005_00707-1","Podo","doublet_certain"
"s_008um_00089_00705-1","EC","singlet"
"s_008um_00080_00698-1","Unknown","reject"
"s_008um_00007_00674-1","Unknown","reject"
"s_008um_00107_00683-1","EC","singlet"
"s_008um_00078_00657-1","PT","singlet"
"s_008um_00079_00669-1","PT","singlet"
"s_008um_00038_00693-1","Unknown","reject"
"s_008um_00081_00699-1","Unknown","doublet_uncertain"
"s_008um_00124_00676-1","PEC","singlet"
"s_008um_00118_00703-1","PT","singlet"
"s_008um_00086_00706-1","Unknown","reject"
"s_008um_00098_00698-1","Podo","singlet"
"s_008um_00117_00705-1","Unknown","reject"
"s_008um_00053_00720-1","Unknown","reject"
"s_008um_00074_00650-1","EC","singlet"
"s_008um_00033_00665-1","PT","singlet"
"s_008um_00013_00666-1","EC","singlet"
"s_008um_00081_00681-1","Unknown","reject"
"s_008um_00083_00660-1","Unknown","reject"
"s_008um_00100_00709-1","EC","singlet"
"s_008um_00019_00692-1","Podo","doublet_certain"
"s_008um_00036_00667-1","Unknown","reject"
"s_008um_00085_00678-1","DCT","singlet"
"s_008um_00085_00666-1","PT","singlet"
"s_008um_00004_00671-1","DCT","singlet"
"s_008um_00004_00675-1","PT","singlet"
"s_008um_00059_00708-1","Unknown","reject"
"s_008um_00112_00644-1","PT","singlet"
"s_008um_00024_00709-1","EC","singlet"
"s_008um_00082_00667-1","PT","singlet"
"s_008um_00024_00710-1","Podo","singlet"
"s_008um_00110_00653-1","Unknown","reject"
"s_008um_00024_00665-1","FIB","singlet"
"s_008um_00000_00674-1","PT","singlet"
"s_008um_00014_00722-1","IC","singlet"
"s_008um_00035_00686-1","Podo","doublet_certain"
"s_008um_00065_00689-1","PT","singlet"
"s_008um_00016_00709-1","Podo","doublet_certain"
"s_008um_00090_00675-1","DCT","singlet"
"s_008um_00053_00661-1","B_PL","singlet"
"s_008um_00121_00690-1","PT","singlet"
"s_008um_00093_00670-1","Mono_Mac","singlet"
"s_008um_00079_00702-1","PT","singlet"
"s_008um_00085_00689-1","Unknown","reject"
"s_008um_00122_00678-1","Podo","doublet_certain"
"s_008um_00020_00708-1","EC","singlet"
"s_008um_00057_00711-1","PT","singlet"
"s_008um_00123_00700-1","PT","singlet"
"s_008um_00004_00722-1","IC","doublet_certain"
"s_008um_00044_00672-1","EC","doublet_certain"
"s_008um_00087_00647-1","PT","singlet"
"s_008um_00023_00682-1","TAL","singlet"
"s_008um_00038_00674-1","VSM/P","singlet"
"s_008um_00075_00686-1","Unknown","reject"
"s_008um_00082_00710-1","DCT","singlet"
"s_008um_00055_00685-1","Unknown","doublet_uncertain"
"s_008um_00012_00689-1","Podo","doublet_certain"
"s_008um_00092_00698-1","EC","singlet"
"s_008um_00062_00664-1","PT","singlet"
"s_008um_00047_00686-1","EC","doublet_certain"
"s_008um_00035_00719-1","PT","singlet"
"s_008um_00068_00676-1","DCT","singlet"
"s_008um_00091_00646-1","PT","singlet"
"s_008um_00111_00648-1","PT","singlet"
"s_008um_00069_00647-1","VSM/P","singlet"
"s_008um_00028_00667-1","PT","singlet"
"s_008um_00108_00647-1","Unknown","reject"
"s_008um_00030_00703-1","Unknown","doublet_uncertain"
"s_008um_00081_00663-1","PT","singlet"
"s_008um_00083_00645-1","Unknown","reject"
"s_008um_00098_00704-1","EC","singlet"
"s_008um_00024_00712-1","Podo","singlet"
"s_008um_00052_00662-1","Unknown","doublet_uncertain"
"s_008um_00060_00714-1","VSM/P","singlet"
"s_008um_00062_00693-1","PT","singlet"
"s_008um_00020_00701-1","EC","singlet"
"s_008um_00035_00707-1","PT","singlet"
"s_008um_00040_00700-1","IC","singlet"
"s_008um_00069_00683-1","PT","singlet"
"s_008um_00007_00664-1","PT","singlet"
"s_008um_00102_00677-1","FIB","singlet"
"s_008um_00004_00696-1","EC","singlet"
"s_008um_00107_00695-1","Unknown","reject"
"s_008um_00047_00709-1","EC","singlet"
"s_008um_00041_00687-1","EC","doublet_certain"
"s_008um_00069_00682-1","PT","singlet"
"s_008um_00035_00696-1","CNT","singlet"
"s_008um_00091_00659-1","PT","singlet"
"s_008um_00124_00663-1","Unknown","reject"
"s_008um_00073_00677-1","DCT","singlet"
"s_008um_00110_00643-1","Unknown","reject"
"s_008um_00055_00686-1","FIB","doublet_certain"
"s_008um_00064_00667-1","PT","doublet_certain"
"s_008um_00045_00658-1","IC","singlet"
"s_008um_00048_00690-1","Podo","singlet"
"s_008um_00086_00704-1","EC","singlet"
"s_008um_00074_00688-1","PT","singlet"
"s_008um_00012_00678-1","PT","singlet"
"s_008um_00035_00703-1","IC","singlet"
"s_008um_00022_00686-1","Unknown","doublet_uncertain"
"s_008um_00079_00708-1","PT","doublet_certain"
"s_008um_00107_00686-1","EC","doublet_certain"
"s_008um_00008_00719-1","Unknown","reject"
"s_008um_00094_00700-1","Podo","singlet"
"s_008um_00117_00703-1","Unknown","doublet_uncertain"
"s_008um_00016_00667-1","PT","singlet"
"s_008um_00016_00698-1","Podo","singlet"
"s_008um_00111_00652-1","PT","singlet"
"s_008um_00019_00656-1","PT","singlet"
"s_008um_00115_00676-1","Podo","doublet_certain"
"s_008um_00101_00672-1","EC","singlet"
"s_008um_00121_00674-1","Unknown","reject"
"s_008um_00120_00668-1","PEC","singlet"
"s_008um_00063_00692-1","PT","singlet"
"s_008um_00114_00666-1","FIB","singlet"
"s_008um_00011_00668-1","PT","singlet"
"s_008um_00078_00694-1","Unknown","reject"
"s_008um_00061_00710-1","PT","singlet"
"s_008um_00069_00666-1","PT","singlet"
"s_008um_00053_00649-1","Unknown","reject"
"s_008um_00048_00678-1","Podo","singlet"
"s_008um_00125_00656-1","PC","singlet"
"s_008um_00054_00693-1","PT","singlet"
"s_008um_00074_00708-1","PT","singlet"
"s_008um_00002_00721-1","EC","singlet"
"s_008um_00009_00687-1","DCT","singlet"
"s_008um_00076_00687-1","PT","singlet"
"s_008um_00066_00706-1","PT","singlet"
"s_008um_00076_00653-1","TAL","singlet"
"s_008um_00068_00682-1","PT","singlet"
"s_008um_00003_00710-1","Podo","singlet"
"s_008um_00081_00649-1","PT","singlet"
"s_008um_00110_00695-1","EC","singlet"
"s_008um_00053_00658-1","VSM/P","singlet"
"s_008um_00002_00681-1","DCT","singlet"
"s_008um_00021_00697-1","EC","singlet"
"s_008um_00031_00686-1","Unknown","doublet_uncertain"
"s_008um_00120_00661-1","PT","singlet"
"s_008um_00117_00674-1","Podo","singlet"
"s_008um_00003_00708-1","Podo","singlet"
"s_008um_00065_00702-1","PT","singlet"
"s_008um_00020_00653-1","PT","singlet"
"s_008um_00112_00675-1","EC","singlet"
"s_008um_00059_00715-1","VSM/P","singlet"
"s_008um_00102_00669-1","PT","singlet"
"s_008um_00054_00692-1","PT","singlet"
"s_008um_00106_00648-1","PT","singlet"
"s_008um_00027_00667-1","PT","singlet"
"s_008um_00068_00669-1","PT","singlet"
"s_008um_00044_00679-1","Podo","doublet_certain"
"s_008um_00085_00677-1","DCT","singlet"
"s_008um_00089_00691-1","PT","singlet"
"s_008um_00097_00678-1","PT","singlet"
"s_008um_00077_00702-1","Unknown","doublet_uncertain"
"s_008um_00024_00703-1","EC","singlet"
"s_008um_00019_00699-1","Podo","doublet_certain"
"s_008um_00126_00670-1","Unknown","reject"
"s_008um_00040_00697-1","Unknown","doublet_uncertain"
"s_008um_00102_00651-1","PT","singlet"
"s_008um_00055_00715-1","VSM/P","singlet"
"s_008um_00018_00678-1","DCT","singlet"
"s_008um_00024_00694-1","Podo","singlet"
"s_008um_00061_00678-1","Unknown","doublet_uncertain"
"s_008um_00042_00694-1","EC","singlet"
"s_008um_00063_00688-1","PT","singlet"
"s_008um_00032_00699-1","PEC","singlet"
"s_008um_00078_00651-1","TAL","singlet"
"s_008um_00076_00706-1","PT","singlet"
"s_008um_00027_00715-1","IC","singlet"
"s_008um_00119_00676-1","EC","singlet"
"s_008um_00031_00680-1","Podo","singlet"
"s_008um_00085_00663-1","PT","singlet"
"s_008um_00103_00702-1","EC","singlet"
"s_008um_00093_00658-1","Unknown","reject"
"s_008um_00003_00689-1","FIB","singlet"
"s_008um_00054_00713-1","VSM/P","singlet"
"s_008um_00001_00661-1","Unknown","reject"
"s_008um_00065_00683-1","PT","singlet"
"s_008um_00031_00672-1","PT","singlet"
"s_008um_00028_00703-1","Podo","singlet"
"s_008um_00084_00703-1","FIB","doublet_certain"
"s_008um_00104_00666-1","PT","singlet"
"s_008um_00113_00648-1","PT","singlet"
"s_008um_00059_00713-1","PT","singlet"
"s_008um_00034_00681-1","EC","singlet"
"s_008um_00092_00711-1","EC","singlet"
"s_008um_00067_00687-1","PT","singlet"
"s_008um_00083_00670-1","PT","singlet"
"s_008um_00080_00681-1","FIB","singlet"
"s_008um_00048_00679-1","Podo","singlet"
"s_008um_00106_00644-1","B_PL","singlet"
"s_008um_00118_00665-1","PT","singlet"
"s_008um_00070_00683-1","PT","singlet"
"s_008um_00027_00660-1","PT","singlet"
"s_008um_00082_00660-1","Unknown","reject"
"s_008um_00107_00676-1","Podo","singlet"
"s_008um_00102_00670-1","PT","singlet"
"s_008um_00036_00678-1","EC","singlet"
"s_008um_00088_00687-1","Unknown","reject"
"s_008um_00109_00657-1","PT","doublet_certain"
"s_008um_00051_00649-1","FIB","singlet"
"s_008um_00116_00688-1","PT","singlet"
"s_008um_00049_00683-1","EC","singlet"
"s_008um_00025_00702-1","EC","singlet"
"s_008um_00100_00681-1","VSM/P","singlet"
"s_008um_00094_00665-1","PT","singlet"
"s_008um_00103_00661-1","PT","singlet"
"s_008um_00093_00649-1","PT","singlet"
"s_008um_00025_00675-1","PT","singlet"
"s_008um_00091_00695-1","FIB","doublet_certain"
"s_008um_00093_00701-1","EC","singlet"
"s_008um_00044_00682-1","EC","singlet"
"s_008um_00060_00691-1","PT","singlet"
"s_008um_00101_00694-1","PT","singlet"
"s_008um_00122_00690-1","PT","doublet_certain"
"s_008um_00022_00685-1","Unknown","reject"
"s_008um_00077_00690-1","EC","doublet_certain"
"s_008um_00120_00670-1","PEC","singlet"
"s_008um_00041_00710-1","EC","singlet"
"s_008um_00079_00663-1","PT","singlet"
"s_008um_00106_00643-1","EC","singlet"
"s_008um_00043_00656-1","Unknown","reject"
"s_008um_00050_00671-1","EC","singlet"
"s_008um_00024_00718-1","Unknown","doublet_uncertain"
"s_008um_00037_00671-1","EC","singlet"
"s_008um_00022_00716-1","Unknown","reject"
"s_008um_00066_00703-1","PT","singlet"
"s_008um_00023_00676-1","PT","singlet"
"s_008um_00054_00658-1","Unknown","reject"
"s_008um_00055_00714-1","VSM/P","singlet"
"s_008um_00056_00708-1","PT","doublet_certain"
"s_008um_00075_00685-1","PT","singlet"
"s_008um_00054_00698-1","EC","doublet_certain"
"s_008um_00102_00693-1","Unknown","reject"
"s_008um_00018_00715-1","EC","doublet_certain"
"s_008um_00023_00694-1","Podo","singlet"
"s_008um_00040_00658-1","PC","singlet"
"s_008um_00014_00655-1","EC","singlet"
"s_008um_00058_00688-1","Unknown","reject"
"s_008um_00030_00692-1","Unknown","doublet_uncertain"
"s_008um_00019_00679-1","DCT","singlet"
"s_008um_00120_00647-1","Unknown","reject"
"s_008um_00086_00659-1","PT","singlet"
"s_008um_00104_00680-1","EC","singlet"
"s_008um_00070_00711-1","Unknown","reject"
"s_008um_00099_00687-1","FIB","singlet"
"s_008um_00013_00687-1","IC","singlet"
"s_008um_00006_00708-1","Podo","singlet"
"s_008um_00033_00719-1","Unknown","reject"
"s_008um_00117_00652-1","PT","singlet"
"s_008um_00012_00683-1","TAL","singlet"
"s_008um_00034_00651-1","PC","singlet"
"s_008um_00026_00703-1","EC","singlet"
"s_008um_00098_00700-1","EC","singlet"
"s_008um_00025_00666-1","PT","singlet"
"s_008um_00075_00649-1","Unknown","reject"
"s_008um_00032_00659-1","PT","singlet"
"s_008um_00059_00681-1","IC","doublet_certain"
"s_008um_00042_00681-1","EC","doublet_certain"
"s_008um_00110_00654-1","EC","singlet"
"s_008um_00025_00660-1","PT","singlet"
"s_008um_00090_00705-1","EC","singlet"
"s_008um_00010_00686-1","IC","singlet"
"s_008um_00023_00655-1","Unknown","reject"
"s_008um_00107_00702-1","EC","singlet"
"s_008um_00094_00685-1","TAL","singlet"
"s_008um_00003_00682-1","DCT","singlet"
"s_008um_00038_00658-1","PT","singlet"
"s_008um_00023_00706-1","EC","singlet"
"s_008um_00110_00668-1","Unknown","reject"
"s_008um_00053_00689-1","FIB","doublet_certain"
"s_008um_00026_00693-1","Podo","singlet"
"s_008um_00015_00719-1","IC","singlet"
"s_008um_00075_00658-1","Unknown","reject"
"s_008um_00002_00716-1","Unknown","reject"
"s_008um_00093_00661-1","PT","singlet"
"s_008um_00006_00680-1","DCT","singlet"
"s_008um_00093_00656-1","PT","singlet"
"s_008um_00088_00696-1","PT","singlet"
"s_008um_00053_00688-1","FIB","doublet_certain"
"s_008um_00066_00686-1","EC","singlet"
"s_008um_00073_00655-1","PT","singlet"
"s_008um_00083_00709-1","Unknown","reject"
"s_008um_00006_00715-1","Podo","singlet"
"s_008um_00002_00658-1","PT","singlet"
"s_008um_00075_00704-1","Unknown","reject"
"s_008um_00083_00705-1","EC","singlet"
"s_008um_00022_00696-1","Podo","singlet"
"s_008um_00014_00667-1","PT","singlet"
"s_008um_00100_00648-1","VSM/P","singlet"
"s_008um_00038_00676-1","EC","singlet"
"s_008um_00066_00668-1","PT","singlet"
"s_008um_00096_00676-1","PT","singlet"
"s_008um_00123_00697-1","PT","singlet"
"s_008um_00097_00677-1","PT","singlet"
"s_008um_00060_00708-1","Unknown","reject"
"s_008um_00063_00677-1","PC","singlet"
"s_008um_00100_00682-1","EC","singlet"
"s_008um_00054_00654-1","Unknown","reject"
"s_008um_00084_00678-1","DCT","singlet"
"s_008um_00058_00687-1","Unknown","doublet_uncertain"
"s_008um_00082_00676-1","DCT","singlet"
"s_008um_00053_00671-1","PEC","singlet"
"s_008um_00107_00699-1","EC","singlet"
"s_008um_00094_00703-1","EC","singlet"
"s_008um_00080_00645-1","PT","singlet"
"s_008um_00034_00713-1","PT","singlet"
"s_008um_00067_00691-1","PT","singlet"
"s_008um_00012_00673-1","PT","singlet"
"s_008um_00112_00663-1","PT","singlet"
"s_008um_00078_00650-1","Unknown","reject"
"s_008um_00081_00650-1","PT","singlet"
"s_008um_00006_00671-1","PT","singlet"
"s_008um_00045_00657-1","PT","singlet"
"s_008um_00003_00699-1","EC","singlet"
"s_008um_00029_00707-1","PEC","singlet"
"s_008um_00078_00684-1","PT","singlet"
"s_008um_00026_00705-1","EC","doublet_certain"
"s_008um_00100_00671-1","Podo","singlet"
"s_008um_00111_00649-1","PT","singlet"
"s_008um_00090_00679-1","Unknown","doublet_uncertain"
"s_008um_00072_00665-1","PT","singlet"
"s_008um_00018_00713-1","Unknown","doublet_uncertain"
"s_008um_00120_00658-1","Unknown","reject"
"s_008um_00102_00664-1","PT","singlet"
"s_008um_00068_00689-1","PT","singlet"
"s_008um_00070_00712-1","PT","singlet"
"s_008um_00027_00657-1","PT","singlet"
"s_008um_00110_00686-1","Podo","singlet"
"s_008um_00000_00700-1","Unknown","reject"
"s_008um_00091_00645-1","PT","singlet"
"s_008um_00022_00656-1","Unknown","reject"
"s_008um_00018_00709-1","EC","singlet"
"s_008um_00022_00692-1","Podo","singlet"
"s_008um_00016_00683-1","TAL","singlet"
"s_008um_00103_00674-1","PT","singlet"
"s_008um_00098_00674-1","PT","singlet"
"s_008um_00025_00709-1","EC","singlet"
"s_008um_00019_00689-1","Podo","singlet"
"s_008um_00086_00694-1","PT","singlet"
"s_008um_00014_00703-1","EC","singlet"
"s_008um_00082_00677-1","DCT","singlet"
"s_008um_00094_00694-1","Unknown","doublet_uncertain"
"s_008um_00063_00662-1","DCT","singlet"
"s_008um_00071_00671-1","DCT","singlet"
"s_008um_00082_00656-1","PT","singlet"
"s_008um_00099_00684-1","VSM/P","singlet"
"s_008um_00035_00688-1","Podo","singlet"
"s_008um_00096_00677-1","PT","singlet"
"s_008um_00005_00688-1","DCT","singlet"
"s_008um_00082_00674-1","DCT","singlet"
"s_008um_00077_00659-1","Unknown","reject"
"s_008um_00002_00683-1","DCT","singlet"
"s_008um_00016_00712-1","EC","doublet_certain"
"s_008um_00048_00659-1","TAL","singlet"
"s_008um_00008_00702-1","EC","singlet"
"s_008um_00106_00702-1","EC","singlet"
"s_008um_00108_00682-1","Podo","doublet_certain"
"s_008um_00096_00648-1","PT","singlet"
"s_008um_00001_00703-1","EC","singlet"
"s_008um_00071_00710-1","PT","singlet"
"s_008um_00116_00674-1","Podo","singlet"
"s_008um_00001_00720-1","Unknown","reject"
"s_008um_00015_00712-1","EC","singlet"
"s_008um_00084_00673-1","DCT","singlet"
"s_008um_00016_00674-1","FIB","singlet"
"s_008um_00059_00695-1","PT","singlet"
"s_008um_00095_00677-1","PT","singlet"
"s_008um_00011_00673-1","PT","singlet"
"s_008um_00101_00707-1","EC","singlet"
"s_008um_00084_00677-1","DCT","singlet"
"s_008um_00030_00719-1","Unknown","reject"
"s_008um_00021_00708-1","EC","singlet"
"s_008um_00001_00683-1","DCT","singlet"
"s_008um_00103_00651-1","PT","singlet"
"s_008um_00084_00700-1","PT","singlet"
"s_008um_00005_00699-1","Unknown","reject"
"s_008um_00125_00660-1","PT","singlet"
"s_008um_00088_00659-1","PT","singlet"
"s_008um_00089_00699-1","EC","singlet"
"s_008um_00087_00695-1","PT","singlet"
"s_008um_00111_00663-1","PT","singlet"
"s_008um_00027_00711-1","Unknown","reject"
"s_008um_00110_00679-1","EC","singlet"
"s_008um_00046_00719-1","VSM/P","singlet"
"s_008um_00032_00653-1","EC","singlet"
"s_008um_00048_00660-1","PC","singlet"
"s_008um_00113_00706-1","B_PL","singlet"
"s_008um_00049_00719-1","EC","singlet"
"s_008um_00127_00648-1","Unknown","reject"
"s_008um_00000_00688-1","DCT","singlet"
"s_008um_00028_00684-1","Podo","singlet"
"s_008um_00036_00708-1","PT","singlet"
"s_008um_00120_00704-1","FIB","singlet"
"s_008um_00004_00707-1","EC","singlet"
"s_008um_00008_00691-1","Podo","singlet"
"s_008um_00027_00716-1","IC","singlet"
"s_008um_00058_00697-1","Unknown","reject"
"s_008um_00062_00710-1","PT","singlet"
"s_008um_00047_00685-1","Podo","singlet"
"s_008um_00092_00699-1","EC","singlet"
"s_008um_00029_00688-1","Unknown","reject"
"s_008um_00121_00699-1","FIB","singlet"
"s_008um_00060_00669-1","FIB","singlet"
"s_008um_00029_00687-1","Podo","singlet"
"s_008um_00090_00710-1","Unknown","reject"
"s_008um_00093_00702-1","EC","singlet"
"s_008um_00054_00687-1","FIB","doublet_certain"
"s_008um_00059_00651-1","Unknown","reject"
"s_008um_00111_00696-1","EC","singlet"
"s_008um_00086_00690-1","PT","singlet"
"s_008um_00107_00669-1","Unknown","reject"
"s_008um_00097_00680-1","TAL","singlet"
"s_008um_00067_00701-1","PT","singlet"
"s_008um_00055_00717-1","VSM/P","singlet"
"s_008um_00058_00674-1","DTL","singlet"
"s_008um_00088_00683-1","PT","singlet"
"s_008um_00104_00686-1","Podo","doublet_certain"
"s_008um_00005_00666-1","PT","singlet"
"s_008um_00035_00689-1","Podo","singlet"
"s_008um_00061_00675-1","PT","singlet"
"s_008um_00008_00704-1","EC","singlet"
"s_008um_00088_00676-1","DCT","singlet"
"s_008um_00030_00670-1","PT","singlet"
"s_008um_00064_00653-1","DCT","singlet"
"s_008um_00000_00699-1","Mono_Mac","singlet"
"s_008um_00121_00664-1","EC","singlet"
"s_008um_00013_00656-1","EC","singlet"
"s_008um_00046_00713-1","VSM/P","doublet_certain"
"s_008um_00121_00671-1","Unknown","reject"
"s_008um_00091_00683-1","TAL","singlet"
"s_008um_00073_00663-1","PT","singlet"
"s_008um_00082_00654-1","PT","singlet"
"s_008um_00077_00662-1","FIB","singlet"
"s_008um_00104_00702-1","EC","singlet"
"s_008um_00073_00681-1","PT","singlet"
"s_008um_00107_00657-1","PT","doublet_certain"
"s_008um_00033_00701-1","Unknown","reject"
"s_008um_00071_00712-1","PT","singlet"
"s_008um_00026_00678-1","Unknown","doublet_uncertain"
"s_008um_00015_00706-1","EC","singlet"
"s_008um_00037_00689-1","EC","doublet_certain"
"s_008um_00107_00662-1","FIB","singlet"
"s_008um_00078_00701-1","Unknown","doublet_uncertain"
"s_008um_00022_00654-1","Unknown","reject"
"s_008um_00095_00679-1","PT","singlet"
"s_008um_00014_00699-1","EC","singlet"
"s_008um_00065_00678-1","PC","singlet"
"s_008um_00074_00646-1","Unknown","reject"
"s_008um_00070_00680-1","PT","singlet"
"s_008um_00103_00654-1","PT","singlet"
"s_008um_00028_00681-1","FIB","singlet"
"s_008um_00090_00698-1","EC","singlet"
"s_008um_00113_00685-1","Podo","singlet"
"s_008um_00044_00665-1","Unknown","reject"
"s_008um_00091_00689-1","PT","singlet"
"s_008um_00002_00678-1","DCT","singlet"
"s_008um_00037_00692-1","Podo","singlet"
"s_008um_00069_00650-1","Mono_Mac","singlet"
"s_008um_00041_00651-1","TAL","singlet"
"s_008um_00109_00704-1","Unknown","doublet_uncertain"
"s_008um_00117_00689-1","PT","singlet"
"s_008um_00075_00698-1","PC","singlet"
"s_008um_00106_00705-1","EC","singlet"
"s_008um_00127_00664-1","FIB","singlet"
"s_008um_00001_00688-1","DCT","singlet"
"s_008um_00078_00645-1","PT","singlet"
"s_008um_00121_00652-1","PT","singlet"
"s_008um_00024_00657-1","PT","singlet"
"s_008um_00033_00685-1","Podo","singlet"
"s_008um_00045_00717-1","B_PL","singlet"
"s_008um_00104_00673-1","PEC","singlet"
"s_008um_00124_00693-1","PT","singlet"
"s_008um_00103_00698-1","Unknown","reject"
"s_008um_00034_00679-1","Unknown","reject"
"s_008um_00064_00674-1","PT","singlet"
"s_008um_00100_00707-1","Podo","singlet"
"s_008um_00080_00653-1","PT","singlet"
"s_008um_00097_00713-1","EC","singlet"
"s_008um_00056_00719-1","VSM/P","singlet"
"s_008um_00051_00680-1","EC","singlet"
"s_008um_00111_00677-1","Podo","singlet"
"s_008um_00003_00683-1","DCT","singlet"
"s_008um_00041_00706-1","DCT","singlet"
"s_008um_00102_00660-1","FIB","singlet"
"s_008um_00127_00665-1","FIB","singlet"
"s_008um_00099_00697-1","T_NK","singlet"
"s_008um_00104_00651-1","PT","singlet"
"s_008um_00019_00712-1","Unknown","reject"
"s_008um_00002_00682-1","DCT","singlet"
"s_008um_00088_00689-1","PT","singlet"
"s_008um_00086_00682-1","FIB","singlet"
"s_008um_00003_00696-1","Podo","singlet"
"s_008um_00079_00679-1","FIB","singlet"
"s_008um_00123_00686-1","FIB","doublet_certain"
"s_008um_00069_00675-1","DCT","singlet"
"s_008um_00023_00680-1","DCT","singlet"
"s_008um_00124_00698-1","PT","singlet"
"s_008um_00041_00649-1","Unknown","reject"
"s_008um_00065_00688-1","PT","singlet"
"s_008um_00088_00650-1","PT","singlet"
"s_008um_00070_00695-1","FIB","doublet_certain"
"s_008um_00087_00705-1","EC","singlet"
"s_008um_00026_00686-1","IC","singlet"
"s_008um_00090_00690-1","PT","singlet"
"s_008um_00005_00714-1","Podo","singlet"
"s_008um_00078_00698-1","IC","singlet"
"s_008um_00068_00702-1","PT","singlet"
"s_008um_00028_00701-1","Podo","singlet"
"s_008um_00010_00703-1","EC","singlet"
"s_008um_00115_00686-1","Unknown","doublet_uncertain"
"s_008um_00052_00675-1","EC","singlet"
"s_008um_00010_00657-1","PT","singlet"
"s_008um_00011_00717-1","Podo","singlet"
"s_008um_00062_00704-1","PT","singlet"
"s_008um_00043_00712-1","PT","singlet"
"s_008um_00108_00673-1","Podo","singlet"
"s_008um_00080_00668-1","PT","singlet"
"s_008um_00049_00685-1","Podo","doublet_certain"
"s_008um_00108_00685-1","Podo","singlet"
"s_008um_00050_00708-1","VSM/P","singlet"
"s_008um_00026_00654-1","Unknown","reject"
"s_008um_00117_00702-1","EC","singlet"
"s_008um_00102_00687-1","FIB","singlet"
"s_008um_00122_00689-1","PT","singlet"
"s_008um_00003_00672-1","PT","singlet"
"s_008um_00089_00667-1","PT","singlet"
"s_008um_00087_00685-1","PT","singlet"
"s_008um_00106_00678-1","Podo","doublet_certain"
"s_008um_00030_00716-1","IC","singlet"
"s_008um_00032_00706-1","Unknown","doublet_uncertain"
"s_008um_00096_00694-1","B_PL","doublet_certain"
"s_008um_00049_00658-1","Unknown","reject"
"s_008um_00019_00684-1","TAL","singlet"
"s_008um_00068_00681-1","PT","singlet"
"s_008um_00076_00709-1","PT","singlet"
"s_008um_00018_00659-1","EC","singlet"
"s_008um_00096_00700-1","Podo","singlet"
"s_008um_00071_00690-1","Unknown","reject"
"s_008um_00016_00687-1","IC","singlet"
"s_008um_00001_00677-1","Unknown","reject"
"s_008um_00058_00658-1","DCT","singlet"
"s_008um_00092_00703-1","EC","singlet"
"s_008um_00066_00694-1","Unknown","reject"
"s_008um_00117_00656-1","PT","singlet"
"s_008um_00087_00688-1","PT","singlet"
"s_008um_00122_00667-1","Unknown","reject"
"s_008um_00078_00664-1","PT","singlet"
"s_008um_00049_00703-1","Unknown","reject"
"s_008um_00067_00663-1","Unknown","reject"
"s_008um_00090_00651-1","Unknown","reject"
"s_008um_00018_00706-1","EC","singlet"
"s_008um_00073_00661-1","EC","singlet"
"s_008um_00031_00671-1","PT","singlet"
"s_008um_00072_00658-1","PT","singlet"
"s_008um_00057_00706-1","PT","singlet"
"s_008um_00038_00663-1","EC","singlet"
"s_008um_00016_00717-1","IC","singlet"
"s_008um_00029_00684-1","Podo","singlet"
"s_008um_00034_00708-1","PT","singlet"
"s_008um_00111_00668-1","Podo","singlet"
"s_008um_00117_00653-1","PT","singlet"
"s_008um_00079_00668-1","PT","singlet"
"s_008um_00033_00716-1","PT","singlet"
"s_008um_00106_00662-1","FIB","singlet"
"s_008um_00021_00704-1","EC","singlet"
"s_008um_00090_00712-1","EC","singlet"
"s_008um_00015_00665-1","PT","singlet"
"s_008um_00069_00676-1","DCT","singlet"
"s_008um_00011_00707-1","Unknown","doublet_uncertain"
"s_008um_00032_00692-1","FIB","doublet_certain"
"s_008um_00078_00672-1","DCT","singlet"
"s_008um_00044_00657-1","Unknown","reject"
"s_008um_00051_00714-1","VSM/P","singlet"
"s_008um_00031_00663-1","PT","singlet"
"s_008um_00065_00715-1","Unknown","reject"
"s_008um_00055_00680-1","Podo","singlet"
"s_008um_00033_00671-1","Mono_Mac","singlet"
"s_008um_00106_00674-1","Podo","singlet"
"s_008um_00094_00669-1","Unknown","reject"
"s_008um_00114_00691-1","PT","singlet"
"s_008um_00029_00653-1","PT","singlet"
"s_008um_00052_00652-1","PEC","singlet"
"s_008um_00061_00718-1","Unknown","reject"
"s_008um_00010_00713-1","EC","doublet_certain"
"s_008um_00042_00717-1","PT","singlet"
"s_008um_00032_00689-1","Podo","singlet"
"s_008um_00103_00645-1","EC","singlet"
"s_008um_00114_00646-1","PT","singlet"
"s_008um_00119_00694-1","FIB","singlet"
"s_008um_00082_00690-1","PT","singlet"
"s_008um_00038_00687-1","EC","singlet"
"s_008um_00083_00708-1","EC","singlet"
"s_008um_00098_00696-1","EC","singlet"
"s_008um_00005_00661-1","PT","singlet"
"s_008um_00021_00658-1","PT","singlet"
"s_008um_00080_00656-1","PT","singlet"
"s_008um_00038_00718-1","PT","singlet"
"s_008um_00081_00700-1","PT","doublet_certain"
"s_008um_00089_00706-1","EC","singlet"
"s_008um_00076_00666-1","PT","singlet"
"s_008um_00073_00667-1","PT","singlet"
"s_008um_00016_00669-1","PT","singlet"
"s_008um_00040_00693-1","EC","singlet"
"s_008um_00035_00673-1","VSM/P","singlet"
"s_008um_00115_00695-1","Mono_Mac","singlet"
"s_008um_00031_00708-1","Unknown","reject"
"s_008um_00068_00701-1","PT","singlet"
"s_008um_00090_00701-1","EC","singlet"
"s_008um_00096_00713-1","EC","singlet"
"s_008um_00067_00702-1","PT","singlet"
"s_008um_00029_00693-1","Unknown","reject"
"s_008um_00030_00696-1","Unknown","reject"
"s_008um_00056_00677-1","Podo","doublet_certain"
"s_008um_00113_00695-1","EC","singlet"
"s_008um_00007_00662-1","PT","singlet"
"s_008um_00019_00691-1","Unknown","reject"
"s_008um_00005_00708-1","Podo","doublet_certain"
"s_008um_00073_00702-1","Unknown","reject"
"s_008um_00106_00685-1","EC","singlet"
"s_008um_00060_00692-1","PT","singlet"
"s_008um_00022_00665-1","FIB","singlet"
"s_008um_00085_00661-1","PT","singlet"
"s_008um_00100_00656-1","PT","singlet"
"s_008um_00126_00656-1","Unknown","reject"
"s_008um_00117_00690-1","PT","singlet"
"s_008um_00063_00712-1","PT","singlet"
"s_008um_00055_00675-1","Unknown","reject"
"s_008um_00098_00669-1","Unknown","reject"
"s_008um_00116_00678-1","Podo","singlet"
"s_008um_00034_00700-1","Unknown","doublet_uncertain"
"s_008um_00083_00672-1","EC","singlet"
"s_008um_00089_00689-1","PT","singlet"
"s_008um_00010_00707-1","Podo","doublet_certain"
"s_008um_00023_00720-1","IC","singlet"
"s_008um_00112_00674-1","EC","doublet_certain"
"s_008um_00054_00678-1","Podo","singlet"
"s_008um_00035_00656-1","Unknown","reject"
"s_008um_00036_00685-1","VSM/P","singlet"
"s_008um_00126_00650-1","PC","singlet"
"s_008um_00011_00678-1","PT","singlet"
"s_008um_00013_00705-1","EC","doublet_certain"
"s_008um_00036_00713-1","PT","singlet"
"s_008um_00011_00672-1","PT","singlet"
"s_008um_00037_00686-1","EC","doublet_certain"
"s_008um_00113_00687-1","Unknown","doublet_uncertain"
"s_008um_00050_00691-1","FIB","singlet"
"s_008um_00122_00649-1","Unknown","reject"
"s_008um_00017_00677-1","DCT","singlet"
"s_008um_00080_00651-1","Unknown","reject"
"s_008um_00003_00688-1","DCT","singlet"
"s_008um_00073_00699-1","PC","singlet"
"s_008um_00075_00689-1","PT","singlet"
"s_008um_00120_00665-1","PT","singlet"
"s_008um_00031_00667-1","PT","singlet"
"s_008um_00019_00687-1","IC","singlet"
"s_008um_00029_00685-1","Unknown","doublet_uncertain"
"s_008um_00023_00673-1","PT","singlet"
"s_008um_00058_00689-1","B_PL","singlet"
"s_008um_00008_00714-1","Podo","singlet"
"s_008um_00041_00679-1","EC","singlet"
"s_008um_00074_00699-1","PC","singlet"
"s_008um_00051_00715-1","VSM/P","singlet"
"s_008um_00105_00652-1","PT","singlet"
"s_008um_00017_00653-1","PT","singlet"
"s_008um_00109_00691-1","PT","singlet"
"s_008um_00076_00710-1","PT","singlet"
"s_008um_00021_00699-1","EC","doublet_certain"
"s_008um_00046_00714-1","VSM/P","singlet"
"s_008um_00111_00670-1","EC","singlet"
"s_008um_00076_00675-1","DCT","singlet"
"s_008um_00045_00666-1","FIB","doublet_certain"
"s_008um_00069_00659-1","FIB","singlet"
"s_008um_00120_00695-1","PT","singlet"
"s_008um_00016_00681-1","TAL","singlet"
"s_008um_00051_00699-1","DCT","singlet"
"s_008um_00085_00665-1","PT","singlet"
"s_008um_00110_00682-1","Podo","singlet"
"s_008um_00117_00675-1","Podo","singlet"
"s_008um_00043_00700-1","IC","singlet"
"s_008um_00004_00686-1","DCT","singlet"
"s_008um_00097_00709-1","EC","singlet"
"s_008um_00010_00706-1","EC","singlet"
"s_008um_00059_00663-1","Unknown","reject"
"s_008um_00069_00678-1","DCT","singlet"
"s_008um_00052_00705-1","EC","singlet"
"s_008um_00119_00643-1","DCT","singlet"
"s_008um_00075_00669-1","PT","singlet"
"s_008um_00016_00695-1","Podo","singlet"
"s_008um_00090_00678-1","FIB","singlet"
"s_008um_00001_00663-1","PT","singlet"
"s_008um_00057_00648-1","ATL","singlet"
"s_008um_00000_00683-1","EC","doublet_certain"
"s_008um_00070_00661-1","Unknown","reject"
"s_008um_00109_00693-1","PT","singlet"
"s_008um_00055_00699-1","CNT","singlet"
"s_008um_00094_00655-1","PT","singlet"
"s_008um_00083_00650-1","PT","singlet"
"s_008um_00052_00701-1","Unknown","reject"
"s_008um_00125_00692-1","PT","singlet"
"s_008um_00061_00651-1","DCT","singlet"
"s_008um_00120_00699-1","PT","singlet"
"s_008um_00052_00686-1","Podo","singlet"
"s_008um_00035_00662-1","Unknown","reject"
"s_008um_00022_00702-1","EC","singlet"
"s_008um_00110_00677-1","EC","singlet"
"s_008um_00099_00678-1","Unknown","reject"
"s_008um_00042_00715-1","PT","singlet"
"s_008um_00039_00690-1","Podo","singlet"
"s_008um_00040_00709-1","PT","singlet"
"s_008um_00056_00653-1","B_PL","singlet"
"s_008um_00013_00689-1","Podo","singlet"
"s_008um_00037_00670-1","VSM/P","singlet"
"s_008um_00090_00674-1","DCT","singlet"
"s_008um_00042_00659-1","PC","singlet"
"s_008um_00078_00702-1","PT","singlet"
"s_008um_00033_00664-1","PT","singlet"
"s_008um_00096_00654-1","PT","singlet"
"s_008um_00068_00696-1","Unknown","doublet_uncertain"
"s_008um_00012_00703-1","EC","doublet_certain"
"s_008um_00077_00693-1","FIB","singlet"
"s_008um_00037_00669-1","VSM/P","singlet"
"s_008um_00015_00720-1","IC","singlet"
"s_008um_00005_00704-1","EC","singlet"
"s_008um_00056_00699-1","IC","singlet"
"s_008um_00067_00665-1","PT","singlet"
"s_008um_00104_00681-1","EC","singlet"
"s_008um_00000_00682-1","DCT","singlet"
"s_008um_00008_00683-1","Unknown","doublet_uncertain"
"s_008um_00096_00708-1","EC","singlet"
"s_008um_00086_00700-1","Unknown","reject"
"s_008um_00006_00667-1","PT","singlet"
"s_008um_00027_00690-1","Unknown","doublet_uncertain"
"s_008um_00096_00691-1","PT","singlet"
"s_008um_00103_00666-1","PT","singlet"
"s_008um_00002_00667-1","PT","singlet"
"s_008um_00037_00707-1","Unknown","reject"
"s_008um_00091_00698-1","EC","singlet"
"s_008um_00045_00697-1","Unknown","reject"
"s_008um_00011_00715-1","Podo","doublet_certain"
"s_008um_00010_00666-1","PT","singlet"
"s_008um_00008_00709-1","Podo","doublet_certain"
"s_008um_00023_00667-1","PT","singlet"
"s_008um_00014_00685-1","IC","singlet"
"s_008um_00015_00704-1","EC","singlet"
"s_008um_00118_00662-1","PT","singlet"
"s_008um_00037_00682-1","EC","doublet_certain"
"s_008um_00002_00697-1","Podo","singlet"
"s_008um_00034_00685-1","Podo","singlet"
"s_008um_00124_00690-1","PT","singlet"
"s_008um_00008_00707-1","Unknown","doublet_uncertain"
"s_008um_00037_00718-1","PT","singlet"
"s_008um_00123_00675-1","Podo","singlet"
"s_008um_00112_00673-1","EC","singlet"
"s_008um_00105_00707-1","EC","singlet"
"s_008um_00069_00701-1","PT","singlet"
"s_008um_00080_00713-1","Unknown","reject"
"s_008um_00037_00663-1","TAL","singlet"
"s_008um_00122_00648-1","PT","singlet"
"s_008um_00054_00663-1","B_PL","singlet"
"s_008um_00034_00705-1","IC","singlet"
"s_008um_00040_00681-1","Podo","singlet"
"s_008um_00033_00667-1","PT","singlet"
"s_008um_00009_00721-1","IC","doublet_certain"
"s_008um_00112_00687-1","FIB","singlet"
"s_008um_00052_00696-1","Unknown","doublet_uncertain"
"s_008um_00077_00701-1","Unknown","reject"
"s_008um_00088_00706-1","Podo","singlet"
"s_008um_00078_00691-1","FIB","singlet"
"s_008um_00075_00702-1","Unknown","reject"
"s_008um_00072_00657-1","PT","singlet"
"s_008um_00073_00691-1","EC","singlet"
"s_008um_00025_00711-1","Podo","singlet"
"s_008um_00011_00669-1","PT","singlet"
"s_008um_00036_00673-1","VSM/P","singlet"
"s_008um_00065_00713-1","EC","singlet"
"s_008um_00008_00689-1","DCT","doublet_certain"
"s_008um_00091_00664-1","Unknown","reject"
"s_008um_00043_00668-1","VSM/P","singlet"
"s_008um_00097_00676-1","PT","singlet"
"s_008um_00048_00680-1","Podo","doublet_certain"
"s_008um_00117_00668-1","PEC","doublet_certain"
"s_008um_00004_00695-1","Podo","singlet"
"s_008um_00023_00703-1","EC","singlet"
"s_008um_00064_00716-1","PT","singlet"
"s_008um_00074_00704-1","PT","singlet"
"s_008um_00056_00682-1","Unknown","doublet_uncertain"
"s_008um_00099_00712-1","EC","singlet"
"s_008um_00056_00672-1","Unknown","reject"
"s_008um_00038_00689-1","Podo","doublet_certain"
"s_008um_00112_00679-1","Unknown","doublet_uncertain"
"s_008um_00079_00699-1","Unknown","reject"
"s_008um_00104_00655-1","Unknown","reject"
"s_008um_00006_00690-1","DCT","singlet"
"s_008um_00031_00717-1","PT","doublet_certain"
"s_008um_00095_00694-1","FIB","doublet_certain"
"s_008um_00114_00690-1","PT","singlet"
"s_008um_00046_00707-1","PT","singlet"
"s_008um_00034_00674-1","Unknown","reject"
"s_008um_00058_00708-1","PT","singlet"
"s_008um_00015_00710-1","EC","doublet_certain"
"s_008um_00068_00715-1","Unknown","reject"
"s_008um_00021_00657-1","PT","singlet"
"s_008um_00126_00679-1","Unknown","doublet_uncertain"
"s_008um_00034_00695-1","Unknown","doublet_uncertain"
"s_008um_00108_00652-1","PT","singlet"
"s_008um_00097_00655-1","PT","singlet"
"s_008um_00036_00716-1","PT","singlet"
"s_008um_00079_00677-1","DCT","singlet"
"s_008um_00094_00705-1","EC","singlet"
"s_008um_00017_00703-1","EC","singlet"
"s_008um_00040_00710-1","EC","singlet"
"s_008um_00068_00659-1","FIB","singlet"
"s_008um_00075_00655-1","FIB","singlet"
"s_008um_00056_00700-1","IC","singlet"
"s_008um_00123_00658-1","PT","singlet"
"s_008um_00042_00708-1","PT","singlet"
"s_008um_00063_00669-1","Unknown","reject"
"s_008um_00058_00686-1","B_PL","singlet"
"s_008um_00068_00653-1","EC","singlet"
"s_008um_00029_00660-1","PT","singlet"
"s_008um_00093_00682-1","TAL","singlet"
"s_008um_00072_00654-1","EC","singlet"
"s_008um_00039_00704-1","Unknown","doublet_uncertain"
"s_008um_00123_00698-1","PT","singlet"
"s_008um_00118_00691-1","Unknown","reject"
"s_008um_00031_00716-1","PT","doublet_certain"
"s_008um_00010_00667-1","PT","singlet"
"s_008um_00011_00692-1","Unknown","doublet_uncertain"
"s_008um_00044_00652-1","Unknown","reject"
"s_008um_00010_00718-1","Unknown","reject"
"s_008um_00039_00676-1","EC","singlet"
"s_008um_00020_00716-1","Unknown","reject"
"s_008um_00053_00704-1","FIB","singlet"
"s_008um_00106_00677-1","EC","doublet_certain"
"s_008um_00068_00711-1","PT","singlet"
"s_008um_00057_00699-1","IC","singlet"
"s_008um_00028_00653-1","Unknown","reject"
"s_008um_00020_00672-1","Unknown","reject"
"s_008um_00127_00697-1","PT","singlet"
"s_008um_00028_00664-1","PT","doublet_certain"
"s_008um_00052_00700-1","Unknown","doublet_uncertain"
"s_008um_00046_00691-1","Podo","singlet"
"s_008um_00111_00650-1","PT","singlet"
"s_008um_00115_00684-1","Podo","singlet"
"s_008um_00000_00671-1","PT","singlet"
"s_008um_00008_00712-1","EC","doublet_certain"
"s_008um_00125_00701-1","PT","singlet"
"s_008um_00121_00658-1","PT","singlet"
"s_008um_00068_00675-1","DCT","singlet"
"s_008um_00110_00641-1","PT","singlet"
"s_008um_00044_00656-1","PC","singlet"
"s_008um_00084_00695-1","PT","singlet"
"s_008um_00084_00713-1","Mono_Mac","singlet"
"s_008um_00030_00656-1","PT","singlet"
"s_008um_00097_00650-1","PT","singlet"
"s_008um_00026_00653-1","Unknown","reject"
"s_008um_00037_00675-1","Unknown","reject"
"s_008um_00072_00672-1","DCT","singlet"
"s_008um_00066_00672-1","Unknown","reject"
"s_008um_00013_00718-1","Unknown","doublet_uncertain"
"s_008um_00057_00693-1","PT","singlet"
"s_008um_00053_00678-1","Podo","doublet_certain"
"s_008um_00028_00717-1","IC","singlet"
"s_008um_00120_00659-1","PT","singlet"
"s_008um_00065_00649-1","Unknown","reject"
"s_008um_00074_00714-1","PT","singlet"
"s_008um_00054_00686-1","Podo","singlet"
"s_008um_00097_00660-1","PT","singlet"
"s_008um_00121_00661-1","PT","singlet"
"s_008um_00105_00660-1","Unknown","reject"
"s_008um_00113_00672-1","EC","singlet"
"s_008um_00079_00707-1","Unknown","reject"
"s_008um_00013_00675-1","PT","singlet"
"s_008um_00030_00679-1","Unknown","reject"
"s_008um_00047_00675-1","Podo","doublet_certain"
"s_008um_00121_00643-1","EC","singlet"
"s_008um_00072_00710-1","PT","singlet"
"s_008um_00124_00652-1","Unknown","reject"
"s_008um_00031_00721-1","VSM/P","singlet"
"s_008um_00041_00653-1","Unknown","reject"
"s_008um_00056_00667-1","Unknown","reject"
"s_008um_00055_00681-1","Podo","singlet"
"s_008um_00031_00706-1","Unknown","reject"
"s_008um_00075_00648-1","Unknown","reject"
"s_008um_00013_00670-1","PT","singlet"
"s_008um_00013_00679-1","DCT","singlet"
"s_008um_00000_00714-1","PT","singlet"
"s_008um_00123_00642-1","Unknown","reject"
"s_008um_00041_00703-1","IC","singlet"
"s_008um_00105_00653-1","B_PL","singlet"
"s_008um_00074_00710-1","PT","singlet"
"s_008um_00059_00675-1","B_PL","singlet"
"s_008um_00021_00687-1","IC","singlet"
"s_008um_00074_00657-1","PT","singlet"
"s_008um_00051_00705-1","FIB","singlet"
"s_008um_00069_00681-1","PT","singlet"
"s_008um_00103_00676-1","Unknown","doublet_uncertain"
"s_008um_00032_00697-1","Unknown","doublet_uncertain"
"s_008um_00068_00665-1","PT","singlet"
"s_008um_00050_00670-1","Unknown","doublet_uncertain"
"s_008um_00059_00718-1","Unknown","reject"
"s_008um_00126_00696-1","PT","singlet"
"s_008um_00086_00713-1","FIB","singlet"
"s_008um_00039_00658-1","EC","singlet"
"s_008um_00106_00682-1","Podo","singlet"
"s_008um_00043_00662-1","PC","singlet"
"s_008um_00001_00667-1","PT","singlet"
"s_008um_00021_00660-1","PT","singlet"
"s_008um_00062_00652-1","Unknown","reject"
"s_008um_00030_00720-1","PT","singlet"
"s_008um_00110_00706-1","B_PL","singlet"
"s_008um_00086_00651-1","PT","singlet"
"s_008um_00077_00652-1","TAL","singlet"
"s_008um_00092_00687-1","PT","singlet"
"s_008um_00027_00668-1","PT","singlet"
"s_008um_00083_00674-1","DCT","singlet"
"s_008um_00114_00667-1","FIB","singlet"
"s_008um_00051_00711-1","VSM/P","singlet"
"s_008um_00059_00676-1","Unknown","reject"
"s_008um_00029_00712-1","PT","doublet_certain"
"s_008um_00041_00666-1","TAL","doublet_certain"
"s_008um_00089_00673-1","Unknown","reject"
"s_008um_00125_00649-1","Unknown","reject"
"s_008um_00021_00707-1","EC","singlet"
"s_008um_00107_00647-1","PT","singlet"
"s_008um_00071_00702-1","Unknown","doublet_uncertain"
"s_008um_00103_00663-1","PT","singlet"
"s_008um_00049_00672-1","EC","singlet"
"s_008um_00097_00711-1","EC","singlet"
"s_008um_00124_00700-1","PT","singlet"
"s_008um_00010_00695-1","EC","singlet"
"s_008um_00039_00668-1","VSM/P","singlet"
"s_008um_00026_00717-1","IC","singlet"
"s_008um_00066_00685-1","PT","singlet"
"s_008um_00086_00697-1","PT","singlet"
"s_008um_00059_00704-1","Unknown","reject"
"s_008um_00105_00679-1","Podo","singlet"
"s_008um_00078_00686-1","PT","singlet"
"s_008um_00001_00715-1","PT","singlet"
"s_008um_00113_00691-1","PT","singlet"
"s_008um_00107_00661-1","B_PL","singlet"
"s_008um_00014_00679-1","DCT","singlet"
"s_008um_00121_00675-1","Podo","singlet"
"s_008um_00040_00687-1","EC","singlet"
"s_008um_00073_00689-1","Unknown","reject"
"s_008um_00001_00676-1","PT","singlet"
"s_008um_00068_00662-1","FIB","singlet"
"s_008um_00082_00652-1","PT","singlet"
"s_008um_00007_00717-1","Unknown","reject"
"s_008um_00079_00648-1","Unknown","reject"
"s_008um_00030_00669-1","PT","singlet"
"s_008um_00126_00677-1","B_PL","singlet"
"s_008um_00025_00685-1","IC","singlet"
"s_008um_00067_00674-1","DCT","singlet"
"s_008um_00126_00698-1","PT","singlet"
"s_008um_00042_00665-1","VSM/P","doublet_certain"
"s_008um_00110_00648-1","PT","doublet_certain"
"s_008um_00075_00663-1","PT","singlet"
"s_008um_00029_00717-1","IC","singlet"
"s_008um_00075_00677-1","DCT","singlet"
"s_008um_00125_00697-1","PT","singlet"
"s_008um_00058_00655-1","DCT","singlet"
"s_008um_00053_00669-1","Unknown","doublet_uncertain"
"s_008um_00003_00692-1","Unknown","doublet_uncertain"
"s_008um_00044_00671-1","Podo","singlet"
"s_008um_00056_00703-1","IC","singlet"
"s_008um_00030_00707-1","Podo","singlet"
"s_008um_00003_00717-1","Unknown","doublet_uncertain"
"s_008um_00123_00656-1","Unknown","reject"
"s_008um_00028_00674-1","Unknown","reject"
"s_008um_00059_00679-1","EC","doublet_certain"
"s_008um_00092_00680-1","TAL","singlet"
"s_008um_00031_00674-1","VSM/P","singlet"
"s_008um_00049_00650-1","Unknown","reject"
"s_008um_00021_00721-1","PapE","singlet"
"s_008um_00092_00644-1","PT","singlet"
"s_008um_00087_00680-1","PT","singlet"
"s_008um_00096_00668-1","PT","singlet"
"s_008um_00079_00666-1","PT","singlet"
"s_008um_00009_00706-1","Unknown","doublet_uncertain"
"s_008um_00107_00708-1","Unknown","reject"
"s_008um_00014_00674-1","Unknown","reject"
"s_008um_00043_00694-1","EC","singlet"
"s_008um_00075_00666-1","PT","singlet"
"s_008um_00066_00678-1","Unknown","reject"
"s_008um_00015_00658-1","PT","singlet"
"s_008um_00069_00715-1","PT","singlet"
"s_008um_00126_00662-1","FIB","doublet_certain"
"s_008um_00062_00677-1","Unknown","doublet_uncertain"
"s_008um_00049_00680-1","EC","doublet_certain"
"s_008um_00024_00659-1","PT","singlet"
"s_008um_00110_00698-1","Unknown","reject"
"s_008um_00127_00662-1","PT","singlet"
"s_008um_00082_00680-1","Unknown","reject"
"s_008um_00062_00667-1","FIB","singlet"
"s_008um_00062_00687-1","B_PL","singlet"
"s_008um_00075_00684-1","PT","singlet"
"s_008um_00064_00700-1","PC","doublet_certain"
"s_008um_00017_00695-1","Podo","singlet"
"s_008um_00072_00675-1","DCT","singlet"
"s_008um_00068_00698-1","EC","singlet"
"s_008um_00114_00662-1","PT","singlet"
"s_008um_00072_00679-1","PT","singlet"
"s_008um_00109_00706-1","Unknown","reject"
"s_008um_00077_00687-1","PT","singlet"
"s_008um_00098_00707-1","EC","singlet"
"s_008um_00085_00686-1","PT","singlet"
"s_008um_00099_00647-1","PT","singlet"
"s_008um_00074_00672-1","DCT","singlet"
"s_008um_00053_00674-1","EC","singlet"
"s_008um_00012_00674-1","PT","singlet"
"s_008um_00052_00703-1","FIB","singlet"
"s_008um_00023_00700-1","EC","doublet_certain"
"s_008um_00117_00646-1","PT","singlet"
"s_008um_00103_00708-1","EC","singlet"
"s_008um_00022_00671-1","PT","singlet"
"s_008um_00093_00710-1","EC","singlet"
"s_008um_00076_00670-1","DCT","singlet"
"s_008um_00111_00680-1","Podo","singlet"
"s_008um_00110_00693-1","PT","singlet"
"s_008um_00108_00671-1","Podo","doublet_certain"
"s_008um_00067_00700-1","Unknown","reject"
"s_008um_00035_00651-1","Unknown","reject"
"s_008um_00088_00684-1","Unknown","reject"
"s_008um_00086_00712-1","Unknown","reject"
"s_008um_00040_00711-1","EC","singlet"
"s_008um_00103_00669-1","PT","singlet"
"s_008um_00004_00685-1","DCT","singlet"
"s_008um_00062_00706-1","FIB","singlet"
"s_008um_00072_00703-1","PT","singlet"
"s_008um_00051_00696-1","CNT","singlet"
"s_008um_00081_00713-1","DCT","singlet"
"s_008um_00005_00681-1","DCT","singlet"
"s_008um_00088_00698-1","EC","singlet"
"s_008um_00046_00665-1","PC","doublet_certain"
"s_008um_00098_00656-1","PT","singlet"
"s_008um_00076_00646-1","Unknown","reject"
"s_008um_00123_00661-1","PT","singlet"
"s_008um_00066_00697-1","PC","singlet"
"s_008um_00121_00683-1","B_PL","singlet"
"s_008um_00038_00685-1","Podo","doublet_certain"
"s_008um_00047_00677-1","Podo","singlet"
"s_008um_00092_00669-1","Unknown","reject"
"s_008um_00095_00658-1","PT","singlet"
"s_008um_00103_00705-1","EC","singlet"
"s_008um_00051_00713-1","VSM/P","doublet_certain"
"s_008um_00088_00690-1","PT","singlet"
"s_008um_00101_00643-1","EC","singlet"
"s_008um_00092_00678-1","Unknown","reject"
"s_008um_00112_00694-1","EC","singlet"
"s_008um_00001_00682-1","DCT","singlet"
"s_008um_00050_00665-1","Unknown","doublet_uncertain"
"s_008um_00057_00662-1","PT","singlet"
"s_008um_00034_00699-1","FIB","doublet_certain"
"s_008um_00091_00673-1","EC","singlet"
"s_008um_00034_00711-1","PT","singlet"
"s_008um_00020_00711-1","EC","singlet"
"s_008um_00072_00700-1","PC","singlet"
"s_008um_00045_00680-1","EC","singlet"
"s_008um_00036_00676-1","VSM/P","singlet"
"s_008um_00006_00698-1","EC","singlet"
"s_008um_00027_00713-1","EC","singlet"
"s_008um_00015_00657-1","PT","singlet"
"s_008um_00092_00706-1","EC","singlet"
"s_008um_00017_00706-1","EC","singlet"
"s_008um_00047_00716-1","VSM/P","singlet"
"s_008um_00066_00699-1","PC","singlet"
"s_008um_00108_00689-1","PT","singlet"
"s_008um_00051_00710-1","VSM/P","doublet_certain"
"s_008um_00127_00679-1","Unknown","reject"
"s_008um_00105_00690-1","PT","singlet"
"s_008um_00082_00693-1","Unknown","reject"
"s_008um_00008_00679-1","DCT","singlet"
"s_008um_00051_00671-1","PEC","doublet_certain"
"s_008um_00055_00665-1","EC","singlet"
"s_008um_00097_00651-1","PT","singlet"
"s_008um_00046_00703-1","DCT","singlet"
"s_008um_00050_00714-1","VSM/P","singlet"
"s_008um_00115_00698-1","PT","singlet"
"s_008um_00076_00663-1","PT","singlet"
"s_008um_00067_00711-1","PT","singlet"
"s_008um_00014_00710-1","Podo","doublet_certain"
"s_008um_00105_00710-1","Podo","singlet"
"s_008um_00006_00689-1","DCT","doublet_certain"
"s_008um_00095_00662-1","PT","singlet"
"s_008um_00100_00647-1","PT","singlet"
"s_008um_00102_00695-1","PT","singlet"
"s_008um_00045_00653-1","Unknown","reject"
"s_008um_00095_00686-1","TAL","singlet"
"s_008um_00023_00665-1","EC","singlet"
"s_008um_00029_00657-1","PT","singlet"
"s_008um_00016_00707-1","EC","singlet"
"s_008um_00085_00659-1","PT","singlet"
"s_008um_00054_00655-1","DCT","singlet"
"s_008um_00048_00698-1","IC","singlet"
"s_008um_00124_00655-1","IC","singlet"
"s_008um_00059_00662-1","PT","singlet"
"s_008um_00112_00640-1","EC","singlet"
"s_008um_00086_00668-1","PT","singlet"
"s_008um_00086_00709-1","EC","singlet"
"s_008um_00036_00672-1","VSM/P","singlet"
"s_008um_00095_00678-1","PT","singlet"
"s_008um_00030_00698-1","Podo","singlet"
"s_008um_00097_00649-1","PT","singlet"
"s_008um_00112_00668-1","PEC","singlet"
"s_008um_00041_00675-1","VSM/P","singlet"
"s_008um_00110_00707-1","EC","singlet"
"s_008um_00035_00704-1","IC","singlet"
"s_008um_00050_00719-1","EC","singlet"
"s_008um_00063_00656-1","DCT","singlet"
"s_008um_00024_00677-1","Unknown","doublet_uncertain"
"s_008um_00026_00690-1","Unknown","reject"
"s_008um_00064_00712-1","PT","singlet"
"s_008um_00087_00650-1","PT","singlet"
"s_008um_00009_00679-1","DCT","singlet"
"s_008um_00067_00668-1","Unknown","reject"
"s_008um_00025_00669-1","PT","singlet"
"s_008um_00019_00702-1","EC","singlet"
"s_008um_00032_00694-1","FIB","doublet_certain"
"s_008um_00105_00688-1","ATL","singlet"
"s_008um_00126_00676-1","B_PL","singlet"
"s_008um_00101_00664-1","PT","singlet"
"s_008um_00081_00706-1","Unknown","reject"
"s_008um_00060_00706-1","Unknown","reject"
"s_008um_00023_00659-1","PT","singlet"
"s_008um_00071_00650-1","Unknown","reject"
"s_008um_00051_00689-1","Unknown","doublet_uncertain"
"s_008um_00041_00671-1","EC","singlet"
"s_008um_00090_00699-1","EC","singlet"
"s_008um_00091_00667-1","PT","singlet"
"s_008um_00100_00642-1","Unknown","reject"
"s_008um_00004_00691-1","DCT","singlet"
"s_008um_00122_00688-1","PT","singlet"
"s_008um_00051_00666-1","Unknown","doublet_uncertain"
